[2026-07-15 20:10:23] [orchestrator] all 9 agents started on NIFTY+BANKNIFTY+FINNIFTY+SENSEX (PAPER)
[2026-07-15 20:10:23] [learning] journal: 0 trades, P&L ₹0
[2026-07-15 20:18:58] [orchestrator] agents stopped
[2026-07-15 20:19:00] [orchestrator] all 9 agents started on NIFTY+BANKNIFTY+FINNIFTY+SENSEX (PAPER)
[2026-07-15 20:19:31] [risk] REJECTED manual order — ✓ autopilot not halted (consecutive losses) · ✗ market open · ✓ no open position · ✓ trades 0/3 · ✓ confidence 95≥70 · ✓ valid price points · ✓ risk-reward 2.0 ≥ 1:2 · ✓ strike 24100.0 not OTM (ATM 24100.0) · ✓ no fresh news-risk block · ✓ daily loss limit (risking ₹3000, day P&L ₹0) · ✓ fresh NIFTY data (2s old)
[2026-07-15 20:52:19] [orchestrator] all 9 agents started on NIFTY+BANKNIFTY+FINNIFTY+SENSEX (PAPER)
[2026-07-15 20:52:19] [learning] journal: 0 trades, P&L ₹0
[2026-07-15 20:52:25] [news] 🔔[HIGH] : News risk event: Sensex gains and Nifty remains above key levels amid easing tensions
[2026-07-15 20:53:32] [risk] REJECTED manual order — ✓ autopilot not halted (consecutive losses) · ✗ market open · ✓ no open position · ✓ trades 0/3 · ✗ confidence 60≥70 · ✓ valid price points · ✗ risk-reward 1.0 ≥ 1:2 · ✓ strike 24100.0 not OTM (ATM 24100.0) · ✗ news risk active (<20m old) · ✓ daily loss limit (risking ₹3116, day P&L ₹0) · ✓ fresh NIFTY data (3s old)
[2026-07-15 21:02:36] [risk] REJECTED manual order — ✓ autopilot not halted (consecutive losses) · ✗ market open · ✓ no open position · ✓ trades 0/3 · ✓ confidence 80≥70 · ✓ valid price points · ✗ risk-reward 0.4 ≥ 1:2 · ✓ strike 57800 not OTM (ATM 57800.0) · ✗ news risk active (<20m old) · ✓ daily loss limit (risking ₹4898, day P&L ₹0) · ✓ fresh BANKNIFTY data (4s old)
[2026-07-15 21:43:18] [market_data] ⚠ NSE did not return data for FINNIFTY (last: HTTP 200 on option-chain-v3). Note: FINNIFTY/MIDCPNIFTY now trade monthly-only and NSE may not publish a chain for them on all endpoints. If NIFTY also fails, wait 2-3 min (throttling) or use a broker feed.
[2026-07-15 21:47:37] [orchestrator] all 9 agents started on NIFTY+BANKNIFTY+FINNIFTY+SENSEX (PAPER)
[2026-07-15 21:47:37] [learning] journal: 0 trades, P&L ₹0
[2026-07-15 21:47:40] [news] 🔔[HIGH] : News risk event: Indian indices ended higher amid easing US-Iran tensions
[2026-07-16 09:08:51] [orchestrator] all 10 agents started on NIFTY+BANKNIFTY+FINNIFTY+SENSEX (PAPER)
[2026-07-16 09:16:14] [orchestrator] all 9 agents started on NIFTY+BANKNIFTY+FINNIFTY+SENSEX (PAPER)
[2026-07-16 09:17:19] [strategy] SENSEX: BUY_CE 77400.0 conf 95%
[2026-07-16 09:17:19] [strategy] 🔔[MEDIUM] SENSEX: BUY CE 77400.0 signal generated (confidence 95%)
[2026-07-16 09:17:24] [risk] APPROVED — ✓ autopilot not halted (consecutive losses) · ✓ market open · ✓ no open position · ✓ trades 0/3 · ✓ confidence 95≥70 · ✓ valid price points · ✓ risk-reward 2.0 ≥ 1:2 · ✓ strike 77400.0 not OTM (ATM 77400.0) · ✓ no fresh news-risk block · ✓ daily loss limit (risking ₹1172, day P&L ₹0) · ✓ fresh SENSEX data (1s old)
[2026-07-16 09:17:24] [risk] 🔔[HIGH] SENSEX: Order APPROVED: BUY CE 77400.0 — awaiting execution
[2026-07-16 09:17:24] [execution] auto-execute OFF: order waits for manual confirm in dashboard
[2026-07-16 09:19:19] [strategy] SENSEX: BUY_CE 77500.0 conf 95%
[2026-07-16 09:19:19] [strategy] 🔔[MEDIUM] SENSEX: BUY CE 77500.0 signal generated (confidence 95%)
[2026-07-16 09:19:24] [risk] APPROVED — ✓ autopilot not halted (consecutive losses) · ✓ market open · ✓ no open position · ✓ trades 0/3 · ✓ confidence 95≥70 · ✓ valid price points · ✓ risk-reward 2.0 ≥ 1:2 · ✓ strike 77500.0 not OTM (ATM 77500.0) · ✓ no fresh news-risk block · ✓ daily loss limit (risking ₹978, day P&L ₹0) · ✓ fresh SENSEX data (2s old)
[2026-07-16 09:19:24] [risk] 🔔[HIGH] SENSEX: Order APPROVED: BUY CE 77500.0 — awaiting execution
[2026-07-16 09:19:24] [execution] auto-execute OFF: order waits for manual confirm in dashboard
[2026-07-16 09:21:19] [strategy] SENSEX: BUY_CE 77400.0 conf 95%
[2026-07-16 09:21:19] [strategy] 🔔[MEDIUM] SENSEX: BUY CE 77400.0 signal generated (confidence 95%)
[2026-07-16 09:21:21] [execution] 📄 PAPER BUY 20 x SENSEX 77500.0 CE @ ₹162.75
[2026-07-16 09:21:21] [execution] 🔔[HIGH] SENSEX: PAPER entry: BUY 20 x SENSEX 77500.0 CE @ ₹162.75
[2026-07-16 09:21:24] [risk] REJECTED — ✓ autopilot not halted (consecutive losses) · ✓ market open · ✗ no open position · ✓ trades 1/3 · ✓ confidence 95≥70 · ✓ valid price points · ✓ risk-reward 2.0 ≥ 1:2 · ✓ strike 77400.0 not OTM (ATM 77400.0) · ✓ no fresh news-risk block · ✓ daily loss limit (risking ₹1112, day P&L ₹0) · ✓ fresh SENSEX data (2s old)
[2026-07-16 09:21:24] [risk] 🔔[LOW] SENSEX: Signal REJECTED (95% conf): ✗ no open position
[2026-07-16 09:28:05] [execution] 📄 PAPER SELL 20 x SENSEX 77500.0 CE @ ₹105.85 — stoploss (₹105.85 ≤ ₹113.9) · P&L ₹-1138
[2026-07-16 09:28:05] [execution] 🔔[HIGH] SENSEX: Exited 77500.0 CE — stoploss (₹105.85 ≤ ₹113.9) — P&L ₹-1138
[2026-07-16 09:28:19] [strategy] SENSEX: BUY_CE 77400.0 conf 95%
[2026-07-16 09:28:19] [strategy] 🔔[MEDIUM] SENSEX: BUY CE 77400.0 signal generated (confidence 95%)
[2026-07-16 09:28:24] [risk] REJECTED — ✓ autopilot not halted (consecutive losses) · ✗ cooldown (0m/15m since last loss) · ✓ market open · ✓ no open position · ✓ trades 1/10 · ✓ confidence 95≥70 · ✓ valid price points · ✓ risk-reward 2.0 ≥ 1:2 · ✓ strike 77400.0 not OTM (ATM 77400.0) · ✓ no fresh news-risk block · ✓ daily loss limit (risking ₹934, day P&L ₹-1138) · ✓ fresh SENSEX data (1s old)
[2026-07-16 09:28:24] [risk] 🔔[LOW] SENSEX: Signal REJECTED (95% conf): ✗ cooldown (0m/15m since last loss)
[2026-07-16 09:30:19] [strategy] hard-reject reason present; 15-min backoff
[2026-07-16 09:30:28] [risk] REJECTED manual order — ✓ autopilot not halted (consecutive losses) · ✗ cooldown (2m/15m since last loss) · ✓ market open · ✓ no open position · ✓ trades 1/10 · ✓ confidence 95≥70 · ✓ valid price points · ✓ risk-reward 2.0 ≥ 1:2 · ✓ strike 77400.0 not OTM (ATM 77400.0) · ✓ no fresh news-risk block · ✓ daily loss limit (risking ₹934, day P&L ₹-1138) · ✓ fresh SENSEX data (4s old)
[2026-07-16 09:41:38] [risk] REJECTED manual order — ✓ autopilot not halted (consecutive losses) · ✗ cooldown (14m/15m since last loss) · ✓ market open · ✓ no open position · ✓ trades 1/10 · ✓ confidence 95≥70 · ✓ valid price points · ✓ risk-reward 2.0 ≥ 1:2 · ✓ strike 77400.0 not OTM (ATM 77400.0) · ✓ no fresh news-risk block · ✓ daily loss limit (risking ₹822, day P&L ₹-1138) · ✓ fresh SENSEX data (6s old)
[2026-07-16 09:45:35] [strategy] hard-reject reason present; 15-min backoff
[2026-07-16 09:45:42] [execution] 📄 PAPER BUY 20 x SENSEX 77400.0 CE @ ₹161.6
[2026-07-16 09:45:42] [execution] 🔔[HIGH] SENSEX: PAPER entry: BUY 20 x SENSEX 77400.0 CE @ ₹161.6
[2026-07-16 09:46:25] [execution] 📄 PAPER SELL 20 x SENSEX 77400.0 CE @ ₹158.95 — spot invalidation (77397 vs 77400.0) · P&L ₹-53
[2026-07-16 09:46:25] [execution] 🔔[HIGH] SENSEX: Exited 77400.0 CE — spot invalidation (77397 vs 77400.0) — P&L ₹-53
[2026-07-16 09:46:25] [risk] 🔔[HIGH] SENSEX: AUTOPILOT HALTED — 2 losses in a row. Change to manual or reset in Settings.
[2026-07-16 09:50:39] [orchestrator] agents stopped
[2026-07-16 09:50:44] [orchestrator] all 9 agents started on NIFTY+BANKNIFTY+FINNIFTY+SENSEX (PAPER)
[2026-07-16 09:50:49] [strategy] SENSEX: BUY_PE 77400.0 conf 80%
[2026-07-16 09:50:49] [strategy] 🔔[MEDIUM] SENSEX: BUY PE 77400.0 signal generated (confidence 80%)
[2026-07-16 09:50:54] [risk] REJECTED — ✓ autopilot not halted (consecutive losses) · ✓ market open · ✓ no open position · ✓ trades 2/10 · ✓ confidence 80≥70 · ✓ valid price points · ✗ risk-reward 1.3 ≥ 1:2 · ✓ strike 77400.0 not OTM (ATM 77300.0) · ✓ no fresh news-risk block · ✓ daily loss limit (risking ₹916, day P&L ₹0) · ✓ fresh SENSEX data (4s old)
[2026-07-16 09:50:54] [risk] 🔔[LOW] SENSEX: Signal REJECTED (80% conf): ✗ risk-reward 1.3 ≥ 1:2
[2026-07-16 09:51:57] [risk] REJECTED manual order — ✓ autopilot not halted (consecutive losses) · ✓ market open · ✓ no open position · ✓ trades 2/10 · ✓ confidence 80≥70 · ✓ valid price points · ✓ risk-reward 2.0 ≥ 1:2 · ✓ no fresh news-risk block · ✗ daily loss limit (risking ₹5250, day P&L ₹0) · ✓ fresh NIFTY data (7s old)
[2026-07-16 09:52:49] [strategy] hard-reject reason present; 15-min backoff
[2026-07-16 10:05:31] [risk] REJECTED manual order — ✓ autopilot not halted (consecutive losses) · ✓ market open · ✓ no open position · ✓ trades 2/10 · ✓ confidence 70≥70 · ✓ valid price points · ✗ risk-reward 0.6 ≥ 1:2 · ✓ strike 24150.0 not OTM (ATM 24150.0) · ✓ no fresh news-risk block · ✓ daily loss limit (risking ₹3195, day P&L ₹0) · ✓ fresh NIFTY data (10s old)
[2026-07-16 10:08:01] [strategy] SENSEX: BUY_PE 77300 conf 80%
[2026-07-16 10:08:01] [strategy] 🔔[MEDIUM] SENSEX: BUY PE 77300 signal generated (confidence 80%)
[2026-07-16 10:08:05] [risk] REJECTED — ✓ autopilot not halted (consecutive losses) · ✓ market open · ✓ no open position · ✓ trades 2/10 · ✓ confidence 80≥70 · ✓ valid price points · ✗ risk-reward 1.3 ≥ 1:2 · ✓ strike 77300 not OTM (ATM 77300.0) · ✓ no fresh news-risk block · ✓ daily loss limit (risking ₹699, day P&L ₹0) · ✓ fresh SENSEX data (4s old)
[2026-07-16 10:08:05] [risk] 🔔[LOW] SENSEX: Signal REJECTED (80% conf): ✗ risk-reward 1.3 ≥ 1:2
[2026-07-16 10:10:56] [strategy] SENSEX: BUY_PE 77300 conf 80%
[2026-07-16 10:10:56] [strategy] 🔔[MEDIUM] SENSEX: BUY PE 77300 signal generated (confidence 80%)
[2026-07-16 10:11:00] [risk] REJECTED — ✓ autopilot not halted (consecutive losses) · ✓ market open · ✓ no open position · ✓ trades 2/10 · ✓ confidence 80≥70 · ✓ valid price points · ✗ risk-reward 1.3 ≥ 1:2 · ✓ strike 77300 not OTM (ATM 77300.0) · ✓ no fresh news-risk block · ✓ daily loss limit (risking ₹699, day P&L ₹0) · ✓ fresh SENSEX data (3s old)
[2026-07-16 10:11:00] [risk] 🔔[LOW] SENSEX: Signal REJECTED (80% conf): ✗ risk-reward 1.3 ≥ 1:2
[2026-07-16 10:13:04] [strategy] SENSEX: BUY_CE|BUY_PE 77400.0 conf 60%
[2026-07-16 10:13:04] [strategy] 🔔[MEDIUM] SENSEX: BUY CE|BUY PE 77400.0 signal generated (confidence 60%)
[2026-07-16 10:13:05] [risk] REJECTED — ✓ autopilot not halted (consecutive losses) · ✓ market open · ✓ no open position · ✓ trades 2/10 · ✗ confidence 60≥70 · ✓ valid price points · ✓ risk-reward 4.4 ≥ 1:2 · ✓ no fresh news-risk block · ✓ daily loss limit (risking ₹525, day P&L ₹0) · ✓ fresh SENSEX data (3s old)
[2026-07-16 10:13:05] [risk] 🔔[LOW] SENSEX: Signal REJECTED (60% conf): ✗ confidence 60≥70
[2026-07-16 10:15:59] [strategy] SENSEX: BUY_CE|BUY_PE 77400.0 conf 60%
[2026-07-16 10:15:59] [strategy] 🔔[MEDIUM] SENSEX: BUY CE|BUY PE 77400.0 signal generated (confidence 60%)
[2026-07-16 10:16:00] [risk] REJECTED — ✓ autopilot not halted (consecutive losses) · ✓ market open · ✓ no open position · ✓ trades 2/10 · ✗ confidence 60≥70 · ✓ valid price points · ✓ risk-reward 4.4 ≥ 1:2 · ✓ no fresh news-risk block · ✓ daily loss limit (risking ₹525, day P&L ₹0) · ✓ fresh SENSEX data (2s old)
[2026-07-16 10:16:00] [risk] 🔔[LOW] SENSEX: Signal REJECTED (60% conf): ✗ confidence 60≥70
[2026-07-16 10:17:59] [strategy] SENSEX: BUY_CE|BUY_PE 77400 conf 60%
[2026-07-16 10:17:59] [strategy] 🔔[MEDIUM] SENSEX: BUY CE|BUY PE 77400 signal generated (confidence 60%)
[2026-07-16 10:18:00] [risk] REJECTED — ✓ autopilot not halted (consecutive losses) · ✓ market open · ✓ no open position · ✓ trades 2/10 · ✗ confidence 60≥70 · ✓ valid price points · ✗ risk-reward 0.7 ≥ 1:2 · ✓ no fresh news-risk block · ✓ daily loss limit (risking ₹765, day P&L ₹0) · ✓ fresh SENSEX data (2s old)
[2026-07-16 10:18:00] [risk] 🔔[LOW] SENSEX: Signal REJECTED (60% conf): ✗ confidence 60≥70; ✗ risk-reward 0.7 ≥ 1:2
[2026-07-16 10:19:59] [strategy] SENSEX: BUY_CE|BUY_PE 77400 conf 60%
[2026-07-16 10:19:59] [strategy] 🔔[MEDIUM] SENSEX: BUY CE|BUY PE 77400 signal generated (confidence 60%)
[2026-07-16 10:20:00] [risk] REJECTED — ✓ autopilot not halted (consecutive losses) · ✓ market open · ✓ no open position · ✓ trades 2/10 · ✗ confidence 60≥70 · ✓ valid price points · ✗ risk-reward 0.7 ≥ 1:2 · ✓ no fresh news-risk block · ✓ daily loss limit (risking ₹765, day P&L ₹0) · ✓ fresh SENSEX data (3s old)
[2026-07-16 10:20:00] [risk] 🔔[LOW] SENSEX: Signal REJECTED (60% conf): ✗ confidence 60≥70; ✗ risk-reward 0.7 ≥ 1:2
[2026-07-16 10:21:59] [strategy] SENSEX: BUY_PE 77400.0 conf 60%
[2026-07-16 10:21:59] [strategy] 🔔[MEDIUM] SENSEX: BUY PE 77400.0 signal generated (confidence 60%)
[2026-07-16 10:22:00] [risk] REJECTED — ✓ autopilot not halted (consecutive losses) · ✓ market open · ✓ no open position · ✓ trades 2/10 · ✗ confidence 60≥70 · ✓ valid price points · ✗ risk-reward 1.3 ≥ 1:2 · ✓ strike 77400.0 not OTM (ATM 77400.0) · ✓ no fresh news-risk block · ✓ daily loss limit (risking ₹443, day P&L ₹0) · ✓ fresh SENSEX data (4s old)
[2026-07-16 10:22:00] [risk] 🔔[LOW] SENSEX: Signal REJECTED (60% conf): ✗ confidence 60≥70; ✗ risk-reward 1.3 ≥ 1:2
[2026-07-16 10:24:00] [strategy] SENSEX: BUY_PE 77400.0 conf 60%
[2026-07-16 10:24:00] [strategy] 🔔[MEDIUM] SENSEX: BUY PE 77400.0 signal generated (confidence 60%)
[2026-07-16 10:24:00] [risk] REJECTED — ✓ autopilot not halted (consecutive losses) · ✓ market open · ✓ no open position · ✓ trades 2/10 · ✗ confidence 60≥70 · ✓ valid price points · ✗ risk-reward 1.3 ≥ 1:2 · ✓ strike 77400.0 not OTM (ATM 77400.0) · ✓ no fresh news-risk block · ✓ daily loss limit (risking ₹443, day P&L ₹0) · ✓ fresh SENSEX data (5s old)
[2026-07-16 10:24:00] [risk] 🔔[LOW] SENSEX: Signal REJECTED (60% conf): ✗ confidence 60≥70; ✗ risk-reward 1.3 ≥ 1:2
[2026-07-16 10:26:00] [strategy] SENSEX: BUY_PE 77400 conf 80%
[2026-07-16 10:26:00] [strategy] 🔔[MEDIUM] SENSEX: BUY PE 77400 signal generated (confidence 80%)
[2026-07-16 10:26:01] [risk] REJECTED — ✓ autopilot not halted (consecutive losses) · ✓ market open · ✓ no open position · ✓ trades 2/10 · ✓ confidence 80≥70 · ✓ valid price points · ✗ risk-reward 0.7 ≥ 1:2 · ✓ strike 77400 not OTM (ATM 77400.0) · ✓ no fresh news-risk block · ✓ daily loss limit (risking ₹1401, day P&L ₹0) · ✓ fresh SENSEX data (5s old)
[2026-07-16 10:26:01] [risk] 🔔[LOW] SENSEX: Signal REJECTED (80% conf): ✗ risk-reward 0.7 ≥ 1:2
[2026-07-16 10:26:37] [risk] REJECTED manual order — ✓ autopilot not halted (consecutive losses) · ✓ market open · ✓ no open position · ✓ trades 2/10 · ✓ confidence 80≥70 · ✓ valid price points · ✗ risk-reward 1.0 ≥ 1:2 · ✓ strike 24150.0 not OTM (ATM 24150.0) · ✓ no fresh news-risk block · ✓ daily loss limit (risking ₹3232, day P&L ₹0) · ✓ fresh NIFTY data (0s old)
[2026-07-16 10:28:00] [strategy] SENSEX: BUY_PE 77400 conf 80%
[2026-07-16 10:28:00] [strategy] 🔔[MEDIUM] SENSEX: BUY PE 77400 signal generated (confidence 80%)
[2026-07-16 10:28:01] [risk] REJECTED — ✓ autopilot not halted (consecutive losses) · ✓ market open · ✓ no open position · ✓ trades 2/10 · ✓ confidence 80≥70 · ✓ valid price points · ✗ risk-reward 0.7 ≥ 1:2 · ✓ strike 77400 not OTM (ATM 77300.0) · ✓ no fresh news-risk block · ✓ daily loss limit (risking ₹1401, day P&L ₹0) · ✓ fresh SENSEX data (5s old)
[2026-07-16 10:28:01] [risk] 🔔[LOW] SENSEX: Signal REJECTED (80% conf): ✗ risk-reward 0.7 ≥ 1:2
[2026-07-16 10:29:51] [risk] REJECTED manual order — ✓ autopilot not halted (consecutive losses) · ✓ market open · ✓ no open position · ✓ trades 2/10 · ✓ confidence 80≥70 · ✓ valid price points · ✗ risk-reward 0.7 ≥ 1:2 · ✓ strike 77400 not OTM (ATM 24100.0) · ✓ no fresh news-risk block · ✗ daily loss limit (risking ₹5254, day P&L ₹0) · ✓ fresh NIFTY data (5s old)
[2026-07-16 10:30:00] [strategy] hard-reject reason present; 15-min backoff
[2026-07-16 10:30:13] [execution] 📄 PAPER BUY 75 x NIFTY 24100.0 CE @ ₹146.2
[2026-07-16 10:30:13] [execution] 🔔[HIGH] NIFTY: PAPER entry: BUY 75 x NIFTY 24100.0 CE @ ₹146.2
[2026-07-16 10:30:25] [execution] 📄 PAPER SELL 75 x NIFTY 24100.0 CE @ ₹146.75 — spot invalidation (24119 vs 24119.25) · P&L ₹41
[2026-07-16 10:30:25] [execution] 🔔[HIGH] NIFTY: Exited 24100.0 CE — spot invalidation (24119 vs 24119.25) — P&L ₹41
[2026-07-16 10:31:17] [execution] 📄 PAPER BUY 75 x NIFTY 24100.0 CE @ ₹146.2
[2026-07-16 10:31:17] [execution] 🔔[HIGH] NIFTY: PAPER entry: BUY 75 x NIFTY 24100.0 CE @ ₹146.2
[2026-07-16 10:31:19] [execution] 📄 PAPER SELL 75 x NIFTY 24100.0 CE @ ₹146.35 — spot invalidation (24118 vs 24119.25) · P&L ₹11
[2026-07-16 10:31:19] [execution] 🔔[HIGH] NIFTY: Exited 24100.0 CE — spot invalidation (24118 vs 24119.25) — P&L ₹11
[2026-07-16 10:32:27] [execution] 📄 PAPER BUY 75 x NIFTY 24100.0 CE @ ₹146.2
[2026-07-16 10:32:27] [execution] 🔔[HIGH] NIFTY: PAPER entry: BUY 75 x NIFTY 24100.0 CE @ ₹146.2
[2026-07-16 10:34:29] [execution] 📄 PAPER SELL 75 x NIFTY 24100.0 CE @ ₹147.1 — spot invalidation (24119 vs 24119.25) · P&L ₹68
[2026-07-16 10:34:29] [execution] 🔔[HIGH] NIFTY: Exited 24100.0 CE — spot invalidation (24119 vs 24119.25) — P&L ₹68
[2026-07-16 10:36:46] [execution] 📄 PAPER BUY 20 x SENSEX 77300.0 PE @ ₹133.85
[2026-07-16 10:36:46] [execution] 🔔[HIGH] SENSEX: PAPER entry: BUY 20 x SENSEX 77300.0 PE @ ₹133.85
[2026-07-16 10:36:47] [execution] ⚠ '>=' not supported between instances of 'float' and 'NoneType'
[2026-07-16 10:36:49] [execution] ⚠ '>=' not supported between instances of 'float' and 'NoneType'
[2026-07-16 10:36:51] [execution] ⚠ '>=' not supported between instances of 'float' and 'NoneType'
[2026-07-16 10:36:53] [execution] ⚠ '>=' not supported between instances of 'float' and 'NoneType'
[2026-07-16 10:36:55] [execution] ⚠ '>=' not supported between instances of 'float' and 'NoneType'
[2026-07-16 10:36:57] [execution] ⚠ '>=' not supported between instances of 'float' and 'NoneType'
[2026-07-16 10:36:59] [execution] ⚠ '>=' not supported between instances of 'float' and 'NoneType'
[2026-07-16 10:37:01] [execution] ⚠ '>=' not supported between instances of 'float' and 'NoneType'
[2026-07-16 10:37:03] [execution] ⚠ '>=' not supported between instances of 'float' and 'NoneType'
[2026-07-16 10:37:05] [execution] ⚠ '>=' not supported between instances of 'float' and 'NoneType'
[2026-07-16 10:37:07] [execution] ⚠ '>=' not supported between instances of 'float' and 'NoneType'
[2026-07-16 10:37:09] [execution] ⚠ '>=' not supported between instances of 'float' and 'NoneType'
[2026-07-16 10:37:11] [execution] ⚠ '>=' not supported between instances of 'float' and 'NoneType'
[2026-07-16 10:37:13] [execution] ⚠ '>=' not supported between instances of 'float' and 'NoneType'
[2026-07-16 10:37:15] [execution] ⚠ '>=' not supported between instances of 'float' and 'NoneType'
[2026-07-16 10:37:17] [execution] ⚠ '>=' not supported between instances of 'float' and 'NoneType'
[2026-07-16 10:37:19] [execution] ⚠ '>=' not supported between instances of 'float' and 'NoneType'
[2026-07-16 10:37:21] [execution] ⚠ '>=' not supported between instances of 'float' and 'NoneType'
[2026-07-16 10:37:23] [execution] ⚠ '>=' not supported between instances of 'float' and 'NoneType'
[2026-07-16 10:37:25] [execution] ⚠ '>=' not supported between instances of 'float' and 'NoneType'
[2026-07-16 10:37:27] [execution] ⚠ '>=' not supported between instances of 'float' and 'NoneType'
[2026-07-16 10:37:29] [execution] ⚠ '>=' not supported between instances of 'float' and 'NoneType'
[2026-07-16 10:37:31] [execution] ⚠ '>=' not supported between instances of 'float' and 'NoneType'
[2026-07-16 10:37:33] [execution] ⚠ '>=' not supported between instances of 'float' and 'NoneType'
[2026-07-16 10:37:35] [execution] ⚠ '>=' not supported between instances of 'float' and 'NoneType'
[2026-07-16 10:37:37] [execution] ⚠ '>=' not supported between instances of 'float' and 'NoneType'
[2026-07-16 10:37:40] [execution] ⚠ '>=' not supported between instances of 'float' and 'NoneType'
[2026-07-16 10:37:42] [execution] ⚠ '>=' not supported between instances of 'float' and 'NoneType'
[2026-07-16 10:37:44] [execution] ⚠ '>=' not supported between instances of 'float' and 'NoneType'
[2026-07-16 10:37:46] [execution] ⚠ '>=' not supported between instances of 'float' and 'NoneType'
[2026-07-16 10:37:48] [execution] ⚠ '>=' not supported between instances of 'float' and 'NoneType'
[2026-07-16 10:37:50] [execution] ⚠ '>=' not supported between instances of 'float' and 'NoneType'
[2026-07-16 10:37:52] [execution] ⚠ '>=' not supported between instances of 'float' and 'NoneType'
[2026-07-16 10:37:54] [execution] ⚠ '>=' not supported between instances of 'float' and 'NoneType'
[2026-07-16 10:37:56] [execution] ⚠ '>=' not supported between instances of 'float' and 'NoneType'
[2026-07-16 10:37:58] [execution] ⚠ '>=' not supported between instances of 'float' and 'NoneType'
[2026-07-16 10:38:00] [execution] ⚠ '>=' not supported between instances of 'float' and 'NoneType'
[2026-07-16 10:38:02] [execution] ⚠ '>=' not supported between instances of 'float' and 'NoneType'
[2026-07-16 10:38:04] [execution] ⚠ '>=' not supported between instances of 'float' and 'NoneType'
[2026-07-16 10:38:06] [execution] ⚠ '>=' not supported between instances of 'float' and 'NoneType'
[2026-07-16 10:38:08] [execution] ⚠ '>=' not supported between instances of 'float' and 'NoneType'
[2026-07-16 10:38:10] [execution] ⚠ '>=' not supported between instances of 'float' and 'NoneType'
[2026-07-16 10:38:12] [execution] ⚠ '>=' not supported between instances of 'float' and 'NoneType'
[2026-07-16 10:38:14] [execution] ⚠ '>=' not supported between instances of 'float' and 'NoneType'
[2026-07-16 10:38:16] [execution] ⚠ '>=' not supported between instances of 'float' and 'NoneType'
[2026-07-16 10:38:18] [execution] ⚠ '>=' not supported between instances of 'float' and 'NoneType'
[2026-07-16 10:38:20] [execution] ⚠ '>=' not supported between instances of 'float' and 'NoneType'
[2026-07-16 10:38:22] [execution] ⚠ '>=' not supported between instances of 'float' and 'NoneType'
[2026-07-16 10:38:24] [execution] ⚠ '>=' not supported between instances of 'float' and 'NoneType'
[2026-07-16 10:38:26] [execution] ⚠ '>=' not supported between instances of 'float' and 'NoneType'
[2026-07-16 10:38:28] [execution] ⚠ '>=' not supported between instances of 'float' and 'NoneType'
[2026-07-16 10:38:30] [execution] ⚠ '>=' not supported between instances of 'float' and 'NoneType'
[2026-07-16 10:38:32] [execution] ⚠ '>=' not supported between instances of 'float' and 'NoneType'
[2026-07-16 10:38:34] [execution] ⚠ '>=' not supported between instances of 'float' and 'NoneType'
[2026-07-16 10:38:36] [execution] ⚠ '>=' not supported between instances of 'float' and 'NoneType'
[2026-07-16 10:38:38] [execution] ⚠ '>=' not supported between instances of 'float' and 'NoneType'
[2026-07-16 10:38:40] [execution] ⚠ '>=' not supported between instances of 'float' and 'NoneType'
[2026-07-16 10:38:42] [execution] ⚠ '>=' not supported between instances of 'float' and 'NoneType'
[2026-07-16 10:38:44] [execution] ⚠ '>=' not supported between instances of 'float' and 'NoneType'
[2026-07-16 10:38:46] [execution] ⚠ '>=' not supported between instances of 'float' and 'NoneType'
[2026-07-16 10:38:48] [execution] ⚠ '>=' not supported between instances of 'float' and 'NoneType'
[2026-07-16 10:38:50] [execution] ⚠ '>=' not supported between instances of 'float' and 'NoneType'
[2026-07-16 10:38:52] [execution] ⚠ '>=' not supported between instances of 'float' and 'NoneType'
[2026-07-16 10:38:54] [execution] ⚠ '>=' not supported between instances of 'float' and 'NoneType'
[2026-07-16 10:38:56] [execution] ⚠ '>=' not supported between instances of 'float' and 'NoneType'
[2026-07-16 10:38:58] [execution] ⚠ '>=' not supported between instances of 'float' and 'NoneType'
[2026-07-16 10:39:00] [execution] ⚠ '>=' not supported between instances of 'float' and 'NoneType'
[2026-07-16 10:39:02] [execution] ⚠ '>=' not supported between instances of 'float' and 'NoneType'
[2026-07-16 10:39:04] [execution] ⚠ '>=' not supported between instances of 'float' and 'NoneType'
[2026-07-16 10:39:06] [execution] ⚠ '>=' not supported between instances of 'float' and 'NoneType'
[2026-07-16 10:39:08] [execution] ⚠ '>=' not supported between instances of 'float' and 'NoneType'
[2026-07-16 10:39:10] [execution] ⚠ '>=' not supported between instances of 'float' and 'NoneType'
[2026-07-16 10:39:12] [execution] ⚠ '>=' not supported between instances of 'float' and 'NoneType'
[2026-07-16 10:39:14] [execution] ⚠ '>=' not supported between instances of 'float' and 'NoneType'
[2026-07-16 10:39:16] [execution] ⚠ '>=' not supported between instances of 'float' and 'NoneType'
[2026-07-16 10:39:18] [execution] ⚠ '>=' not supported between instances of 'float' and 'NoneType'
[2026-07-16 10:39:20] [execution] ⚠ '>=' not supported between instances of 'float' and 'NoneType'
[2026-07-16 10:39:22] [execution] ⚠ '>=' not supported between instances of 'float' and 'NoneType'
[2026-07-16 10:39:24] [execution] ⚠ '>=' not supported between instances of 'float' and 'NoneType'
[2026-07-16 10:39:26] [execution] ⚠ '>=' not supported between instances of 'float' and 'NoneType'
[2026-07-16 10:39:28] [execution] ⚠ '>=' not supported between instances of 'float' and 'NoneType'
[2026-07-16 10:39:30] [execution] ⚠ '>=' not supported between instances of 'float' and 'NoneType'
[2026-07-16 10:39:32] [execution] ⚠ '>=' not supported between instances of 'float' and 'NoneType'
[2026-07-16 10:39:34] [execution] ⚠ '>=' not supported between instances of 'float' and 'NoneType'
[2026-07-16 10:39:36] [execution] ⚠ '>=' not supported between instances of 'float' and 'NoneType'
[2026-07-16 10:39:38] [execution] ⚠ '>=' not supported between instances of 'float' and 'NoneType'
[2026-07-16 10:39:40] [execution] ⚠ '>=' not supported between instances of 'float' and 'NoneType'
[2026-07-16 10:39:42] [execution] ⚠ '>=' not supported between instances of 'float' and 'NoneType'
[2026-07-16 10:39:44] [execution] ⚠ '>=' not supported between instances of 'float' and 'NoneType'
[2026-07-16 10:39:46] [execution] ⚠ '>=' not supported between instances of 'float' and 'NoneType'
[2026-07-16 10:39:48] [execution] ⚠ '>=' not supported between instances of 'float' and 'NoneType'
[2026-07-16 10:39:50] [execution] ⚠ '>=' not supported between instances of 'float' and 'NoneType'
[2026-07-16 10:39:52] [execution] ⚠ '>=' not supported between instances of 'float' and 'NoneType'
[2026-07-16 10:39:54] [execution] ⚠ '>=' not supported between instances of 'float' and 'NoneType'
[2026-07-16 10:39:56] [execution] ⚠ '>=' not supported between instances of 'float' and 'NoneType'
[2026-07-16 10:39:58] [execution] ⚠ '>=' not supported between instances of 'float' and 'NoneType'
[2026-07-16 10:40:00] [execution] ⚠ '>=' not supported between instances of 'float' and 'NoneType'
[2026-07-16 10:40:02] [execution] ⚠ '>=' not supported between instances of 'float' and 'NoneType'
[2026-07-16 10:40:04] [execution] ⚠ '>=' not supported between instances of 'float' and 'NoneType'
[2026-07-16 10:40:06] [execution] ⚠ '>=' not supported between instances of 'float' and 'NoneType'
[2026-07-16 10:40:08] [execution] ⚠ '>=' not supported between instances of 'float' and 'NoneType'
[2026-07-16 10:40:10] [execution] ⚠ '>=' not supported between instances of 'float' and 'NoneType'
[2026-07-16 10:40:12] [execution] ⚠ '>=' not supported between instances of 'float' and 'NoneType'
[2026-07-16 10:40:14] [execution] ⚠ '>=' not supported between instances of 'float' and 'NoneType'
[2026-07-16 10:40:16] [execution] ⚠ '>=' not supported between instances of 'float' and 'NoneType'
[2026-07-16 10:40:18] [execution] ⚠ '>=' not supported between instances of 'float' and 'NoneType'
[2026-07-16 10:40:20] [execution] ⚠ '>=' not supported between instances of 'float' and 'NoneType'
[2026-07-16 10:40:22] [execution] ⚠ '>=' not supported between instances of 'float' and 'NoneType'
[2026-07-16 10:40:24] [execution] ⚠ '>=' not supported between instances of 'float' and 'NoneType'
[2026-07-16 10:40:26] [execution] ⚠ '>=' not supported between instances of 'float' and 'NoneType'
[2026-07-16 10:40:28] [execution] ⚠ '>=' not supported between instances of 'float' and 'NoneType'
[2026-07-16 10:40:30] [execution] ⚠ '>=' not supported between instances of 'float' and 'NoneType'
[2026-07-16 10:40:32] [execution] ⚠ '>=' not supported between instances of 'float' and 'NoneType'
[2026-07-16 10:40:34] [execution] ⚠ '>=' not supported between instances of 'float' and 'NoneType'
[2026-07-16 10:40:36] [execution] ⚠ '>=' not supported between instances of 'float' and 'NoneType'
[2026-07-16 10:40:38] [execution] ⚠ '>=' not supported between instances of 'float' and 'NoneType'
[2026-07-16 10:40:40] [execution] ⚠ '>=' not supported between instances of 'float' and 'NoneType'
[2026-07-16 10:40:42] [execution] ⚠ '>=' not supported between instances of 'float' and 'NoneType'
[2026-07-16 10:40:44] [execution] ⚠ '>=' not supported between instances of 'float' and 'NoneType'
[2026-07-16 10:40:46] [execution] ⚠ '>=' not supported between instances of 'float' and 'NoneType'
[2026-07-16 10:40:48] [execution] ⚠ '>=' not supported between instances of 'float' and 'NoneType'
[2026-07-16 10:40:50] [execution] ⚠ '>=' not supported between instances of 'float' and 'NoneType'
[2026-07-16 10:40:52] [execution] ⚠ '>=' not supported between instances of 'float' and 'NoneType'
[2026-07-16 10:40:54] [execution] ⚠ '>=' not supported between instances of 'float' and 'NoneType'
[2026-07-16 10:40:56] [execution] ⚠ '>=' not supported between instances of 'float' and 'NoneType'
[2026-07-16 10:40:58] [execution] ⚠ '>=' not supported between instances of 'float' and 'NoneType'
[2026-07-16 10:41:00] [execution] ⚠ '>=' not supported between instances of 'float' and 'NoneType'
[2026-07-16 10:41:02] [execution] ⚠ '>=' not supported between instances of 'float' and 'NoneType'
[2026-07-16 10:41:04] [execution] ⚠ '>=' not supported between instances of 'float' and 'NoneType'
[2026-07-16 10:41:06] [execution] ⚠ '>=' not supported between instances of 'float' and 'NoneType'
[2026-07-16 10:41:08] [execution] ⚠ '>=' not supported between instances of 'float' and 'NoneType'
[2026-07-16 10:41:10] [execution] ⚠ '>=' not supported between instances of 'float' and 'NoneType'
[2026-07-16 10:41:12] [execution] ⚠ '>=' not supported between instances of 'float' and 'NoneType'
[2026-07-16 10:41:14] [execution] ⚠ '>=' not supported between instances of 'float' and 'NoneType'
[2026-07-16 10:41:16] [execution] ⚠ '>=' not supported between instances of 'float' and 'NoneType'
[2026-07-16 10:41:18] [execution] ⚠ '>=' not supported between instances of 'float' and 'NoneType'
[2026-07-16 10:41:20] [execution] ⚠ '>=' not supported between instances of 'float' and 'NoneType'
[2026-07-16 10:41:22] [execution] ⚠ '>=' not supported between instances of 'float' and 'NoneType'
[2026-07-16 10:41:24] [execution] ⚠ '>=' not supported between instances of 'float' and 'NoneType'
[2026-07-16 10:41:26] [execution] ⚠ '>=' not supported between instances of 'float' and 'NoneType'
[2026-07-16 10:41:28] [execution] ⚠ '>=' not supported between instances of 'float' and 'NoneType'
[2026-07-16 10:41:30] [execution] ⚠ '>=' not supported between instances of 'float' and 'NoneType'
[2026-07-16 10:41:32] [execution] ⚠ '>=' not supported between instances of 'float' and 'NoneType'
[2026-07-16 10:41:34] [execution] ⚠ '>=' not supported between instances of 'float' and 'NoneType'
[2026-07-16 10:41:36] [execution] ⚠ '>=' not supported between instances of 'float' and 'NoneType'
[2026-07-16 10:41:38] [execution] ⚠ '>=' not supported between instances of 'float' and 'NoneType'
[2026-07-16 10:41:40] [execution] ⚠ '>=' not supported between instances of 'float' and 'NoneType'
[2026-07-16 10:41:42] [execution] ⚠ '>=' not supported between instances of 'float' and 'NoneType'
[2026-07-16 10:41:44] [execution] ⚠ '>=' not supported between instances of 'float' and 'NoneType'
[2026-07-16 10:41:46] [execution] ⚠ '>=' not supported between instances of 'float' and 'NoneType'
[2026-07-16 10:41:48] [execution] ⚠ '>=' not supported between instances of 'float' and 'NoneType'
[2026-07-16 10:41:50] [execution] ⚠ '>=' not supported between instances of 'float' and 'NoneType'
[2026-07-16 10:41:52] [execution] ⚠ '>=' not supported between instances of 'float' and 'NoneType'
[2026-07-16 10:41:54] [execution] ⚠ '>=' not supported between instances of 'float' and 'NoneType'
[2026-07-16 10:41:56] [execution] ⚠ '>=' not supported between instances of 'float' and 'NoneType'
[2026-07-16 10:41:58] [execution] ⚠ '>=' not supported between instances of 'float' and 'NoneType'
[2026-07-16 10:42:00] [execution] ⚠ '>=' not supported between instances of 'float' and 'NoneType'
[2026-07-16 10:42:02] [execution] ⚠ '>=' not supported between instances of 'float' and 'NoneType'
[2026-07-16 10:42:04] [execution] ⚠ '>=' not supported between instances of 'float' and 'NoneType'
[2026-07-16 10:42:06] [execution] ⚠ '>=' not supported between instances of 'float' and 'NoneType'
[2026-07-16 10:42:08] [execution] ⚠ '>=' not supported between instances of 'float' and 'NoneType'
[2026-07-16 10:42:10] [execution] ⚠ '>=' not supported between instances of 'float' and 'NoneType'
[2026-07-16 10:42:12] [execution] ⚠ '>=' not supported between instances of 'float' and 'NoneType'
[2026-07-16 10:42:14] [execution] ⚠ '>=' not supported between instances of 'float' and 'NoneType'
[2026-07-16 10:42:16] [execution] ⚠ '>=' not supported between instances of 'float' and 'NoneType'
[2026-07-16 10:42:18] [execution] ⚠ '>=' not supported between instances of 'float' and 'NoneType'
[2026-07-16 10:42:20] [execution] ⚠ '>=' not supported between instances of 'float' and 'NoneType'
[2026-07-16 10:42:22] [execution] ⚠ '>=' not supported between instances of 'float' and 'NoneType'
[2026-07-16 10:42:24] [execution] ⚠ '>=' not supported between instances of 'float' and 'NoneType'
[2026-07-16 10:42:26] [execution] ⚠ '>=' not supported between instances of 'float' and 'NoneType'
[2026-07-16 10:42:28] [execution] ⚠ '>=' not supported between instances of 'float' and 'NoneType'
[2026-07-16 10:42:30] [execution] ⚠ '>=' not supported between instances of 'float' and 'NoneType'
[2026-07-16 10:42:32] [execution] ⚠ '>=' not supported between instances of 'float' and 'NoneType'
[2026-07-16 10:42:34] [execution] ⚠ '>=' not supported between instances of 'float' and 'NoneType'
[2026-07-16 10:42:36] [execution] ⚠ '>=' not supported between instances of 'float' and 'NoneType'
[2026-07-16 10:42:38] [execution] ⚠ '>=' not supported between instances of 'float' and 'NoneType'
[2026-07-16 10:42:40] [execution] ⚠ '>=' not supported between instances of 'float' and 'NoneType'
[2026-07-16 10:42:42] [execution] ⚠ '>=' not supported between instances of 'float' and 'NoneType'
[2026-07-16 10:42:44] [execution] ⚠ '>=' not supported between instances of 'float' and 'NoneType'
[2026-07-16 10:42:46] [execution] ⚠ '>=' not supported between instances of 'float' and 'NoneType'
[2026-07-16 10:42:48] [execution] ⚠ '>=' not supported between instances of 'float' and 'NoneType'
[2026-07-16 10:42:50] [execution] ⚠ '>=' not supported between instances of 'float' and 'NoneType'
[2026-07-16 10:42:52] [execution] ⚠ '>=' not supported between instances of 'float' and 'NoneType'
[2026-07-16 10:42:54] [execution] ⚠ '>=' not supported between instances of 'float' and 'NoneType'
[2026-07-16 10:42:56] [execution] ⚠ '>=' not supported between instances of 'float' and 'NoneType'
[2026-07-16 10:42:58] [execution] ⚠ '>=' not supported between instances of 'float' and 'NoneType'
[2026-07-16 10:43:00] [execution] ⚠ '>=' not supported between instances of 'float' and 'NoneType'
[2026-07-16 10:43:02] [execution] ⚠ '>=' not supported between instances of 'float' and 'NoneType'
[2026-07-16 10:43:04] [execution] ⚠ '>=' not supported between instances of 'float' and 'NoneType'
[2026-07-16 10:43:06] [execution] ⚠ '>=' not supported between instances of 'float' and 'NoneType'
[2026-07-16 10:43:08] [execution] ⚠ '>=' not supported between instances of 'float' and 'NoneType'
[2026-07-16 10:43:10] [execution] ⚠ '>=' not supported between instances of 'float' and 'NoneType'
[2026-07-16 10:43:12] [execution] ⚠ '>=' not supported between instances of 'float' and 'NoneType'
[2026-07-16 10:43:14] [execution] ⚠ '>=' not supported between instances of 'float' and 'NoneType'
[2026-07-16 10:43:16] [execution] ⚠ '>=' not supported between instances of 'float' and 'NoneType'
[2026-07-16 10:43:18] [execution] ⚠ '>=' not supported between instances of 'float' and 'NoneType'
[2026-07-16 10:43:20] [execution] ⚠ '>=' not supported between instances of 'float' and 'NoneType'
[2026-07-16 10:43:22] [execution] ⚠ '>=' not supported between instances of 'float' and 'NoneType'
[2026-07-16 10:43:24] [execution] ⚠ '>=' not supported between instances of 'float' and 'NoneType'
[2026-07-16 10:43:26] [execution] ⚠ '>=' not supported between instances of 'float' and 'NoneType'
[2026-07-16 10:43:28] [execution] ⚠ '>=' not supported between instances of 'float' and 'NoneType'
[2026-07-16 10:43:30] [execution] ⚠ '>=' not supported between instances of 'float' and 'NoneType'
[2026-07-16 10:43:32] [execution] ⚠ '>=' not supported between instances of 'float' and 'NoneType'
[2026-07-16 10:43:34] [execution] ⚠ '>=' not supported between instances of 'float' and 'NoneType'
[2026-07-16 10:43:36] [execution] ⚠ '>=' not supported between instances of 'float' and 'NoneType'
[2026-07-16 10:43:38] [execution] ⚠ '>=' not supported between instances of 'float' and 'NoneType'
[2026-07-16 10:43:40] [execution] ⚠ '>=' not supported between instances of 'float' and 'NoneType'
[2026-07-16 10:43:42] [execution] ⚠ '>=' not supported between instances of 'float' and 'NoneType'
[2026-07-16 10:43:44] [execution] ⚠ '>=' not supported between instances of 'float' and 'NoneType'
[2026-07-16 10:43:46] [execution] ⚠ '>=' not supported between instances of 'float' and 'NoneType'
[2026-07-16 10:43:48] [execution] ⚠ '>=' not supported between instances of 'float' and 'NoneType'
[2026-07-16 10:43:50] [execution] ⚠ '>=' not supported between instances of 'float' and 'NoneType'
[2026-07-16 10:43:52] [execution] ⚠ '>=' not supported between instances of 'float' and 'NoneType'
[2026-07-16 10:43:54] [execution] ⚠ '>=' not supported between instances of 'float' and 'NoneType'
[2026-07-16 10:43:56] [execution] ⚠ '>=' not supported between instances of 'float' and 'NoneType'
[2026-07-16 10:43:58] [execution] ⚠ '>=' not supported between instances of 'float' and 'NoneType'
[2026-07-16 10:44:00] [execution] ⚠ '>=' not supported between instances of 'float' and 'NoneType'
[2026-07-16 10:44:02] [execution] ⚠ '>=' not supported between instances of 'float' and 'NoneType'
[2026-07-16 10:44:04] [execution] ⚠ '>=' not supported between instances of 'float' and 'NoneType'
[2026-07-16 10:44:06] [execution] ⚠ '>=' not supported between instances of 'float' and 'NoneType'
[2026-07-16 10:44:08] [execution] ⚠ '>=' not supported between instances of 'float' and 'NoneType'
[2026-07-16 10:44:10] [execution] ⚠ '>=' not supported between instances of 'float' and 'NoneType'
[2026-07-16 10:44:12] [execution] ⚠ '>=' not supported between instances of 'float' and 'NoneType'
[2026-07-16 10:44:14] [execution] ⚠ '>=' not supported between instances of 'float' and 'NoneType'
[2026-07-16 10:44:16] [execution] ⚠ '>=' not supported between instances of 'float' and 'NoneType'
[2026-07-16 10:44:18] [execution] ⚠ '>=' not supported between instances of 'float' and 'NoneType'
[2026-07-16 10:44:20] [execution] ⚠ '>=' not supported between instances of 'float' and 'NoneType'
[2026-07-16 10:44:22] [execution] ⚠ '>=' not supported between instances of 'float' and 'NoneType'
[2026-07-16 10:44:24] [execution] ⚠ '>=' not supported between instances of 'float' and 'NoneType'
[2026-07-16 10:44:26] [execution] ⚠ '>=' not supported between instances of 'float' and 'NoneType'
[2026-07-16 10:44:28] [execution] ⚠ '>=' not supported between instances of 'float' and 'NoneType'
[2026-07-16 10:44:30] [execution] ⚠ '>=' not supported between instances of 'float' and 'NoneType'
[2026-07-16 10:44:32] [execution] ⚠ '>=' not supported between instances of 'float' and 'NoneType'
[2026-07-16 10:44:34] [execution] ⚠ '>=' not supported between instances of 'float' and 'NoneType'
[2026-07-16 10:44:36] [execution] ⚠ '>=' not supported between instances of 'float' and 'NoneType'
[2026-07-16 10:44:38] [execution] ⚠ '>=' not supported between instances of 'float' and 'NoneType'
[2026-07-16 10:44:40] [execution] ⚠ '>=' not supported between instances of 'float' and 'NoneType'
[2026-07-16 10:44:42] [execution] ⚠ '>=' not supported between instances of 'float' and 'NoneType'
[2026-07-16 10:44:44] [execution] ⚠ '>=' not supported between instances of 'float' and 'NoneType'
[2026-07-16 10:44:46] [execution] ⚠ '>=' not supported between instances of 'float' and 'NoneType'
[2026-07-16 10:44:48] [execution] ⚠ '>=' not supported between instances of 'float' and 'NoneType'
[2026-07-16 10:44:50] [execution] ⚠ '>=' not supported between instances of 'float' and 'NoneType'
[2026-07-16 10:44:52] [execution] ⚠ '>=' not supported between instances of 'float' and 'NoneType'
[2026-07-16 10:44:54] [execution] ⚠ '>=' not supported between instances of 'float' and 'NoneType'
[2026-07-16 10:44:56] [execution] ⚠ '>=' not supported between instances of 'float' and 'NoneType'
[2026-07-16 10:44:58] [execution] ⚠ '>=' not supported between instances of 'float' and 'NoneType'
[2026-07-16 10:45:00] [execution] ⚠ '>=' not supported between instances of 'float' and 'NoneType'
[2026-07-16 10:45:02] [execution] ⚠ '>=' not supported between instances of 'float' and 'NoneType'
[2026-07-16 10:45:04] [execution] ⚠ '>=' not supported between instances of 'float' and 'NoneType'
[2026-07-16 10:45:06] [execution] ⚠ '>=' not supported between instances of 'float' and 'NoneType'
[2026-07-16 10:45:08] [execution] ⚠ '>=' not supported between instances of 'float' and 'NoneType'
[2026-07-16 10:45:10] [execution] ⚠ '>=' not supported between instances of 'float' and 'NoneType'
[2026-07-16 10:45:12] [execution] ⚠ '>=' not supported between instances of 'float' and 'NoneType'
[2026-07-16 10:45:14] [execution] ⚠ '>=' not supported between instances of 'float' and 'NoneType'
[2026-07-16 10:45:16] [execution] ⚠ '>=' not supported between instances of 'float' and 'NoneType'
[2026-07-16 10:45:18] [execution] ⚠ '>=' not supported between instances of 'float' and 'NoneType'
[2026-07-16 10:45:20] [execution] ⚠ '>=' not supported between instances of 'float' and 'NoneType'
[2026-07-16 10:45:22] [execution] ⚠ '>=' not supported between instances of 'float' and 'NoneType'
[2026-07-16 10:45:25] [execution] ⚠ '>=' not supported between instances of 'float' and 'NoneType'
[2026-07-16 10:45:27] [execution] ⚠ '>=' not supported between instances of 'float' and 'NoneType'
[2026-07-16 10:45:29] [execution] ⚠ '>=' not supported between instances of 'float' and 'NoneType'
[2026-07-16 10:45:31] [execution] ⚠ '>=' not supported between instances of 'float' and 'NoneType'
[2026-07-16 10:45:33] [execution] ⚠ '>=' not supported between instances of 'float' and 'NoneType'
[2026-07-16 10:45:35] [execution] ⚠ '>=' not supported between instances of 'float' and 'NoneType'
[2026-07-16 10:45:37] [execution] ⚠ '>=' not supported between instances of 'float' and 'NoneType'
[2026-07-16 10:45:39] [execution] ⚠ '>=' not supported between instances of 'float' and 'NoneType'
[2026-07-16 10:45:41] [execution] ⚠ '>=' not supported between instances of 'float' and 'NoneType'
[2026-07-16 10:45:43] [execution] ⚠ '>=' not supported between instances of 'float' and 'NoneType'
[2026-07-16 10:45:45] [execution] ⚠ '>=' not supported between instances of 'float' and 'NoneType'
[2026-07-16 10:45:47] [execution] ⚠ '>=' not supported between instances of 'float' and 'NoneType'
[2026-07-16 10:45:49] [execution] ⚠ '>=' not supported between instances of 'float' and 'NoneType'
[2026-07-16 10:45:51] [execution] ⚠ '>=' not supported between instances of 'float' and 'NoneType'
[2026-07-16 10:45:53] [execution] ⚠ '>=' not supported between instances of 'float' and 'NoneType'
[2026-07-16 10:45:55] [execution] ⚠ '>=' not supported between instances of 'float' and 'NoneType'
[2026-07-16 10:45:57] [execution] ⚠ '>=' not supported between instances of 'float' and 'NoneType'
[2026-07-16 10:45:59] [execution] ⚠ '>=' not supported between instances of 'float' and 'NoneType'
[2026-07-16 10:46:01] [execution] ⚠ '>=' not supported between instances of 'float' and 'NoneType'
[2026-07-16 10:46:03] [execution] ⚠ '>=' not supported between instances of 'float' and 'NoneType'
[2026-07-16 10:46:05] [execution] ⚠ '>=' not supported between instances of 'float' and 'NoneType'
[2026-07-16 10:46:07] [execution] ⚠ '>=' not supported between instances of 'float' and 'NoneType'
[2026-07-16 10:46:09] [execution] ⚠ '>=' not supported between instances of 'float' and 'NoneType'
[2026-07-16 10:46:11] [execution] ⚠ '>=' not supported between instances of 'float' and 'NoneType'
[2026-07-16 10:46:13] [execution] ⚠ '>=' not supported between instances of 'float' and 'NoneType'
[2026-07-16 10:46:15] [execution] ⚠ '>=' not supported between instances of 'float' and 'NoneType'
[2026-07-16 10:46:17] [execution] ⚠ '>=' not supported between instances of 'float' and 'NoneType'
[2026-07-16 10:46:19] [execution] ⚠ '>=' not supported between instances of 'float' and 'NoneType'
[2026-07-16 10:46:21] [execution] ⚠ '>=' not supported between instances of 'float' and 'NoneType'
[2026-07-16 10:46:23] [execution] 📄 PAPER SELL 20 x SENSEX 77300.0 PE @ ₹90.8 — stoploss (₹90.8 ≤ ₹93.3) · P&L ₹-861
[2026-07-16 10:46:23] [execution] 🔔[HIGH] SENSEX: Exited 77300.0 PE — stoploss (₹90.8 ≤ ₹93.3) — P&L ₹-861
[2026-07-16 10:47:18] [strategy] SENSEX: BUY_CE 77400.0 conf 80%
[2026-07-16 10:47:18] [strategy] 🔔[MEDIUM] SENSEX: BUY CE 77400.0 signal generated (confidence 80%)
[2026-07-16 10:47:22] [risk] REJECTED — ✓ autopilot not halted (consecutive losses) · ✗ cooldown (1m/5m since last loss) · ✓ market open · ✓ no open position · ✓ trades 6/10 · ✓ confidence 80≥70 · ✓ valid price points · ✗ risk-reward 1.7 ≥ 1:2 · ✓ strike 77400.0 not OTM (ATM 77400.0) · ✓ no fresh news-risk block · ✓ daily loss limit (risking ₹788, day P&L ₹-741) · ✓ fresh SENSEX data (3s old)
[2026-07-16 10:47:22] [risk] 🔔[LOW] SENSEX: Signal REJECTED (80% conf): ✗ cooldown (1m/5m since last loss); ✗ risk-reward 1.7 ≥ 1:2
[2026-07-16 10:50:03] [strategy] hard-reject reason present; 15-min backoff
[2026-07-16 10:54:43] [news] 🔔[HIGH] : News risk event: 
[2026-07-16 11:09:58] [strategy] hard-reject reason present; 15-min backoff
[2026-07-16 11:26:51] [strategy] hard-reject reason present; 15-min backoff
[2026-07-16 11:34:25] [risk] REJECTED manual order — ✓ autopilot not halted (consecutive losses) · ✓ cooldown (48m/5m since last loss) · ✓ market open · ✓ no open position · ✓ trades 6/10 · ✓ confidence 75≥70 · ✓ valid price points · ✗ risk-reward 0.9 ≥ 1:2 · ✓ strike 57600.0 not OTM (ATM 57700.0) · ✓ no fresh news-risk block · ✓ daily loss limit (risking ₹2812, day P&L ₹-741) · ✓ fresh BANKNIFTY data (10s old)
[2026-07-16 11:36:07] [execution] 📄 PAPER BUY 30 x BANKNIFTY 57600.0 CE @ ₹813.75
[2026-07-16 11:36:07] [execution] 🔔[HIGH] BANKNIFTY: PAPER entry: BUY 30 x BANKNIFTY 57600.0 CE @ ₹813.75
[2026-07-16 11:36:07] [execution] ⚠ '>=' not supported between instances of 'float' and 'NoneType'
[2026-07-16 11:36:09] [execution] ⚠ '>=' not supported between instances of 'float' and 'NoneType'
[2026-07-16 11:36:11] [execution] ⚠ '>=' not supported between instances of 'float' and 'NoneType'
[2026-07-16 11:36:13] [execution] ⚠ '>=' not supported between instances of 'float' and 'NoneType'
[2026-07-16 11:36:15] [execution] ⚠ '>=' not supported between instances of 'float' and 'NoneType'
[2026-07-16 11:36:17] [execution] ⚠ '>=' not supported between instances of 'float' and 'NoneType'
[2026-07-16 11:36:19] [execution] ⚠ '>=' not supported between instances of 'float' and 'NoneType'
[2026-07-16 11:36:21] [execution] ⚠ '>=' not supported between instances of 'float' and 'NoneType'
[2026-07-16 11:36:23] [execution] ⚠ '>=' not supported between instances of 'float' and 'NoneType'
[2026-07-16 11:36:25] [execution] ⚠ '>=' not supported between instances of 'float' and 'NoneType'
[2026-07-16 11:36:27] [execution] ⚠ '>=' not supported between instances of 'float' and 'NoneType'
[2026-07-16 11:36:29] [execution] ⚠ '>=' not supported between instances of 'float' and 'NoneType'
[2026-07-16 11:36:31] [execution] ⚠ '>=' not supported between instances of 'float' and 'NoneType'
[2026-07-16 11:36:33] [execution] ⚠ '>=' not supported between instances of 'float' and 'NoneType'
[2026-07-16 11:36:35] [execution] ⚠ '>=' not supported between instances of 'float' and 'NoneType'
[2026-07-16 11:36:37] [execution] ⚠ '>=' not supported between instances of 'float' and 'NoneType'
[2026-07-16 11:36:39] [execution] ⚠ '>=' not supported between instances of 'float' and 'NoneType'
[2026-07-16 11:36:41] [execution] ⚠ '>=' not supported between instances of 'float' and 'NoneType'
[2026-07-16 11:36:43] [execution] ⚠ '>=' not supported between instances of 'float' and 'NoneType'
[2026-07-16 11:36:45] [execution] ⚠ '>=' not supported between instances of 'float' and 'NoneType'
[2026-07-16 11:36:47] [execution] ⚠ '>=' not supported between instances of 'float' and 'NoneType'
[2026-07-16 11:36:49] [execution] ⚠ '>=' not supported between instances of 'float' and 'NoneType'
[2026-07-16 11:36:51] [execution] ⚠ '>=' not supported between instances of 'float' and 'NoneType'
[2026-07-16 11:36:53] [execution] ⚠ '>=' not supported between instances of 'float' and 'NoneType'
[2026-07-16 11:36:55] [execution] ⚠ '>=' not supported between instances of 'float' and 'NoneType'
[2026-07-16 11:36:57] [execution] ⚠ '>=' not supported between instances of 'float' and 'NoneType'
[2026-07-16 11:36:59] [execution] ⚠ '>=' not supported between instances of 'float' and 'NoneType'
[2026-07-16 11:37:01] [execution] ⚠ '>=' not supported between instances of 'float' and 'NoneType'
[2026-07-16 11:37:03] [execution] ⚠ '>=' not supported between instances of 'float' and 'NoneType'
[2026-07-16 11:37:05] [execution] ⚠ '>=' not supported between instances of 'float' and 'NoneType'
[2026-07-16 11:37:07] [execution] ⚠ '>=' not supported between instances of 'float' and 'NoneType'
[2026-07-16 11:37:09] [execution] ⚠ '>=' not supported between instances of 'float' and 'NoneType'
[2026-07-16 11:37:11] [execution] ⚠ '>=' not supported between instances of 'float' and 'NoneType'
[2026-07-16 11:37:13] [execution] ⚠ '>=' not supported between instances of 'float' and 'NoneType'
[2026-07-16 11:37:15] [execution] ⚠ '>=' not supported between instances of 'float' and 'NoneType'
[2026-07-16 11:37:17] [execution] ⚠ '>=' not supported between instances of 'float' and 'NoneType'
[2026-07-16 11:37:19] [execution] ⚠ '>=' not supported between instances of 'float' and 'NoneType'
[2026-07-16 11:37:21] [execution] ⚠ '>=' not supported between instances of 'float' and 'NoneType'
[2026-07-16 11:37:23] [execution] ⚠ '>=' not supported between instances of 'float' and 'NoneType'
[2026-07-16 11:37:25] [execution] ⚠ '>=' not supported between instances of 'float' and 'NoneType'
[2026-07-16 11:37:27] [execution] ⚠ '>=' not supported between instances of 'float' and 'NoneType'
[2026-07-16 11:37:29] [execution] ⚠ '>=' not supported between instances of 'float' and 'NoneType'
[2026-07-16 11:37:31] [execution] ⚠ '>=' not supported between instances of 'float' and 'NoneType'
[2026-07-16 11:37:33] [execution] ⚠ '>=' not supported between instances of 'float' and 'NoneType'
[2026-07-16 11:37:35] [execution] ⚠ '>=' not supported between instances of 'float' and 'NoneType'
[2026-07-16 11:37:37] [execution] ⚠ '>=' not supported between instances of 'float' and 'NoneType'
[2026-07-16 11:37:39] [execution] ⚠ '>=' not supported between instances of 'float' and 'NoneType'
[2026-07-16 11:37:41] [execution] ⚠ '>=' not supported between instances of 'float' and 'NoneType'
[2026-07-16 11:37:43] [execution] ⚠ '>=' not supported between instances of 'float' and 'NoneType'
[2026-07-16 11:37:45] [execution] ⚠ '>=' not supported between instances of 'float' and 'NoneType'
[2026-07-16 11:37:47] [execution] ⚠ '>=' not supported between instances of 'float' and 'NoneType'
[2026-07-16 11:37:49] [execution] ⚠ '>=' not supported between instances of 'float' and 'NoneType'
[2026-07-16 11:37:51] [execution] ⚠ '>=' not supported between instances of 'float' and 'NoneType'
[2026-07-16 11:37:53] [execution] ⚠ '>=' not supported between instances of 'float' and 'NoneType'
[2026-07-16 11:37:55] [execution] ⚠ '>=' not supported between instances of 'float' and 'NoneType'
[2026-07-16 11:37:57] [execution] ⚠ '>=' not supported between instances of 'float' and 'NoneType'
[2026-07-16 11:37:59] [execution] ⚠ '>=' not supported between instances of 'float' and 'NoneType'
[2026-07-16 11:38:01] [execution] ⚠ '>=' not supported between instances of 'float' and 'NoneType'
[2026-07-16 11:38:03] [execution] ⚠ '>=' not supported between instances of 'float' and 'NoneType'
[2026-07-16 11:38:05] [execution] ⚠ '>=' not supported between instances of 'float' and 'NoneType'
[2026-07-16 11:38:07] [execution] ⚠ '>=' not supported between instances of 'float' and 'NoneType'
[2026-07-16 11:38:09] [execution] ⚠ '>=' not supported between instances of 'float' and 'NoneType'
[2026-07-16 11:38:11] [execution] ⚠ '>=' not supported between instances of 'float' and 'NoneType'
[2026-07-16 11:38:13] [execution] ⚠ '>=' not supported between instances of 'float' and 'NoneType'
[2026-07-16 11:38:15] [execution] ⚠ '>=' not supported between instances of 'float' and 'NoneType'
[2026-07-16 11:38:17] [execution] ⚠ '>=' not supported between instances of 'float' and 'NoneType'
[2026-07-16 11:38:18] [execution] 📄 PAPER SELL 30 x BANKNIFTY 57600.0 CE @ ₹786.45 — manual exit from dashboard · P&L ₹-819
[2026-07-16 11:38:18] [execution] 🔔[HIGH] BANKNIFTY: Exited 57600.0 CE — manual exit from dashboard — P&L ₹-819
[2026-07-16 11:42:57] [strategy] SENSEX: BUY_PE 77500.0 conf 80%
[2026-07-16 11:42:57] [strategy] 🔔[MEDIUM] SENSEX: BUY PE 77500.0 signal generated (confidence 80%)
[2026-07-16 11:42:58] [risk] REJECTED — ✓ autopilot not halted (consecutive losses) · ✗ cooldown (5m/5m since last loss) · ✓ market open · ✓ no open position · ✓ trades 7/10 · ✓ confidence 80≥70 · ✓ valid price points · ✗ risk-reward 0.8 ≥ 1:2 · ✓ strike 77500.0 not OTM (ATM 77500.0) · ✓ no fresh news-risk block · ✓ daily loss limit (risking ₹900, day P&L ₹-1560) · ✓ fresh SENSEX data (2s old)
[2026-07-16 11:42:58] [risk] 🔔[LOW] SENSEX: Signal REJECTED (80% conf): ✗ cooldown (5m/5m since last loss); ✗ risk-reward 0.8 ≥ 1:2
[2026-07-16 11:45:52] [strategy] hard-reject reason present; 15-min backoff
[2026-07-16 12:07:50] [strategy] hard-reject reason present; 15-min backoff
[2026-07-16 12:22:55] [strategy] hard-reject reason present; 15-min backoff
[2026-07-16 12:39:48] [strategy] hard-reject reason present; 15-min backoff
[2026-07-16 12:56:39] [strategy] hard-reject reason present; 15-min backoff
[2026-07-16 13:00:12] [orchestrator] restored 7 historical trades (7 today, ₹-2751 realized today)
[2026-07-16 13:01:07] [orchestrator] all 10 agents started on NIFTY+BANKNIFTY+FINNIFTY+SENSEX (PAPER)
[2026-07-16 13:01:54] [risk] REJECTED manual order — ✓ autopilot not halted (consecutive losses) · ✓ market open · ✓ no open position · ✗ trades 7/3 · ✓ confidence 75≥70 · ✓ valid price points · ✗ risk-reward 1.5 ≥ 1:2 · ✓ strike 24000.0 not OTM (ATM 24100.0) · ✓ regime 'trending-up' allows ['BUY_CE'] · ✗ timeframe confluence for CE (no-alignment) · ✓ no fresh news-risk block · ✗ daily loss limit (risking ₹8846, day P&L ₹0) · ✓ fresh NIFTY data (2s old)
[2026-07-16 13:02:12] [strategy] hard-reject reason present; 15-min backoff
[2026-07-16 13:04:17] [risk] REJECTED manual order — ✓ autopilot not halted (consecutive losses) · ✓ market open · ✓ no open position · ✗ trades 7/3 · ✓ confidence 80≥80 · ✓ valid price points · ✓ risk-reward 2.3 ≥ 1:2 · ✓ strike 77400.0 not OTM (ATM 77400.0) · ✗ timeframe confluence for PE (no-alignment) · ✓ no fresh news-risk block · ✓ daily loss limit (risking ₹851, day P&L ₹0) · ✓ fresh SENSEX data (16s old)
[2026-07-16 13:04:33] [risk] REJECTED manual order — ✓ autopilot not halted (consecutive losses) · ✓ market open · ✓ no open position · ✓ trades 7/20 · ✓ confidence 80≥80 · ✓ valid price points · ✓ risk-reward 2.3 ≥ 1:2 · ✓ strike 77400.0 not OTM (ATM 77400.0) · ✗ timeframe confluence for PE (no-alignment) · ✓ no fresh news-risk block · ✓ daily loss limit (risking ₹851, day P&L ₹0) · ✓ fresh SENSEX data (13s old)
[2026-07-16 13:04:46] [risk] REJECTED manual order — ✓ autopilot not halted (consecutive losses) · ✓ market open · ✓ no open position · ✓ trades 7/20 · ✓ confidence 80≥80 · ✓ valid price points · ✓ risk-reward 2.3 ≥ 1:2 · ✓ strike 77400.0 not OTM (ATM 77400.0) · ✗ timeframe confluence for PE (no-alignment) · ✓ no fresh news-risk block · ✓ daily loss limit (risking ₹851, day P&L ₹0) · ✓ fresh SENSEX data (7s old)
[2026-07-16 13:07:06] [risk] REJECTED manual order — ✓ autopilot not halted (consecutive losses) · ✓ market open · ✓ no open position · ✓ trades 7/20 · ✗ confidence 50≥80 · ✓ valid price points · ✗ risk-reward 0.5 ≥ 1:2 · ✗ strike 26500.0 not OTM (ATM 26550.0) · ✗ timeframe confluence for PE (no-alignment) · ✓ no fresh news-risk block · ✗ daily loss limit (risking ₹10335, day P&L ₹0) · ✓ fresh FINNIFTY data (3s old)
[2026-07-16 13:10:32] [risk] REJECTED manual order — ✓ autopilot not halted (consecutive losses) · ✓ market open · ✓ no open position · ✓ trades 7/20 · ✓ confidence 80≥80 · ✓ valid price points · ✓ risk-reward 2.2 ≥ 1:2 · ✓ strike 77400.0 not OTM (ATM 77400.0) · ✗ timeframe confluence for PE (no-alignment) · ✓ no fresh news-risk block · ✓ daily loss limit (risking ₹500, day P&L ₹0) · ✓ fresh SENSEX data (14s old)
[2026-07-16 13:13:12] [risk] REJECTED manual order — ✓ autopilot not halted (consecutive losses) · ✓ market open · ✓ no open position · ✓ trades 7/20 · ✓ confidence 80≥80 · ✓ valid price points · ✓ risk-reward 2.4 ≥ 1:2 · ✓ strike 77400.0 not OTM (ATM 77400.0) · ✗ timeframe confluence for PE (no-alignment) · ✓ no fresh news-risk block · ✓ daily loss limit (risking ₹800, day P&L ₹0) · ✓ fresh SENSEX data (5s old)
[2026-07-16 13:14:14] [risk] REJECTED manual order — ✓ autopilot not halted (consecutive losses) · ✓ market open · ✓ no open position · ✓ trades 7/20 · ✓ confidence 80≥80 · ✓ valid price points · ✗ risk-reward 1.6 ≥ 1:2 · ✓ no fresh news-risk block · ✓ daily loss limit (risking ₹800, day P&L ₹0) · ✓ fresh SENSEX data (11s old)
[2026-07-16 13:17:25] [strategy] NIFTY: BUY_CE|BUY_PE 24100.0 conf 80%
[2026-07-16 13:17:25] [strategy] 🔔[MEDIUM] NIFTY: BUY CE|BUY PE 24100.0 signal generated (confidence 80%)
[2026-07-16 13:17:28] [risk] REJECTED — ✓ autopilot not halted (consecutive losses) · ✓ market open · ✓ no open position · ✓ trades 7/20 · ✓ confidence 80≥80 · ✓ valid price points · ✓ risk-reward 2.8 ≥ 1:2 · ✗ regime 'mixed' allows ['BUY_CE', 'BUY_PE'] · ✓ no fresh news-risk block · ✓ daily loss limit (risking ₹3570, day P&L ₹0) · ✓ fresh NIFTY data (0s old)
[2026-07-16 13:17:28] [risk] 🔔[LOW] NIFTY: Signal REJECTED (80% conf): ✗ regime 'mixed' allows ['BUY_CE', 'BUY_PE']
[2026-07-16 13:20:20] [strategy] NIFTY: BUY_CE|BUY_PE 24100.0 conf 80%
[2026-07-16 13:20:20] [strategy] 🔔[MEDIUM] NIFTY: BUY CE|BUY PE 24100.0 signal generated (confidence 80%)
[2026-07-16 13:20:23] [risk] REJECTED — ✓ autopilot not halted (consecutive losses) · ✓ market open · ✓ no open position · ✓ trades 7/20 · ✓ confidence 80≥80 · ✓ valid price points · ✓ risk-reward 2.8 ≥ 1:2 · ✗ regime 'mixed' allows ['BUY_CE', 'BUY_PE'] · ✓ no fresh news-risk block · ✓ daily loss limit (risking ₹3570, day P&L ₹0) · ✓ fresh NIFTY data (6s old)
[2026-07-16 13:20:23] [risk] 🔔[LOW] NIFTY: Signal REJECTED (80% conf): ✗ regime 'mixed' allows ['BUY_CE', 'BUY_PE']
[2026-07-16 13:22:27] [strategy] NIFTY: BUY_PE 24000.0 conf 80%
[2026-07-16 13:22:27] [strategy] 🔔[MEDIUM] NIFTY: BUY PE 24000.0 signal generated (confidence 80%)
[2026-07-16 13:22:28] [risk] REJECTED — ✓ autopilot not halted (consecutive losses) · ✓ market open · ✓ no open position · ✓ trades 7/20 · ✓ confidence 80≥80 · ✓ valid price points · ✗ risk-reward 1.1 ≥ 1:2 · ✗ strike 24000.0 not OTM (ATM 24100.0) · ✓ regime 'mixed' allows ['BUY_CE', 'BUY_PE'] · ✗ timeframe confluence for PE (no-alignment) · ✓ no fresh news-risk block · ✓ daily loss limit (risking ₹2149, day P&L ₹0) · ✓ fresh NIFTY data (5s old)
[2026-07-16 13:22:28] [risk] 🔔[LOW] NIFTY: Signal REJECTED (80% conf): ✗ risk-reward 1.1 ≥ 1:2; ✗ strike 24000.0 not OTM (ATM 24100.0); ✗ timeframe confluence for PE (no-alignment)
[2026-07-16 13:25:22] [strategy] NIFTY: BUY_PE 24000.0 conf 80%
[2026-07-16 13:25:22] [strategy] 🔔[MEDIUM] NIFTY: BUY PE 24000.0 signal generated (confidence 80%)
[2026-07-16 13:25:24] [risk] REJECTED — ✓ autopilot not halted (consecutive losses) · ✓ market open · ✓ no open position · ✓ trades 7/20 · ✓ confidence 80≥80 · ✓ valid price points · ✗ risk-reward 1.1 ≥ 1:2 · ✗ strike 24000.0 not OTM (ATM 24100.0) · ✓ regime 'mixed' allows ['BUY_CE', 'BUY_PE'] · ✗ timeframe confluence for PE (no-alignment) · ✓ no fresh news-risk block · ✓ daily loss limit (risking ₹2149, day P&L ₹0) · ✓ fresh NIFTY data (4s old)
[2026-07-16 13:25:24] [risk] 🔔[LOW] NIFTY: Signal REJECTED (80% conf): ✗ risk-reward 1.1 ≥ 1:2; ✗ strike 24000.0 not OTM (ATM 24100.0); ✗ timeframe confluence for PE (no-alignment)
[2026-07-16 13:27:27] [strategy] NIFTY: BUY_PE 24100.0 conf 75%
[2026-07-16 13:27:27] [strategy] 🔔[MEDIUM] NIFTY: BUY PE 24100.0 signal generated (confidence 75%)
[2026-07-16 13:27:29] [risk] REJECTED — ✓ autopilot not halted (consecutive losses) · ✓ market open · ✓ no open position · ✓ trades 7/20 · ✗ confidence 75≥80 · ✓ valid price points · ✗ risk-reward 1.2 ≥ 1:2 · ✓ strike 24100.0 not OTM (ATM 24100.0) · ✗ regime 'trending-up' allows ['BUY_CE'] · ✗ timeframe confluence for PE (no-alignment) · ✓ no fresh news-risk block · ✓ daily loss limit (risking ₹3446, day P&L ₹0) · ✓ fresh NIFTY data (2s old)
[2026-07-16 13:27:29] [risk] 🔔[LOW] NIFTY: Signal REJECTED (75% conf): ✗ confidence 75≥80; ✗ risk-reward 1.2 ≥ 1:2; ✗ regime 'trending-up' allows ['BUY_CE']; ✗ timeframe confluence for PE (no-alignment)
[2026-07-16 13:30:23] [strategy] NIFTY: BUY_PE 24100.0 conf 75%
[2026-07-16 13:30:23] [strategy] 🔔[MEDIUM] NIFTY: BUY PE 24100.0 signal generated (confidence 75%)
[2026-07-16 13:30:24] [risk] REJECTED — ✓ autopilot not halted (consecutive losses) · ✓ market open · ✓ no open position · ✓ trades 7/20 · ✗ confidence 75≥80 · ✓ valid price points · ✗ risk-reward 1.2 ≥ 1:2 · ✓ strike 24100.0 not OTM (ATM 24100.0) · ✗ regime 'trending-up' allows ['BUY_CE'] · ✗ timeframe confluence for PE (no-alignment) · ✓ no fresh news-risk block · ✓ daily loss limit (risking ₹3446, day P&L ₹0) · ✓ fresh NIFTY data (2s old)
[2026-07-16 13:30:24] [risk] 🔔[LOW] NIFTY: Signal REJECTED (75% conf): ✗ confidence 75≥80; ✗ risk-reward 1.2 ≥ 1:2; ✗ regime 'trending-up' allows ['BUY_CE']; ✗ timeframe confluence for PE (no-alignment)
[2026-07-16 13:31:35] [risk] REJECTED manual order — ✓ autopilot not halted (consecutive losses) · ✓ market open · ✓ no open position · ✓ trades 7/20 · ✗ confidence 75≥80 · ✓ valid price points · ✗ risk-reward 1.2 ≥ 1:2 · ✓ strike 24100.0 not OTM (ATM 24100.0) · ✗ regime 'trending-up' allows ['BUY_CE'] · ✗ timeframe confluence for PE (no-alignment) · ✓ no fresh news-risk block · ✓ daily loss limit (risking ₹3446, day P&L ₹0) · ✓ fresh NIFTY data (6s old)
[2026-07-16 13:32:29] [strategy] NIFTY: BUY_PE 24000.0 conf 60%
[2026-07-16 13:32:29] [strategy] 🔔[MEDIUM] NIFTY: BUY PE 24000.0 signal generated (confidence 60%)
[2026-07-16 13:32:29] [risk] REJECTED — ✓ autopilot not halted (consecutive losses) · ✓ market open · ✓ no open position · ✓ trades 7/20 · ✗ confidence 60≥80 · ✓ valid price points · ✗ risk-reward 1.7 ≥ 1:2 · ✗ strike 24000.0 not OTM (ATM 24100.0) · ✗ regime 'trending-up' allows ['BUY_CE'] · ✗ timeframe confluence for PE (no-alignment) · ✓ no fresh news-risk block · ✗ daily loss limit (risking ₹5685, day P&L ₹0) · ✓ fresh NIFTY data (1s old)
[2026-07-16 13:32:29] [risk] 🔔[LOW] NIFTY: Signal REJECTED (60% conf): ✗ confidence 60≥80; ✗ risk-reward 1.7 ≥ 1:2; ✗ strike 24000.0 not OTM (ATM 24100.0); ✗ regime 'trending-up' allows ['BUY_CE']; ✗ timeframe confluence for PE (no-alignment); ✗ daily loss limit (risking ₹5685, day P&L ₹0)
[2026-07-16 13:35:22] [risk] REJECTED manual order — ✓ autopilot not halted (consecutive losses) · ✓ market open · ✓ no open position · ✓ trades 7/20 · ✗ confidence 60≥80 · ✓ valid price points · ✗ risk-reward 1.7 ≥ 1:2 · ✗ strike 24000.0 not OTM (ATM 24100.0) · ✗ regime 'trending-up' allows ['BUY_CE'] · ✓ timeframe confluence for PE (mixed-bear) · ✓ no fresh news-risk block · ✗ daily loss limit (risking ₹5685, day P&L ₹0) · ✓ fresh NIFTY data (3s old)
[2026-07-16 13:35:24] [strategy] hard-reject reason present; 15-min backoff
[2026-07-16 13:43:37] [risk] REJECTED manual order — ✓ autopilot not halted (consecutive losses) · ✓ market open · ✓ no open position · ✓ trades 7/20 · ✗ confidence 70≥80 · ✓ valid price points · ✓ risk-reward 6.0 ≥ 1:2 · ✓ strike 77200.0 not OTM (ATM 77200.0) · ✗ timeframe confluence for PE (no-alignment) · ✓ no fresh news-risk block · ✓ daily loss limit (risking ₹100, day P&L ₹0) · ✓ fresh SENSEX data (2s old)
[2026-07-16 13:43:46] [risk] REJECTED manual order — ✓ autopilot not halted (consecutive losses) · ✓ market open · ✓ no open position · ✓ trades 7/20 · ✓ confidence 90≥80 · ✓ valid price points · ✗ risk-reward 1.1 ≥ 1:2 · ✓ strike 77200.0 not OTM (ATM 77200.0) · ✗ timeframe confluence for PE (no-alignment) · ✓ no fresh news-risk block · ✓ daily loss limit (risking ₹779, day P&L ₹0) · ✓ fresh SENSEX data (12s old)
[2026-07-16 13:43:52] [risk] REJECTED manual order — ✓ autopilot not halted (consecutive losses) · ✓ market open · ✓ no open position · ✓ trades 7/20 · ✓ confidence 90≥80 · ✓ valid price points · ✗ risk-reward 1.1 ≥ 1:2 · ✓ strike 77200.0 not OTM (ATM 77200.0) · ✗ timeframe confluence for PE (no-alignment) · ✓ no fresh news-risk block · ✓ daily loss limit (risking ₹779, day P&L ₹0) · ✓ fresh SENSEX data (17s old)
[2026-07-16 13:48:27] [volatility] 🔔[HIGH] SENSEX: IV jumped 119% in ~15m (now 32.8%) alongside a spot move of -83.1 — possible news/event-driven volatility spike. Widen stops / reduce size.
[2026-07-16 13:49:02] [risk] REJECTED manual order — ✓ autopilot not halted (consecutive losses) · ✓ market open · ✓ no open position · ✓ trades 7/20 · ✗ confidence 70≥80 · ✓ valid price points · ✗ risk-reward 1.8 ≥ 1:2 · ✓ strike 77200.0 not OTM (ATM 77200.0) · ✗ timeframe confluence for PE (no-alignment) · ✓ no fresh news-risk block · ✓ daily loss limit (risking ₹400, day P&L ₹0) · ✓ fresh SENSEX data (7s old)
[2026-07-16 13:50:40] [strategy] NIFTY: BUY_PE 24050.0 conf 75%
[2026-07-16 13:50:40] [strategy] 🔔[MEDIUM] NIFTY: BUY PE 24050.0 signal generated (confidence 75%)
[2026-07-16 13:50:40] [risk] REJECTED — ✓ autopilot not halted (consecutive losses) · ✓ market open · ✓ no open position · ✓ trades 7/20 · ✗ confidence 75≥80 · ✓ valid price points · ✗ risk-reward 1.3 ≥ 1:2 · ✓ strike 24050.0 not OTM (ATM 24050.0) · ✗ regime 'trending-up' allows ['BUY_CE'] · ✗ timeframe confluence for PE (no-alignment) · ✓ no fresh news-risk block · ✓ daily loss limit (risking ₹3293, day P&L ₹0) · ✓ fresh NIFTY data (1s old)
[2026-07-16 13:50:40] [risk] 🔔[LOW] NIFTY: Signal REJECTED (75% conf): ✗ confidence 75≥80; ✗ risk-reward 1.3 ≥ 1:2; ✗ regime 'trending-up' allows ['BUY_CE']; ✗ timeframe confluence for PE (no-alignment)
[2026-07-16 13:53:30] [strategy] NIFTY: BUY_PE 24050.0 conf 75%
[2026-07-16 13:53:30] [strategy] 🔔[MEDIUM] NIFTY: BUY PE 24050.0 signal generated (confidence 75%)
[2026-07-16 13:53:30] [risk] REJECTED — ✓ autopilot not halted (consecutive losses) · ✓ market open · ✓ no open position · ✓ trades 7/20 · ✗ confidence 75≥80 · ✓ valid price points · ✗ risk-reward 1.3 ≥ 1:2 · ✗ strike 24050.0 not OTM (ATM 24100.0) · ✗ regime 'trending-up' allows ['BUY_CE'] · ✗ timeframe confluence for PE (no-alignment) · ✓ no fresh news-risk block · ✓ daily loss limit (risking ₹3293, day P&L ₹0) · ✓ fresh NIFTY data (2s old)
[2026-07-16 13:53:30] [risk] 🔔[LOW] NIFTY: Signal REJECTED (75% conf): ✗ confidence 75≥80; ✗ risk-reward 1.3 ≥ 1:2; ✗ strike 24050.0 not OTM (ATM 24100.0); ✗ regime 'trending-up' allows ['BUY_CE']; ✗ timeframe confluence for PE (no-alignment)
[2026-07-16 13:55:36] [strategy] NIFTY: BUY_PE 24100.0 conf 90%
[2026-07-16 13:55:36] [strategy] 🔔[MEDIUM] NIFTY: BUY PE 24100.0 signal generated (confidence 90%)
[2026-07-16 13:55:40] [risk] REJECTED — ✓ autopilot not halted (consecutive losses) · ✓ market open · ✓ no open position · ✓ trades 7/20 · ✓ confidence 90≥80 · ✓ valid price points · ✗ risk-reward 1.1 ≥ 1:2 · ✓ strike 24100.0 not OTM (ATM 24100.0) · ✗ regime 'trending-up' allows ['BUY_CE'] · ✗ timeframe confluence for PE (no-alignment) · ✓ no fresh news-risk block · ✓ daily loss limit (risking ₹1871, day P&L ₹0) · ✓ fresh NIFTY data (5s old)
[2026-07-16 13:55:40] [risk] 🔔[LOW] NIFTY: Signal REJECTED (90% conf): ✗ risk-reward 1.1 ≥ 1:2; ✗ regime 'trending-up' allows ['BUY_CE']; ✗ timeframe confluence for PE (no-alignment)
[2026-07-16 13:58:31] [strategy] NIFTY: BUY_PE 24100.0 conf 90%
[2026-07-16 13:58:31] [strategy] 🔔[MEDIUM] NIFTY: BUY PE 24100.0 signal generated (confidence 90%)
[2026-07-16 13:58:35] [risk] REJECTED — ✓ autopilot not halted (consecutive losses) · ✓ market open · ✓ no open position · ✓ trades 7/20 · ✓ confidence 90≥80 · ✓ valid price points · ✗ risk-reward 1.1 ≥ 1:2 · ✓ strike 24100.0 not OTM (ATM 24100.0) · ✗ regime 'trending-up' allows ['BUY_CE'] · ✗ timeframe confluence for PE (mixed-bull) · ✓ no fresh news-risk block · ✓ daily loss limit (risking ₹1871, day P&L ₹0) · ✓ fresh NIFTY data (4s old)
[2026-07-16 13:58:35] [risk] 🔔[LOW] NIFTY: Signal REJECTED (90% conf): ✗ risk-reward 1.1 ≥ 1:2; ✗ regime 'trending-up' allows ['BUY_CE']; ✗ timeframe confluence for PE (mixed-bull)
[2026-07-16 14:00:49] [strategy] NIFTY: BUY_CE|BUY_PE 24100.0 conf 70%
[2026-07-16 14:00:49] [strategy] 🔔[MEDIUM] NIFTY: BUY CE|BUY PE 24100.0 signal generated (confidence 70%)
[2026-07-16 14:00:50] [risk] REJECTED — ✓ autopilot not halted (consecutive losses) · ✓ market open · ✓ no open position · ✓ trades 7/20 · ✗ confidence 70≥80 · ✓ valid price points · ✓ risk-reward 2.3 ≥ 1:2 · ✗ regime 'trending-up' allows ['BUY_CE'] · ✓ no fresh news-risk block · ✓ daily loss limit (risking ₹1676, day P&L ₹0) · ✓ fresh NIFTY data (1s old)
[2026-07-16 14:00:50] [risk] 🔔[LOW] NIFTY: Signal REJECTED (70% conf): ✗ confidence 70≥80; ✗ regime 'trending-up' allows ['BUY_CE']
[2026-07-16 14:03:34] [strategy] NIFTY: BUY_CE|BUY_PE 24100.0 conf 70%
[2026-07-16 14:03:34] [strategy] 🔔[MEDIUM] NIFTY: BUY CE|BUY PE 24100.0 signal generated (confidence 70%)
[2026-07-16 14:03:35] [risk] REJECTED — ✓ autopilot not halted (consecutive losses) · ✓ market open · ✓ no open position · ✓ trades 7/20 · ✗ confidence 70≥80 · ✓ valid price points · ✓ risk-reward 2.3 ≥ 1:2 · ✗ regime 'trending-up' allows ['BUY_CE'] · ✓ no fresh news-risk block · ✓ daily loss limit (risking ₹1676, day P&L ₹0) · ✓ fresh NIFTY data (3s old)
[2026-07-16 14:03:35] [risk] 🔔[LOW] NIFTY: Signal REJECTED (70% conf): ✗ confidence 70≥80; ✗ regime 'trending-up' allows ['BUY_CE']
[2026-07-16 14:05:49] [strategy] NIFTY: BUY_PE 24100.0 conf 80%
[2026-07-16 14:05:49] [strategy] 🔔[MEDIUM] NIFTY: BUY PE 24100.0 signal generated (confidence 80%)
[2026-07-16 14:05:50] [risk] REJECTED — ✓ autopilot not halted (consecutive losses) · ✓ market open · ✓ no open position · ✓ trades 7/20 · ✓ confidence 80≥80 · ✓ valid price points · ✗ risk-reward 0.6 ≥ 1:2 · ✓ strike 24100.0 not OTM (ATM 24100.0) · ✗ regime 'trending-up' allows ['BUY_CE'] · ✗ timeframe confluence for PE (no-alignment) · ✓ no fresh news-risk block · ✓ daily loss limit (risking ₹3307, day P&L ₹0) · ✓ fresh NIFTY data (6s old)
[2026-07-16 14:05:50] [risk] 🔔[LOW] NIFTY: Signal REJECTED (80% conf): ✗ risk-reward 0.6 ≥ 1:2; ✗ regime 'trending-up' allows ['BUY_CE']; ✗ timeframe confluence for PE (no-alignment)
[2026-07-16 14:09:09] [orchestrator] restored 7 historical trades (7 today, ₹-2751 realized today)
[2026-07-16 14:10:14] [orchestrator] all 10 agents started on NIFTY+BANKNIFTY+FINNIFTY+SENSEX (PAPER)
[2026-07-16 14:10:15] [regime] FINNIFTY: skipped (429 Client Error:  for url: https://api.dhan.co/v2/charts/intraday)
[2026-07-16 14:10:15] [regime] SENSEX: skipped (429 Client Error:  for url: https://api.dhan.co/v2/charts/intraday)
[2026-07-16 14:10:43] [news] 🔔[HIGH] : News risk event: <one line>
[2026-07-16 14:11:27] [risk] REJECTED manual order — ✓ autopilot not halted (consecutive losses) · ✓ market open · ✓ no open position · ✓ trades 7/20 · ✓ confidence 90≥80 · ✓ valid price points · ✓ risk-reward 2.4 ≥ 1:2 · ✓ strike 77300.0 not OTM (ATM 77300.0) · ✓ regime data pending for SENSEX (not blocking) · ✗ news risk active (<20m old) · ✓ daily loss limit (risking ₹547, day P&L ₹0) · ✓ fresh SENSEX data (4s old)
[2026-07-16 14:11:45] [regime] FINNIFTY: skipped (429 Client Error:  for url: https://api.dhan.co/v2/charts/intraday)
[2026-07-16 14:11:45] [regime] SENSEX: skipped (429 Client Error:  for url: https://api.dhan.co/v2/charts/intraday)
[2026-07-16 14:11:46] [execution] 📄 PAPER BUY 20 x SENSEX 77300.0 PE @ ₹95.85
[2026-07-16 14:11:46] [execution] 🔔[HIGH] SENSEX: PAPER entry: BUY 20 x SENSEX 77300.0 PE @ ₹95.85
[2026-07-16 14:11:46] [execution] ⚠ '>=' not supported between instances of 'float' and 'NoneType'
[2026-07-16 14:11:48] [execution] ⚠ '>=' not supported between instances of 'float' and 'NoneType'
[2026-07-16 14:11:50] [execution] ⚠ '>=' not supported between instances of 'float' and 'NoneType'
[2026-07-16 14:11:52] [execution] ⚠ '>=' not supported between instances of 'float' and 'NoneType'
[2026-07-16 14:11:54] [execution] ⚠ '>=' not supported between instances of 'float' and 'NoneType'
[2026-07-16 14:11:56] [execution] ⚠ '>=' not supported between instances of 'float' and 'NoneType'
[2026-07-16 14:11:58] [execution] ⚠ '>=' not supported between instances of 'float' and 'NoneType'
[2026-07-16 14:12:00] [strategy] SENSEX: BUY_PE 77300.0 conf 90%
[2026-07-16 14:12:00] [strategy] 🔔[MEDIUM] SENSEX: BUY PE 77300.0 signal generated (confidence 90%)
[2026-07-16 14:12:00] [execution] ⚠ '>=' not supported between instances of 'float' and 'NoneType'
[2026-07-16 14:12:02] [execution] ⚠ '>=' not supported between instances of 'float' and 'NoneType'
[2026-07-16 14:12:04] [risk] REJECTED — ✓ autopilot not halted (consecutive losses) · ✓ market open · ✗ no open position · ✓ trades 8/20 · ✓ confidence 90≥80 · ✓ valid price points · ✓ risk-reward 2.4 ≥ 1:2 · ✓ strike 77300.0 not OTM (ATM 77300.0) · ✓ regime data pending for SENSEX (not blocking) · ✓ no fresh news-risk block · ✓ daily loss limit (risking ₹547, day P&L ₹0) · ✓ fresh SENSEX data (3s old)
[2026-07-16 14:12:04] [risk] 🔔[LOW] SENSEX: Signal REJECTED (90% conf): ✗ no open position
[2026-07-16 14:12:04] [execution] ⚠ '>=' not supported between instances of 'float' and 'NoneType'
[2026-07-16 14:12:06] [execution] ⚠ '>=' not supported between instances of 'float' and 'NoneType'
[2026-07-16 14:12:08] [execution] ⚠ '>=' not supported between instances of 'float' and 'NoneType'
[2026-07-16 14:12:10] [execution] ⚠ '>=' not supported between instances of 'float' and 'NoneType'
[2026-07-16 14:12:12] [execution] ⚠ '>=' not supported between instances of 'float' and 'NoneType'
[2026-07-16 14:12:14] [execution] ⚠ '>=' not supported between instances of 'float' and 'NoneType'
[2026-07-16 14:12:17] [execution] ⚠ '>=' not supported between instances of 'float' and 'NoneType'
[2026-07-16 14:12:19] [execution] ⚠ '>=' not supported between instances of 'float' and 'NoneType'
[2026-07-16 14:12:20] [risk] REJECTED manual order — ✓ autopilot not halted (consecutive losses) · ✓ market open · ✗ no open position · ✓ trades 8/20 · ✗ confidence 70≥80 · ✓ valid price points · ✗ risk-reward 0.6 ≥ 1:2 · ✓ strike 24100.0 not OTM (ATM 24100.0) · ✗ regime 'trending-up' allows ['BUY_CE'] · ✗ timeframe confluence for PE (no-alignment) · ✓ no fresh news-risk block · ✓ daily loss limit (risking ₹3926, day P&L ₹0) · ✓ fresh NIFTY data (1s old)
[2026-07-16 14:12:21] [execution] ⚠ '>=' not supported between instances of 'float' and 'NoneType'
[2026-07-16 14:12:23] [execution] ⚠ '>=' not supported between instances of 'float' and 'NoneType'
[2026-07-16 14:12:25] [execution] ⚠ '>=' not supported between instances of 'float' and 'NoneType'
[2026-07-16 14:12:27] [execution] ⚠ '>=' not supported between instances of 'float' and 'NoneType'
[2026-07-16 14:12:29] [execution] ⚠ '>=' not supported between instances of 'float' and 'NoneType'
[2026-07-16 14:12:31] [execution] ⚠ '>=' not supported between instances of 'float' and 'NoneType'
[2026-07-16 14:12:33] [execution] ⚠ '>=' not supported between instances of 'float' and 'NoneType'
[2026-07-16 14:12:35] [execution] ⚠ '>=' not supported between instances of 'float' and 'NoneType'
[2026-07-16 14:12:37] [execution] ⚠ '>=' not supported between instances of 'float' and 'NoneType'
[2026-07-16 14:12:39] [execution] ⚠ '>=' not supported between instances of 'float' and 'NoneType'
[2026-07-16 14:12:41] [execution] ⚠ '>=' not supported between instances of 'float' and 'NoneType'
[2026-07-16 14:12:43] [execution] ⚠ '>=' not supported between instances of 'float' and 'NoneType'
[2026-07-16 14:12:45] [execution] ⚠ '>=' not supported between instances of 'float' and 'NoneType'
[2026-07-16 14:12:47] [execution] ⚠ '>=' not supported between instances of 'float' and 'NoneType'
[2026-07-16 14:12:49] [execution] ⚠ '>=' not supported between instances of 'float' and 'NoneType'
[2026-07-16 14:12:51] [execution] ⚠ '>=' not supported between instances of 'float' and 'NoneType'
[2026-07-16 14:12:53] [execution] ⚠ '>=' not supported between instances of 'float' and 'NoneType'
[2026-07-16 14:12:55] [execution] ⚠ '>=' not supported between instances of 'float' and 'NoneType'
[2026-07-16 14:12:57] [execution] ⚠ '>=' not supported between instances of 'float' and 'NoneType'
[2026-07-16 14:12:59] [execution] ⚠ '>=' not supported between instances of 'float' and 'NoneType'
[2026-07-16 14:13:01] [execution] ⚠ '>=' not supported between instances of 'float' and 'NoneType'
[2026-07-16 14:13:03] [execution] ⚠ '>=' not supported between instances of 'float' and 'NoneType'
[2026-07-16 14:13:05] [execution] ⚠ '>=' not supported between instances of 'float' and 'NoneType'
[2026-07-16 14:13:07] [execution] ⚠ '>=' not supported between instances of 'float' and 'NoneType'
[2026-07-16 14:13:09] [execution] ⚠ '>=' not supported between instances of 'float' and 'NoneType'
[2026-07-16 14:13:11] [execution] ⚠ '>=' not supported between instances of 'float' and 'NoneType'
[2026-07-16 14:13:13] [execution] ⚠ '>=' not supported between instances of 'float' and 'NoneType'
[2026-07-16 14:13:15] [execution] ⚠ '>=' not supported between instances of 'float' and 'NoneType'
[2026-07-16 14:13:15] [regime] NIFTY: skipped (429 Client Error:  for url: https://api.dhan.co/v2/charts/intraday)
[2026-07-16 14:13:16] [regime] BANKNIFTY: skipped (429 Client Error:  for url: https://api.dhan.co/v2/charts/intraday)
[2026-07-16 14:13:16] [regime] FINNIFTY: skipped (429 Client Error:  for url: https://api.dhan.co/v2/charts/intraday)
[2026-07-16 14:13:16] [regime] SENSEX: skipped (429 Client Error:  for url: https://api.dhan.co/v2/charts/intraday)
[2026-07-16 14:13:17] [execution] ⚠ '>=' not supported between instances of 'float' and 'NoneType'
[2026-07-16 14:13:19] [execution] ⚠ '>=' not supported between instances of 'float' and 'NoneType'
[2026-07-16 14:13:21] [execution] ⚠ '>=' not supported between instances of 'float' and 'NoneType'
[2026-07-16 14:13:23] [execution] ⚠ '>=' not supported between instances of 'float' and 'NoneType'
[2026-07-16 14:13:25] [execution] ⚠ '>=' not supported between instances of 'float' and 'NoneType'
[2026-07-16 14:13:27] [execution] ⚠ '>=' not supported between instances of 'float' and 'NoneType'
[2026-07-16 14:13:29] [execution] ⚠ '>=' not supported between instances of 'float' and 'NoneType'
[2026-07-16 14:13:31] [execution] ⚠ '>=' not supported between instances of 'float' and 'NoneType'
[2026-07-16 14:13:33] [execution] ⚠ '>=' not supported between instances of 'float' and 'NoneType'
[2026-07-16 14:13:35] [execution] ⚠ '>=' not supported between instances of 'float' and 'NoneType'
[2026-07-16 14:13:37] [execution] ⚠ '>=' not supported between instances of 'float' and 'NoneType'
[2026-07-16 14:13:39] [execution] ⚠ '>=' not supported between instances of 'float' and 'NoneType'
[2026-07-16 14:13:41] [execution] ⚠ '>=' not supported between instances of 'float' and 'NoneType'
[2026-07-16 14:13:43] [execution] ⚠ '>=' not supported between instances of 'float' and 'NoneType'
[2026-07-16 14:13:45] [execution] ⚠ '>=' not supported between instances of 'float' and 'NoneType'
[2026-07-16 14:13:47] [execution] ⚠ '>=' not supported between instances of 'float' and 'NoneType'
[2026-07-16 14:13:49] [execution] ⚠ '>=' not supported between instances of 'float' and 'NoneType'
[2026-07-16 14:13:51] [execution] ⚠ '>=' not supported between instances of 'float' and 'NoneType'
[2026-07-16 14:13:53] [execution] ⚠ '>=' not supported between instances of 'float' and 'NoneType'
[2026-07-16 14:13:55] [execution] ⚠ '>=' not supported between instances of 'float' and 'NoneType'
[2026-07-16 14:13:57] [execution] ⚠ '>=' not supported between instances of 'float' and 'NoneType'
[2026-07-16 14:13:59] [execution] ⚠ '>=' not supported between instances of 'float' and 'NoneType'
[2026-07-16 14:14:01] [execution] ⚠ '>=' not supported between instances of 'float' and 'NoneType'
[2026-07-16 14:14:03] [execution] ⚠ '>=' not supported between instances of 'float' and 'NoneType'
[2026-07-16 14:14:05] [execution] ⚠ '>=' not supported between instances of 'float' and 'NoneType'
[2026-07-16 14:14:07] [execution] ⚠ '>=' not supported between instances of 'float' and 'NoneType'
[2026-07-16 14:14:09] [execution] ⚠ '>=' not supported between instances of 'float' and 'NoneType'
[2026-07-16 14:14:11] [execution] ⚠ '>=' not supported between instances of 'float' and 'NoneType'
[2026-07-16 14:14:13] [execution] ⚠ '>=' not supported between instances of 'float' and 'NoneType'
[2026-07-16 14:14:15] [execution] ⚠ '>=' not supported between instances of 'float' and 'NoneType'
[2026-07-16 14:14:17] [execution] ⚠ '>=' not supported between instances of 'float' and 'NoneType'
[2026-07-16 14:14:19] [execution] ⚠ '>=' not supported between instances of 'float' and 'NoneType'
[2026-07-16 14:14:21] [execution] ⚠ '>=' not supported between instances of 'float' and 'NoneType'
[2026-07-16 14:14:23] [execution] ⚠ '>=' not supported between instances of 'float' and 'NoneType'
[2026-07-16 14:14:25] [execution] ⚠ '>=' not supported between instances of 'float' and 'NoneType'
[2026-07-16 14:14:27] [execution] ⚠ '>=' not supported between instances of 'float' and 'NoneType'
[2026-07-16 14:14:29] [execution] ⚠ '>=' not supported between instances of 'float' and 'NoneType'
[2026-07-16 14:14:31] [execution] ⚠ '>=' not supported between instances of 'float' and 'NoneType'
[2026-07-16 14:14:33] [execution] ⚠ '>=' not supported between instances of 'float' and 'NoneType'
[2026-07-16 14:14:35] [execution] ⚠ '>=' not supported between instances of 'float' and 'NoneType'
[2026-07-16 14:14:37] [execution] ⚠ '>=' not supported between instances of 'float' and 'NoneType'
[2026-07-16 14:14:39] [execution] ⚠ '>=' not supported between instances of 'float' and 'NoneType'
[2026-07-16 14:14:41] [execution] ⚠ '>=' not supported between instances of 'float' and 'NoneType'
[2026-07-16 14:14:43] [execution] ⚠ '>=' not supported between instances of 'float' and 'NoneType'
[2026-07-16 14:14:45] [execution] ⚠ '>=' not supported between instances of 'float' and 'NoneType'
[2026-07-16 14:14:46] [regime] FINNIFTY: skipped (429 Client Error:  for url: https://api.dhan.co/v2/charts/intraday)
[2026-07-16 14:14:46] [regime] SENSEX: skipped (429 Client Error:  for url: https://api.dhan.co/v2/charts/intraday)
[2026-07-16 14:14:47] [execution] ⚠ '>=' not supported between instances of 'float' and 'NoneType'
[2026-07-16 14:14:49] [execution] ⚠ '>=' not supported between instances of 'float' and 'NoneType'
[2026-07-16 14:14:51] [execution] ⚠ '>=' not supported between instances of 'float' and 'NoneType'
[2026-07-16 14:14:53] [execution] ⚠ '>=' not supported between instances of 'float' and 'NoneType'
[2026-07-16 14:14:55] [execution] ⚠ '>=' not supported between instances of 'float' and 'NoneType'
[2026-07-16 14:14:57] [execution] ⚠ '>=' not supported between instances of 'float' and 'NoneType'
[2026-07-16 14:14:59] [execution] ⚠ '>=' not supported between instances of 'float' and 'NoneType'
[2026-07-16 14:15:01] [execution] ⚠ '>=' not supported between instances of 'float' and 'NoneType'
[2026-07-16 14:15:03] [execution] ⚠ '>=' not supported between instances of 'float' and 'NoneType'
[2026-07-16 14:15:05] [execution] ⚠ '>=' not supported between instances of 'float' and 'NoneType'
[2026-07-16 14:15:07] [execution] ⚠ '>=' not supported between instances of 'float' and 'NoneType'
[2026-07-16 14:15:09] [execution] ⚠ '>=' not supported between instances of 'float' and 'NoneType'
[2026-07-16 14:15:11] [execution] ⚠ '>=' not supported between instances of 'float' and 'NoneType'
[2026-07-16 14:15:13] [execution] ⚠ '>=' not supported between instances of 'float' and 'NoneType'
[2026-07-16 14:15:15] [execution] ⚠ '>=' not supported between instances of 'float' and 'NoneType'
[2026-07-16 14:15:17] [execution] ⚠ '>=' not supported between instances of 'float' and 'NoneType'
[2026-07-16 14:15:19] [execution] ⚠ '>=' not supported between instances of 'float' and 'NoneType'
[2026-07-16 14:15:21] [execution] ⚠ '>=' not supported between instances of 'float' and 'NoneType'
[2026-07-16 14:15:23] [execution] ⚠ '>=' not supported between instances of 'float' and 'NoneType'
[2026-07-16 14:15:25] [execution] ⚠ '>=' not supported between instances of 'float' and 'NoneType'
[2026-07-16 14:15:27] [execution] ⚠ '>=' not supported between instances of 'float' and 'NoneType'
[2026-07-16 14:15:29] [execution] ⚠ '>=' not supported between instances of 'float' and 'NoneType'
[2026-07-16 14:15:31] [execution] ⚠ '>=' not supported between instances of 'float' and 'NoneType'
[2026-07-16 14:15:33] [execution] ⚠ '>=' not supported between instances of 'float' and 'NoneType'
[2026-07-16 14:15:35] [execution] ⚠ '>=' not supported between instances of 'float' and 'NoneType'
[2026-07-16 14:15:37] [execution] ⚠ '>=' not supported between instances of 'float' and 'NoneType'
[2026-07-16 14:15:39] [execution] ⚠ '>=' not supported between instances of 'float' and 'NoneType'
[2026-07-16 14:15:41] [execution] ⚠ '>=' not supported between instances of 'float' and 'NoneType'
[2026-07-16 14:15:43] [execution] ⚠ '>=' not supported between instances of 'float' and 'NoneType'
[2026-07-16 14:15:45] [execution] ⚠ '>=' not supported between instances of 'float' and 'NoneType'
[2026-07-16 14:15:47] [execution] ⚠ '>=' not supported between instances of 'float' and 'NoneType'
[2026-07-16 14:15:49] [execution] ⚠ '>=' not supported between instances of 'float' and 'NoneType'
[2026-07-16 14:15:51] [execution] ⚠ '>=' not supported between instances of 'float' and 'NoneType'
[2026-07-16 14:15:53] [execution] ⚠ '>=' not supported between instances of 'float' and 'NoneType'
[2026-07-16 14:15:55] [execution] ⚠ '>=' not supported between instances of 'float' and 'NoneType'
[2026-07-16 14:15:57] [execution] ⚠ '>=' not supported between instances of 'float' and 'NoneType'
[2026-07-16 14:15:59] [execution] ⚠ '>=' not supported between instances of 'float' and 'NoneType'
[2026-07-16 14:16:01] [execution] ⚠ '>=' not supported between instances of 'float' and 'NoneType'
[2026-07-16 14:16:03] [execution] ⚠ '>=' not supported between instances of 'float' and 'NoneType'
[2026-07-16 14:16:05] [execution] ⚠ '>=' not supported between instances of 'float' and 'NoneType'
[2026-07-16 14:16:07] [execution] ⚠ '>=' not supported between instances of 'float' and 'NoneType'
[2026-07-16 14:16:09] [execution] ⚠ '>=' not supported between instances of 'float' and 'NoneType'
[2026-07-16 14:16:11] [execution] ⚠ '>=' not supported between instances of 'float' and 'NoneType'
[2026-07-16 14:16:13] [execution] ⚠ '>=' not supported between instances of 'float' and 'NoneType'
[2026-07-16 14:16:15] [execution] ⚠ '>=' not supported between instances of 'float' and 'NoneType'
[2026-07-16 14:16:17] [regime] BANKNIFTY: skipped (429 Client Error:  for url: https://api.dhan.co/v2/charts/intraday)
[2026-07-16 14:16:17] [regime] FINNIFTY: skipped (429 Client Error:  for url: https://api.dhan.co/v2/charts/intraday)
[2026-07-16 14:16:17] [regime] SENSEX: skipped (429 Client Error:  for url: https://api.dhan.co/v2/charts/intraday)
[2026-07-16 14:16:17] [execution] ⚠ '>=' not supported between instances of 'float' and 'NoneType'
[2026-07-16 14:16:19] [execution] ⚠ '>=' not supported between instances of 'float' and 'NoneType'
[2026-07-16 14:16:21] [execution] ⚠ '>=' not supported between instances of 'float' and 'NoneType'
[2026-07-16 14:16:23] [execution] ⚠ '>=' not supported between instances of 'float' and 'NoneType'
[2026-07-16 14:16:25] [execution] ⚠ '>=' not supported between instances of 'float' and 'NoneType'
[2026-07-16 14:16:27] [execution] ⚠ '>=' not supported between instances of 'float' and 'NoneType'
[2026-07-16 14:16:29] [execution] ⚠ '>=' not supported between instances of 'float' and 'NoneType'
[2026-07-16 14:16:31] [execution] ⚠ '>=' not supported between instances of 'float' and 'NoneType'
[2026-07-16 14:16:33] [execution] ⚠ '>=' not supported between instances of 'float' and 'NoneType'
[2026-07-16 14:16:35] [execution] ⚠ '>=' not supported between instances of 'float' and 'NoneType'
[2026-07-16 14:16:37] [execution] ⚠ '>=' not supported between instances of 'float' and 'NoneType'
[2026-07-16 14:16:39] [execution] ⚠ '>=' not supported between instances of 'float' and 'NoneType'
[2026-07-16 14:16:41] [execution] ⚠ '>=' not supported between instances of 'float' and 'NoneType'
[2026-07-16 14:16:43] [execution] ⚠ '>=' not supported between instances of 'float' and 'NoneType'
[2026-07-16 14:16:45] [execution] ⚠ '>=' not supported between instances of 'float' and 'NoneType'
[2026-07-16 14:16:47] [execution] ⚠ '>=' not supported between instances of 'float' and 'NoneType'
[2026-07-16 14:16:49] [execution] ⚠ '>=' not supported between instances of 'float' and 'NoneType'
[2026-07-16 14:16:51] [execution] ⚠ '>=' not supported between instances of 'float' and 'NoneType'
[2026-07-16 14:16:53] [execution] ⚠ '>=' not supported between instances of 'float' and 'NoneType'
[2026-07-16 14:16:55] [execution] ⚠ '>=' not supported between instances of 'float' and 'NoneType'
[2026-07-16 14:16:57] [execution] ⚠ '>=' not supported between instances of 'float' and 'NoneType'
[2026-07-16 14:16:59] [execution] ⚠ '>=' not supported between instances of 'float' and 'NoneType'
[2026-07-16 14:17:01] [execution] ⚠ '>=' not supported between instances of 'float' and 'NoneType'
[2026-07-16 14:17:03] [execution] ⚠ '>=' not supported between instances of 'float' and 'NoneType'
[2026-07-16 14:17:05] [execution] ⚠ '>=' not supported between instances of 'float' and 'NoneType'
[2026-07-16 14:17:07] [execution] ⚠ '>=' not supported between instances of 'float' and 'NoneType'
[2026-07-16 14:17:09] [execution] ⚠ '>=' not supported between instances of 'float' and 'NoneType'
[2026-07-16 14:17:11] [execution] ⚠ '>=' not supported between instances of 'float' and 'NoneType'
[2026-07-16 14:17:13] [execution] ⚠ '>=' not supported between instances of 'float' and 'NoneType'
[2026-07-16 14:17:15] [execution] ⚠ '>=' not supported between instances of 'float' and 'NoneType'
[2026-07-16 14:17:17] [execution] ⚠ '>=' not supported between instances of 'float' and 'NoneType'
[2026-07-16 14:17:19] [execution] ⚠ '>=' not supported between instances of 'float' and 'NoneType'
[2026-07-16 14:17:21] [execution] ⚠ '>=' not supported between instances of 'float' and 'NoneType'
[2026-07-16 14:17:23] [execution] ⚠ '>=' not supported between instances of 'float' and 'NoneType'
[2026-07-16 14:17:25] [execution] ⚠ '>=' not supported between instances of 'float' and 'NoneType'
[2026-07-16 14:17:27] [execution] ⚠ '>=' not supported between instances of 'float' and 'NoneType'
[2026-07-16 14:17:29] [execution] ⚠ '>=' not supported between instances of 'float' and 'NoneType'
[2026-07-16 14:17:31] [execution] ⚠ '>=' not supported between instances of 'float' and 'NoneType'
[2026-07-16 14:17:33] [execution] ⚠ '>=' not supported between instances of 'float' and 'NoneType'
[2026-07-16 14:17:35] [execution] ⚠ '>=' not supported between instances of 'float' and 'NoneType'
[2026-07-16 14:17:37] [execution] ⚠ '>=' not supported between instances of 'float' and 'NoneType'
[2026-07-16 14:17:39] [execution] ⚠ '>=' not supported between instances of 'float' and 'NoneType'
[2026-07-16 14:17:41] [execution] ⚠ '>=' not supported between instances of 'float' and 'NoneType'
[2026-07-16 14:17:43] [execution] ⚠ '>=' not supported between instances of 'float' and 'NoneType'
[2026-07-16 14:17:45] [execution] ⚠ '>=' not supported between instances of 'float' and 'NoneType'
[2026-07-16 14:17:47] [execution] ⚠ '>=' not supported between instances of 'float' and 'NoneType'
[2026-07-16 14:17:47] [regime] FINNIFTY: skipped (429 Client Error:  for url: https://api.dhan.co/v2/charts/intraday)
[2026-07-16 14:17:47] [regime] SENSEX: skipped (429 Client Error:  for url: https://api.dhan.co/v2/charts/intraday)
[2026-07-16 14:17:49] [execution] ⚠ '>=' not supported between instances of 'float' and 'NoneType'
[2026-07-16 14:17:51] [execution] ⚠ '>=' not supported between instances of 'float' and 'NoneType'
[2026-07-16 14:17:53] [execution] ⚠ '>=' not supported between instances of 'float' and 'NoneType'
[2026-07-16 14:17:55] [execution] ⚠ '>=' not supported between instances of 'float' and 'NoneType'
[2026-07-16 14:17:57] [execution] ⚠ '>=' not supported between instances of 'float' and 'NoneType'
[2026-07-16 14:17:59] [execution] ⚠ '>=' not supported between instances of 'float' and 'NoneType'
[2026-07-16 14:18:01] [execution] ⚠ '>=' not supported between instances of 'float' and 'NoneType'
[2026-07-16 14:18:03] [execution] ⚠ '>=' not supported between instances of 'float' and 'NoneType'
[2026-07-16 14:18:05] [execution] ⚠ '>=' not supported between instances of 'float' and 'NoneType'
[2026-07-16 14:18:07] [execution] ⚠ '>=' not supported between instances of 'float' and 'NoneType'
[2026-07-16 14:18:09] [execution] ⚠ '>=' not supported between instances of 'float' and 'NoneType'
[2026-07-16 14:18:11] [execution] ⚠ '>=' not supported between instances of 'float' and 'NoneType'
[2026-07-16 14:18:13] [execution] ⚠ '>=' not supported between instances of 'float' and 'NoneType'
[2026-07-16 14:18:15] [execution] ⚠ '>=' not supported between instances of 'float' and 'NoneType'
[2026-07-16 14:18:17] [execution] ⚠ '>=' not supported between instances of 'float' and 'NoneType'
[2026-07-16 14:18:19] [execution] ⚠ '>=' not supported between instances of 'float' and 'NoneType'
[2026-07-16 14:18:21] [execution] ⚠ '>=' not supported between instances of 'float' and 'NoneType'
[2026-07-16 14:18:23] [execution] ⚠ '>=' not supported between instances of 'float' and 'NoneType'
[2026-07-16 14:18:25] [execution] ⚠ '>=' not supported between instances of 'float' and 'NoneType'
[2026-07-16 14:18:27] [execution] ⚠ '>=' not supported between instances of 'float' and 'NoneType'
[2026-07-16 14:18:29] [execution] ⚠ '>=' not supported between instances of 'float' and 'NoneType'
[2026-07-16 14:18:31] [execution] ⚠ '>=' not supported between instances of 'float' and 'NoneType'
[2026-07-16 14:18:33] [execution] ⚠ '>=' not supported between instances of 'float' and 'NoneType'
[2026-07-16 14:18:35] [execution] ⚠ '>=' not supported between instances of 'float' and 'NoneType'
[2026-07-16 14:18:37] [execution] ⚠ '>=' not supported between instances of 'float' and 'NoneType'
[2026-07-16 14:18:39] [execution] ⚠ '>=' not supported between instances of 'float' and 'NoneType'
[2026-07-16 14:18:41] [execution] ⚠ '>=' not supported between instances of 'float' and 'NoneType'
[2026-07-16 14:18:43] [execution] ⚠ '>=' not supported between instances of 'float' and 'NoneType'
[2026-07-16 14:18:45] [execution] ⚠ '>=' not supported between instances of 'float' and 'NoneType'
[2026-07-16 14:18:47] [execution] ⚠ '>=' not supported between instances of 'float' and 'NoneType'
[2026-07-16 14:18:49] [execution] ⚠ '>=' not supported between instances of 'float' and 'NoneType'
[2026-07-16 14:18:51] [execution] ⚠ '>=' not supported between instances of 'float' and 'NoneType'
[2026-07-16 14:18:53] [execution] ⚠ '>=' not supported between instances of 'float' and 'NoneType'
[2026-07-16 14:18:55] [execution] ⚠ '>=' not supported between instances of 'float' and 'NoneType'
[2026-07-16 14:18:57] [execution] ⚠ '>=' not supported between instances of 'float' and 'NoneType'
[2026-07-16 14:18:59] [execution] ⚠ '>=' not supported between instances of 'float' and 'NoneType'
[2026-07-16 14:19:01] [execution] ⚠ '>=' not supported between instances of 'float' and 'NoneType'
[2026-07-16 14:19:04] [execution] ⚠ '>=' not supported between instances of 'float' and 'NoneType'
[2026-07-16 14:19:06] [execution] ⚠ '>=' not supported between instances of 'float' and 'NoneType'
[2026-07-16 14:19:08] [execution] ⚠ '>=' not supported between instances of 'float' and 'NoneType'
[2026-07-16 14:19:10] [execution] ⚠ '>=' not supported between instances of 'float' and 'NoneType'
[2026-07-16 14:19:12] [execution] ⚠ '>=' not supported between instances of 'float' and 'NoneType'
[2026-07-16 14:19:14] [execution] ⚠ '>=' not supported between instances of 'float' and 'NoneType'
[2026-07-16 14:19:16] [execution] ⚠ '>=' not supported between instances of 'float' and 'NoneType'
[2026-07-16 14:19:18] [execution] ⚠ '>=' not supported between instances of 'float' and 'NoneType'
[2026-07-16 14:19:18] [regime] BANKNIFTY: skipped (429 Client Error:  for url: https://api.dhan.co/v2/charts/intraday)
[2026-07-16 14:19:18] [regime] FINNIFTY: skipped (429 Client Error:  for url: https://api.dhan.co/v2/charts/intraday)
[2026-07-16 14:19:18] [regime] SENSEX: skipped (429 Client Error:  for url: https://api.dhan.co/v2/charts/intraday)
[2026-07-16 14:19:20] [execution] ⚠ '>=' not supported between instances of 'float' and 'NoneType'
[2026-07-16 14:19:22] [execution] ⚠ '>=' not supported between instances of 'float' and 'NoneType'
[2026-07-16 14:19:24] [execution] ⚠ '>=' not supported between instances of 'float' and 'NoneType'
[2026-07-16 14:19:26] [execution] ⚠ '>=' not supported between instances of 'float' and 'NoneType'
[2026-07-16 14:19:28] [execution] ⚠ '>=' not supported between instances of 'float' and 'NoneType'
[2026-07-16 14:19:30] [execution] ⚠ '>=' not supported between instances of 'float' and 'NoneType'
[2026-07-16 14:19:32] [execution] ⚠ '>=' not supported between instances of 'float' and 'NoneType'
[2026-07-16 14:19:34] [execution] ⚠ '>=' not supported between instances of 'float' and 'NoneType'
[2026-07-16 14:19:36] [execution] ⚠ '>=' not supported between instances of 'float' and 'NoneType'
[2026-07-16 14:19:38] [execution] ⚠ '>=' not supported between instances of 'float' and 'NoneType'
[2026-07-16 14:19:40] [execution] ⚠ '>=' not supported between instances of 'float' and 'NoneType'
[2026-07-16 14:19:42] [execution] ⚠ '>=' not supported between instances of 'float' and 'NoneType'
[2026-07-16 14:19:44] [execution] ⚠ '>=' not supported between instances of 'float' and 'NoneType'
[2026-07-16 14:19:46] [execution] ⚠ '>=' not supported between instances of 'float' and 'NoneType'
[2026-07-16 14:19:48] [execution] ⚠ '>=' not supported between instances of 'float' and 'NoneType'
[2026-07-16 14:19:50] [execution] ⚠ '>=' not supported between instances of 'float' and 'NoneType'
[2026-07-16 14:19:52] [execution] ⚠ '>=' not supported between instances of 'float' and 'NoneType'
[2026-07-16 14:19:54] [execution] ⚠ '>=' not supported between instances of 'float' and 'NoneType'
[2026-07-16 14:19:56] [execution] ⚠ '>=' not supported between instances of 'float' and 'NoneType'
[2026-07-16 14:19:58] [execution] ⚠ '>=' not supported between instances of 'float' and 'NoneType'
[2026-07-16 14:20:00] [execution] ⚠ '>=' not supported between instances of 'float' and 'NoneType'
[2026-07-16 14:20:02] [execution] ⚠ '>=' not supported between instances of 'float' and 'NoneType'
[2026-07-16 14:20:04] [execution] ⚠ '>=' not supported between instances of 'float' and 'NoneType'
[2026-07-16 14:20:06] [execution] ⚠ '>=' not supported between instances of 'float' and 'NoneType'
[2026-07-16 14:20:08] [execution] ⚠ '>=' not supported between instances of 'float' and 'NoneType'
[2026-07-16 14:20:10] [execution] ⚠ '>=' not supported between instances of 'float' and 'NoneType'
[2026-07-16 14:20:12] [execution] ⚠ '>=' not supported between instances of 'float' and 'NoneType'
[2026-07-16 14:20:14] [execution] ⚠ '>=' not supported between instances of 'float' and 'NoneType'
[2026-07-16 14:20:16] [execution] ⚠ '>=' not supported between instances of 'float' and 'NoneType'
[2026-07-16 14:20:18] [execution] ⚠ '>=' not supported between instances of 'float' and 'NoneType'
[2026-07-16 14:20:20] [execution] ⚠ '>=' not supported between instances of 'float' and 'NoneType'
[2026-07-16 14:20:22] [execution] ⚠ '>=' not supported between instances of 'float' and 'NoneType'
[2026-07-16 14:20:24] [execution] ⚠ '>=' not supported between instances of 'float' and 'NoneType'
[2026-07-16 14:20:26] [execution] ⚠ '>=' not supported between instances of 'float' and 'NoneType'
[2026-07-16 14:20:28] [execution] ⚠ '>=' not supported between instances of 'float' and 'NoneType'
[2026-07-16 14:20:30] [execution] ⚠ '>=' not supported between instances of 'float' and 'NoneType'
[2026-07-16 14:20:32] [execution] ⚠ '>=' not supported between instances of 'float' and 'NoneType'
[2026-07-16 14:20:34] [execution] ⚠ '>=' not supported between instances of 'float' and 'NoneType'
[2026-07-16 14:20:36] [execution] ⚠ '>=' not supported between instances of 'float' and 'NoneType'
[2026-07-16 14:20:38] [execution] ⚠ '>=' not supported between instances of 'float' and 'NoneType'
[2026-07-16 14:20:40] [execution] ⚠ '>=' not supported between instances of 'float' and 'NoneType'
[2026-07-16 14:20:42] [execution] ⚠ '>=' not supported between instances of 'float' and 'NoneType'
[2026-07-16 14:20:44] [execution] ⚠ '>=' not supported between instances of 'float' and 'NoneType'
[2026-07-16 14:20:46] [execution] ⚠ '>=' not supported between instances of 'float' and 'NoneType'
[2026-07-16 14:20:48] [execution] ⚠ '>=' not supported between instances of 'float' and 'NoneType'
[2026-07-16 14:20:49] [regime] FINNIFTY: skipped (429 Client Error:  for url: https://api.dhan.co/v2/charts/intraday)
[2026-07-16 14:20:49] [regime] SENSEX: skipped (429 Client Error:  for url: https://api.dhan.co/v2/charts/intraday)
[2026-07-16 14:20:50] [execution] ⚠ '>=' not supported between instances of 'float' and 'NoneType'
[2026-07-16 14:20:52] [execution] ⚠ '>=' not supported between instances of 'float' and 'NoneType'
[2026-07-16 14:20:54] [execution] ⚠ '>=' not supported between instances of 'float' and 'NoneType'
[2026-07-16 14:20:56] [execution] ⚠ '>=' not supported between instances of 'float' and 'NoneType'
[2026-07-16 14:20:58] [execution] ⚠ '>=' not supported between instances of 'float' and 'NoneType'
[2026-07-16 14:21:00] [execution] ⚠ '>=' not supported between instances of 'float' and 'NoneType'
[2026-07-16 14:21:02] [execution] ⚠ '>=' not supported between instances of 'float' and 'NoneType'
[2026-07-16 14:21:04] [execution] ⚠ '>=' not supported between instances of 'float' and 'NoneType'
[2026-07-16 14:21:06] [execution] ⚠ '>=' not supported between instances of 'float' and 'NoneType'
[2026-07-16 14:21:08] [execution] ⚠ '>=' not supported between instances of 'float' and 'NoneType'
[2026-07-16 14:21:10] [execution] ⚠ '>=' not supported between instances of 'float' and 'NoneType'
[2026-07-16 14:21:12] [execution] ⚠ '>=' not supported between instances of 'float' and 'NoneType'
[2026-07-16 14:21:14] [execution] ⚠ '>=' not supported between instances of 'float' and 'NoneType'
[2026-07-16 14:21:16] [execution] ⚠ '>=' not supported between instances of 'float' and 'NoneType'
[2026-07-16 14:21:18] [execution] ⚠ '>=' not supported between instances of 'float' and 'NoneType'
[2026-07-16 14:21:20] [execution] ⚠ '>=' not supported between instances of 'float' and 'NoneType'
[2026-07-16 14:21:22] [execution] ⚠ '>=' not supported between instances of 'float' and 'NoneType'
[2026-07-16 14:21:24] [execution] ⚠ '>=' not supported between instances of 'float' and 'NoneType'
[2026-07-16 14:21:26] [execution] ⚠ '>=' not supported between instances of 'float' and 'NoneType'
[2026-07-16 14:21:28] [execution] ⚠ '>=' not supported between instances of 'float' and 'NoneType'
[2026-07-16 14:21:30] [execution] ⚠ '>=' not supported between instances of 'float' and 'NoneType'
[2026-07-16 14:21:32] [execution] ⚠ '>=' not supported between instances of 'float' and 'NoneType'
[2026-07-16 14:21:34] [execution] ⚠ '>=' not supported between instances of 'float' and 'NoneType'
[2026-07-16 14:21:36] [execution] ⚠ '>=' not supported between instances of 'float' and 'NoneType'
[2026-07-16 14:21:38] [execution] ⚠ '>=' not supported between instances of 'float' and 'NoneType'
[2026-07-16 14:21:40] [execution] ⚠ '>=' not supported between instances of 'float' and 'NoneType'
[2026-07-16 14:21:42] [execution] ⚠ '>=' not supported between instances of 'float' and 'NoneType'
[2026-07-16 14:21:44] [execution] ⚠ '>=' not supported between instances of 'float' and 'NoneType'
[2026-07-16 14:21:46] [execution] ⚠ '>=' not supported between instances of 'float' and 'NoneType'
[2026-07-16 14:21:48] [execution] ⚠ '>=' not supported between instances of 'float' and 'NoneType'
[2026-07-16 14:21:50] [execution] ⚠ '>=' not supported between instances of 'float' and 'NoneType'
[2026-07-16 14:21:52] [execution] ⚠ '>=' not supported between instances of 'float' and 'NoneType'
[2026-07-16 14:21:54] [execution] ⚠ '>=' not supported between instances of 'float' and 'NoneType'
[2026-07-16 14:21:56] [execution] ⚠ '>=' not supported between instances of 'float' and 'NoneType'
[2026-07-16 14:21:58] [execution] ⚠ '>=' not supported between instances of 'float' and 'NoneType'
[2026-07-16 14:22:00] [execution] ⚠ '>=' not supported between instances of 'float' and 'NoneType'
[2026-07-16 14:22:02] [execution] ⚠ '>=' not supported between instances of 'float' and 'NoneType'
[2026-07-16 14:22:04] [execution] ⚠ '>=' not supported between instances of 'float' and 'NoneType'
[2026-07-16 14:22:06] [execution] ⚠ '>=' not supported between instances of 'float' and 'NoneType'
[2026-07-16 14:22:08] [execution] ⚠ '>=' not supported between instances of 'float' and 'NoneType'
[2026-07-16 14:22:10] [execution] ⚠ '>=' not supported between instances of 'float' and 'NoneType'
[2026-07-16 14:22:12] [execution] ⚠ '>=' not supported between instances of 'float' and 'NoneType'
[2026-07-16 14:22:14] [execution] ⚠ '>=' not supported between instances of 'float' and 'NoneType'
[2026-07-16 14:22:16] [execution] ⚠ '>=' not supported between instances of 'float' and 'NoneType'
[2026-07-16 14:22:18] [execution] ⚠ '>=' not supported between instances of 'float' and 'NoneType'
[2026-07-16 14:22:19] [regime] BANKNIFTY: skipped (429 Client Error:  for url: https://api.dhan.co/v2/charts/intraday)
[2026-07-16 14:22:19] [regime] FINNIFTY: skipped (429 Client Error:  for url: https://api.dhan.co/v2/charts/intraday)
[2026-07-16 14:22:19] [regime] SENSEX: skipped (429 Client Error:  for url: https://api.dhan.co/v2/charts/intraday)
[2026-07-16 14:22:20] [execution] ⚠ '>=' not supported between instances of 'float' and 'NoneType'
[2026-07-16 14:22:22] [execution] ⚠ '>=' not supported between instances of 'float' and 'NoneType'
[2026-07-16 14:22:24] [execution] ⚠ '>=' not supported between instances of 'float' and 'NoneType'
[2026-07-16 14:22:26] [execution] ⚠ '>=' not supported between instances of 'float' and 'NoneType'
[2026-07-16 14:22:28] [execution] ⚠ '>=' not supported between instances of 'float' and 'NoneType'
[2026-07-16 14:22:30] [execution] ⚠ '>=' not supported between instances of 'float' and 'NoneType'
[2026-07-16 14:22:32] [execution] ⚠ '>=' not supported between instances of 'float' and 'NoneType'
[2026-07-16 14:22:34] [execution] ⚠ '>=' not supported between instances of 'float' and 'NoneType'
[2026-07-16 14:22:36] [execution] ⚠ '>=' not supported between instances of 'float' and 'NoneType'
[2026-07-16 14:22:38] [execution] ⚠ '>=' not supported between instances of 'float' and 'NoneType'
[2026-07-16 14:22:40] [execution] ⚠ '>=' not supported between instances of 'float' and 'NoneType'
[2026-07-16 14:22:43] [execution] ⚠ '>=' not supported between instances of 'float' and 'NoneType'
[2026-07-16 14:22:45] [execution] ⚠ '>=' not supported between instances of 'float' and 'NoneType'
[2026-07-16 14:22:47] [execution] ⚠ '>=' not supported between instances of 'float' and 'NoneType'
[2026-07-16 14:22:49] [execution] ⚠ '>=' not supported between instances of 'float' and 'NoneType'
[2026-07-16 14:22:51] [execution] ⚠ '>=' not supported between instances of 'float' and 'NoneType'
[2026-07-16 14:22:53] [execution] ⚠ '>=' not supported between instances of 'float' and 'NoneType'
[2026-07-16 14:22:55] [execution] ⚠ '>=' not supported between instances of 'float' and 'NoneType'
[2026-07-16 14:22:57] [execution] ⚠ '>=' not supported between instances of 'float' and 'NoneType'
[2026-07-16 14:22:59] [execution] ⚠ '>=' not supported between instances of 'float' and 'NoneType'
[2026-07-16 14:23:01] [execution] ⚠ '>=' not supported between instances of 'float' and 'NoneType'
[2026-07-16 14:23:03] [execution] ⚠ '>=' not supported between instances of 'float' and 'NoneType'
[2026-07-16 14:23:05] [execution] ⚠ '>=' not supported between instances of 'float' and 'NoneType'
[2026-07-16 14:23:07] [execution] ⚠ '>=' not supported between instances of 'float' and 'NoneType'
[2026-07-16 14:23:09] [execution] ⚠ '>=' not supported between instances of 'float' and 'NoneType'
[2026-07-16 14:23:11] [execution] ⚠ '>=' not supported between instances of 'float' and 'NoneType'
[2026-07-16 14:23:13] [execution] ⚠ '>=' not supported between instances of 'float' and 'NoneType'
[2026-07-16 14:23:15] [execution] ⚠ '>=' not supported between instances of 'float' and 'NoneType'
[2026-07-16 14:23:17] [execution] ⚠ '>=' not supported between instances of 'float' and 'NoneType'
[2026-07-16 14:23:19] [execution] ⚠ '>=' not supported between instances of 'float' and 'NoneType'
[2026-07-16 14:23:21] [execution] ⚠ '>=' not supported between instances of 'float' and 'NoneType'
[2026-07-16 14:23:23] [execution] ⚠ '>=' not supported between instances of 'float' and 'NoneType'
[2026-07-16 14:23:25] [execution] ⚠ '>=' not supported between instances of 'float' and 'NoneType'
[2026-07-16 14:23:27] [execution] ⚠ '>=' not supported between instances of 'float' and 'NoneType'
[2026-07-16 14:23:29] [execution] ⚠ '>=' not supported between instances of 'float' and 'NoneType'
[2026-07-16 14:23:31] [execution] ⚠ '>=' not supported between instances of 'float' and 'NoneType'
[2026-07-16 14:23:33] [execution] ⚠ '>=' not supported between instances of 'float' and 'NoneType'
[2026-07-16 14:23:35] [execution] ⚠ '>=' not supported between instances of 'float' and 'NoneType'
[2026-07-16 14:23:37] [execution] ⚠ '>=' not supported between instances of 'float' and 'NoneType'
[2026-07-16 14:23:39] [execution] ⚠ '>=' not supported between instances of 'float' and 'NoneType'
[2026-07-16 14:23:41] [execution] ⚠ '>=' not supported between instances of 'float' and 'NoneType'
[2026-07-16 14:23:43] [execution] ⚠ '>=' not supported between instances of 'float' and 'NoneType'
[2026-07-16 14:23:45] [execution] ⚠ '>=' not supported between instances of 'float' and 'NoneType'
[2026-07-16 14:23:47] [execution] ⚠ '>=' not supported between instances of 'float' and 'NoneType'
[2026-07-16 14:23:49] [execution] ⚠ '>=' not supported between instances of 'float' and 'NoneType'
[2026-07-16 14:23:50] [regime] FINNIFTY: skipped (429 Client Error:  for url: https://api.dhan.co/v2/charts/intraday)
[2026-07-16 14:23:50] [regime] SENSEX: skipped (429 Client Error:  for url: https://api.dhan.co/v2/charts/intraday)
[2026-07-16 14:23:51] [execution] ⚠ '>=' not supported between instances of 'float' and 'NoneType'
[2026-07-16 14:23:53] [execution] ⚠ '>=' not supported between instances of 'float' and 'NoneType'
[2026-07-16 14:23:55] [execution] ⚠ '>=' not supported between instances of 'float' and 'NoneType'
[2026-07-16 14:23:57] [execution] ⚠ '>=' not supported between instances of 'float' and 'NoneType'
[2026-07-16 14:23:59] [execution] ⚠ '>=' not supported between instances of 'float' and 'NoneType'
[2026-07-16 14:24:01] [execution] ⚠ '>=' not supported between instances of 'float' and 'NoneType'
[2026-07-16 14:24:03] [execution] ⚠ '>=' not supported between instances of 'float' and 'NoneType'
[2026-07-16 14:24:05] [execution] ⚠ '>=' not supported between instances of 'float' and 'NoneType'
[2026-07-16 14:24:07] [execution] ⚠ '>=' not supported between instances of 'float' and 'NoneType'
[2026-07-16 14:24:09] [execution] ⚠ '>=' not supported between instances of 'float' and 'NoneType'
[2026-07-16 14:24:11] [execution] ⚠ '>=' not supported between instances of 'float' and 'NoneType'
[2026-07-16 14:24:13] [execution] ⚠ '>=' not supported between instances of 'float' and 'NoneType'
[2026-07-16 14:24:15] [execution] ⚠ '>=' not supported between instances of 'float' and 'NoneType'
[2026-07-16 14:24:17] [execution] ⚠ '>=' not supported between instances of 'float' and 'NoneType'
[2026-07-16 14:24:19] [execution] ⚠ '>=' not supported between instances of 'float' and 'NoneType'
[2026-07-16 14:24:21] [execution] ⚠ '>=' not supported between instances of 'float' and 'NoneType'
[2026-07-16 14:24:23] [execution] ⚠ '>=' not supported between instances of 'float' and 'NoneType'
[2026-07-16 14:24:25] [execution] ⚠ '>=' not supported between instances of 'float' and 'NoneType'
[2026-07-16 14:24:27] [execution] ⚠ '>=' not supported between instances of 'float' and 'NoneType'
[2026-07-16 14:24:29] [execution] ⚠ '>=' not supported between instances of 'float' and 'NoneType'
[2026-07-16 14:24:31] [execution] ⚠ '>=' not supported between instances of 'float' and 'NoneType'
[2026-07-16 14:24:33] [execution] ⚠ '>=' not supported between instances of 'float' and 'NoneType'
[2026-07-16 14:24:35] [execution] ⚠ '>=' not supported between instances of 'float' and 'NoneType'
[2026-07-16 14:24:37] [execution] ⚠ '>=' not supported between instances of 'float' and 'NoneType'
[2026-07-16 14:24:39] [execution] ⚠ '>=' not supported between instances of 'float' and 'NoneType'
[2026-07-16 14:24:41] [execution] ⚠ '>=' not supported between instances of 'float' and 'NoneType'
[2026-07-16 14:24:43] [execution] ⚠ '>=' not supported between instances of 'float' and 'NoneType'
[2026-07-16 14:24:45] [execution] ⚠ '>=' not supported between instances of 'float' and 'NoneType'
[2026-07-16 14:24:47] [execution] ⚠ '>=' not supported between instances of 'float' and 'NoneType'
[2026-07-16 14:24:49] [execution] ⚠ '>=' not supported between instances of 'float' and 'NoneType'
[2026-07-16 14:24:51] [execution] ⚠ '>=' not supported between instances of 'float' and 'NoneType'
[2026-07-16 14:24:53] [execution] ⚠ '>=' not supported between instances of 'float' and 'NoneType'
[2026-07-16 14:24:55] [execution] ⚠ '>=' not supported between instances of 'float' and 'NoneType'
[2026-07-16 14:24:57] [execution] ⚠ '>=' not supported between instances of 'float' and 'NoneType'
[2026-07-16 14:24:59] [execution] ⚠ '>=' not supported between instances of 'float' and 'NoneType'
[2026-07-16 14:25:01] [execution] ⚠ '>=' not supported between instances of 'float' and 'NoneType'
[2026-07-16 14:25:03] [execution] ⚠ '>=' not supported between instances of 'float' and 'NoneType'
[2026-07-16 14:25:05] [execution] ⚠ '>=' not supported between instances of 'float' and 'NoneType'
[2026-07-16 14:25:07] [execution] ⚠ '>=' not supported between instances of 'float' and 'NoneType'
[2026-07-16 14:25:09] [execution] ⚠ '>=' not supported between instances of 'float' and 'NoneType'
[2026-07-16 14:25:11] [execution] ⚠ '>=' not supported between instances of 'float' and 'NoneType'
[2026-07-16 14:25:13] [execution] ⚠ '>=' not supported between instances of 'float' and 'NoneType'
[2026-07-16 14:25:15] [execution] ⚠ '>=' not supported between instances of 'float' and 'NoneType'
[2026-07-16 14:25:17] [execution] ⚠ '>=' not supported between instances of 'float' and 'NoneType'
[2026-07-16 14:25:19] [execution] ⚠ '>=' not supported between instances of 'float' and 'NoneType'
[2026-07-16 14:25:21] [regime] BANKNIFTY: skipped (429 Client Error:  for url: https://api.dhan.co/v2/charts/intraday)
[2026-07-16 14:25:21] [regime] FINNIFTY: skipped (429 Client Error:  for url: https://api.dhan.co/v2/charts/intraday)
[2026-07-16 14:25:21] [regime] SENSEX: skipped (429 Client Error:  for url: https://api.dhan.co/v2/charts/intraday)
[2026-07-16 14:25:21] [execution] ⚠ '>=' not supported between instances of 'float' and 'NoneType'
[2026-07-16 14:25:23] [execution] ⚠ '>=' not supported between instances of 'float' and 'NoneType'
[2026-07-16 14:25:25] [execution] ⚠ '>=' not supported between instances of 'float' and 'NoneType'
[2026-07-16 14:25:27] [execution] ⚠ '>=' not supported between instances of 'float' and 'NoneType'
[2026-07-16 14:25:29] [execution] ⚠ '>=' not supported between instances of 'float' and 'NoneType'
[2026-07-16 14:26:19] [orchestrator] restored 7 historical trades (7 today, ₹-2751 realized today)
[2026-07-16 14:34:29] [orchestrator] all 10 agents started on NIFTY+BANKNIFTY+FINNIFTY+SENSEX (PAPER)
[2026-07-16 14:34:39] [news] 🔔[HIGH] : News risk event: various headlines indicate mixed market performance with occasional bullish and bearish events
[2026-07-16 14:35:34] [strategy] SENSEX: BUY_CE 77300.0 conf 80%
[2026-07-16 14:35:34] [strategy] 🔔[MEDIUM] SENSEX: BUY CE 77300.0 signal generated (confidence 80%)
[2026-07-16 14:35:34] [risk] REJECTED — ✓ autopilot not halted (consecutive losses) · ✓ market open · ✓ no open position · ✓ trades 7/20 · ✓ confidence 80≥70 · ✓ valid price points · ✗ risk-reward 1.5 ≥ 1:2 · ✓ strike 77300.0 not OTM (ATM 77300.0) · ✓ regime 'mixed' allows ['BUY_CE', 'BUY_PE'] · ✗ timeframe confluence for CE (no-alignment) · ✗ news risk active (<1m old) · ✓ daily loss limit (risking ₹324, day P&L ₹0) · ✓ fresh SENSEX data (2s old)
[2026-07-16 14:35:34] [risk] 🔔[LOW] SENSEX: Signal REJECTED (80% conf): ✗ risk-reward 1.5 ≥ 1:2; ✗ timeframe confluence for CE (no-alignment); ✗ news risk active (<1m old)
[2026-07-16 14:37:51] [strategy] SENSEX: BUY_PE 77300.0 conf 80%
[2026-07-16 14:37:51] [strategy] 🔔[MEDIUM] SENSEX: BUY PE 77300.0 signal generated (confidence 80%)
[2026-07-16 14:37:54] [risk] REJECTED — ✓ autopilot not halted (consecutive losses) · ✓ market open · ✓ no open position · ✓ trades 7/20 · ✓ confidence 80≥70 · ✓ valid price points · ✗ risk-reward 1.2 ≥ 1:2 · ✓ strike 77300.0 not OTM (ATM 77300.0) · ✓ regime 'mixed' allows ['BUY_CE', 'BUY_PE'] · ✗ timeframe confluence for PE (no-alignment) · ✓ no fresh news-risk block · ✓ daily loss limit (risking ₹146, day P&L ₹0) · ✓ fresh SENSEX data (4s old)
[2026-07-16 14:37:54] [risk] 🔔[LOW] SENSEX: Signal REJECTED (80% conf): ✗ risk-reward 1.2 ≥ 1:2; ✗ timeframe confluence for PE (no-alignment)
[2026-07-16 14:40:31] [strategy] SENSEX: BUY_PE 77300.0 conf 80%
[2026-07-16 14:40:31] [strategy] 🔔[MEDIUM] SENSEX: BUY PE 77300.0 signal generated (confidence 80%)
[2026-07-16 14:40:34] [risk] REJECTED — ✓ autopilot not halted (consecutive losses) · ✓ market open · ✓ no open position · ✓ trades 7/20 · ✓ confidence 80≥70 · ✓ valid price points · ✗ risk-reward 1.2 ≥ 1:2 · ✓ strike 77300.0 not OTM (ATM 77300.0) · ✓ regime 'mixed' allows ['BUY_CE', 'BUY_PE'] · ✗ timeframe confluence for PE (no-alignment) · ✓ no fresh news-risk block · ✓ daily loss limit (risking ₹146, day P&L ₹0) · ✓ fresh SENSEX data (0s old)
[2026-07-16 14:40:34] [risk] 🔔[LOW] SENSEX: Signal REJECTED (80% conf): ✗ risk-reward 1.2 ≥ 1:2; ✗ timeframe confluence for PE (no-alignment)
[2026-07-16 14:42:07] [risk] REJECTED manual order — ✓ autopilot not halted (consecutive losses) · ✓ market open · ✓ no open position · ✓ trades 7/20 · ✓ confidence 80≥70 · ✓ valid price points · ✗ risk-reward 1.2 ≥ 1:2 · ✓ strike 77300.0 not OTM (ATM 77300.0) · ✓ regime 'mixed' allows ['BUY_CE', 'BUY_PE'] · ✗ timeframe confluence for PE (mixed-bull) · ✓ no fresh news-risk block · ✓ daily loss limit (risking ₹146, day P&L ₹0) · ✓ fresh SENSEX data (4s old)
[2026-07-16 14:42:20] [risk] REJECTED manual order — ✓ autopilot not halted (consecutive losses) · ✓ market open · ✓ no open position · ✓ trades 7/20 · ✓ confidence 70≥70 · ✓ valid price points · ✗ risk-reward 0.8 ≥ 1:2 · ✓ strike 77300.0 not OTM (ATM 77300.0) · ✓ regime 'mixed' allows ['BUY_CE', 'BUY_PE'] · ✗ timeframe confluence for PE (mixed-bull) · ✓ no fresh news-risk block · ✓ daily loss limit (risking ₹1307, day P&L ₹0) · ✓ fresh SENSEX data (6s old)
[2026-07-16 14:42:31] [risk] REJECTED manual order — ✓ autopilot not halted (consecutive losses) · ✓ market open · ✓ no open position · ✓ trades 7/20 · ✓ confidence 70≥70 · ✓ valid price points · ✗ risk-reward 0.8 ≥ 1:2 · ✓ strike 77300.0 not OTM (ATM 77300.0) · ✓ regime 'mixed' allows ['BUY_CE', 'BUY_PE'] · ✗ timeframe confluence for PE (mixed-bull) · ✓ no fresh news-risk block · ✓ daily loss limit (risking ₹1307, day P&L ₹0) · ✓ fresh SENSEX data (4s old)
[2026-07-16 14:42:36] [strategy] SENSEX: BUY_PE 77300.0 conf 70%
[2026-07-16 14:42:36] [strategy] 🔔[MEDIUM] SENSEX: BUY PE 77300.0 signal generated (confidence 70%)
[2026-07-16 14:42:40] [risk] REJECTED — ✓ autopilot not halted (consecutive losses) · ✓ market open · ✓ no open position · ✓ trades 7/20 · ✓ confidence 70≥70 · ✓ valid price points · ✗ risk-reward 0.8 ≥ 1:2 · ✓ strike 77300.0 not OTM (ATM 77300.0) · ✓ regime 'mixed' allows ['BUY_CE', 'BUY_PE'] · ✗ timeframe confluence for PE (mixed-bull) · ✓ no fresh news-risk block · ✓ daily loss limit (risking ₹1307, day P&L ₹0) · ✓ fresh SENSEX data (6s old)
[2026-07-16 14:42:40] [risk] 🔔[LOW] SENSEX: Signal REJECTED (70% conf): ✗ risk-reward 0.8 ≥ 1:2; ✗ timeframe confluence for PE (mixed-bull)
[2026-07-16 14:44:36] [strategy] SENSEX: BUY_PE 77300.0 conf 70%
[2026-07-16 14:44:36] [strategy] 🔔[MEDIUM] SENSEX: BUY PE 77300.0 signal generated (confidence 70%)
[2026-07-16 14:44:40] [risk] REJECTED — ✓ autopilot not halted (consecutive losses) · ✓ market open · ✓ no open position · ✓ trades 7/20 · ✓ confidence 70≥70 · ✓ valid price points · ✗ risk-reward 0.8 ≥ 1:2 · ✓ strike 77300.0 not OTM (ATM 77300.0) · ✓ regime 'mixed' allows ['BUY_CE', 'BUY_PE'] · ✗ timeframe confluence for PE (mixed-bull) · ✓ no fresh news-risk block · ✓ daily loss limit (risking ₹1307, day P&L ₹0) · ✓ fresh SENSEX data (1s old)
[2026-07-16 14:44:40] [risk] 🔔[LOW] SENSEX: Signal REJECTED (70% conf): ✗ risk-reward 0.8 ≥ 1:2; ✗ timeframe confluence for PE (mixed-bull)
[2026-07-16 14:47:03] [strategy] SENSEX: BUY_PE 77300 conf 60%
[2026-07-16 14:47:03] [strategy] 🔔[MEDIUM] SENSEX: BUY PE 77300 signal generated (confidence 60%)
[2026-07-16 14:47:05] [risk] REJECTED — ✓ autopilot not halted (consecutive losses) · ✓ market open · ✓ no open position · ✓ trades 7/20 · ✗ confidence 60≥70 · ✓ valid price points · ✗ risk-reward 0.0 ≥ 1:2 · ✓ strike 77300 not OTM (ATM 77300.0) · ✓ regime 'mixed' allows ['BUY_CE', 'BUY_PE'] · ✗ timeframe confluence for PE (mixed-bull) · ✓ no fresh news-risk block · ✓ daily loss limit (risking ₹-102, day P&L ₹0) · ✓ fresh SENSEX data (2s old)
[2026-07-16 14:47:05] [risk] 🔔[LOW] SENSEX: Signal REJECTED (60% conf): ✗ confidence 60≥70; ✗ risk-reward 0.0 ≥ 1:2; ✗ timeframe confluence for PE (mixed-bull)
[2026-07-16 14:49:38] [strategy] SENSEX: BUY_PE 77300 conf 60%
[2026-07-16 14:49:38] [strategy] 🔔[MEDIUM] SENSEX: BUY PE 77300 signal generated (confidence 60%)
[2026-07-16 14:49:40] [risk] REJECTED — ✓ autopilot not halted (consecutive losses) · ✓ market open · ✓ no open position · ✓ trades 7/20 · ✗ confidence 60≥70 · ✓ valid price points · ✗ risk-reward 0.0 ≥ 1:2 · ✓ strike 77300 not OTM (ATM 77300.0) · ✓ regime 'mixed' allows ['BUY_CE', 'BUY_PE'] · ✗ timeframe confluence for PE (mixed-bull) · ✓ no fresh news-risk block · ✓ daily loss limit (risking ₹-102, day P&L ₹0) · ✓ fresh SENSEX data (6s old)
[2026-07-16 14:49:40] [risk] 🔔[LOW] SENSEX: Signal REJECTED (60% conf): ✗ confidence 60≥70; ✗ risk-reward 0.0 ≥ 1:2; ✗ timeframe confluence for PE (mixed-bull)
[2026-07-16 14:51:38] [strategy] SENSEX: BUY_PE 77300.0 conf 85%
[2026-07-16 14:51:38] [strategy] 🔔[MEDIUM] SENSEX: BUY PE 77300.0 signal generated (confidence 85%)
[2026-07-16 14:51:40] [risk] REJECTED — ✓ autopilot not halted (consecutive losses) · ✓ market open · ✓ no open position · ✓ trades 7/20 · ✓ confidence 85≥70 · ✓ valid price points · ✗ risk-reward 0.6 ≥ 1:2 · ✓ strike 77300.0 not OTM (ATM 77300.0) · ✗ regime 'trending-up' allows ['BUY_CE'] · ✗ timeframe confluence for PE (mixed-bull) · ✓ no fresh news-risk block · ✓ daily loss limit (risking ₹498, day P&L ₹0) · ✓ fresh SENSEX data (1s old)
[2026-07-16 14:51:40] [risk] 🔔[LOW] SENSEX: Signal REJECTED (85% conf): ✗ risk-reward 0.6 ≥ 1:2; ✗ regime 'trending-up' allows ['BUY_CE']; ✗ timeframe confluence for PE (mixed-bull)
[2026-07-16 14:53:43] [strategy] SENSEX: BUY_PE 77300.0 conf 85%
[2026-07-16 14:53:43] [strategy] 🔔[MEDIUM] SENSEX: BUY PE 77300.0 signal generated (confidence 85%)
[2026-07-16 14:53:45] [risk] REJECTED — ✓ autopilot not halted (consecutive losses) · ✓ market open · ✓ no open position · ✓ trades 7/20 · ✓ confidence 85≥70 · ✓ valid price points · ✗ risk-reward 0.6 ≥ 1:2 · ✓ strike 77300.0 not OTM (ATM 77300.0) · ✗ regime 'trending-up' allows ['BUY_CE'] · ✗ timeframe confluence for PE (no-alignment) · ✓ no fresh news-risk block · ✓ daily loss limit (risking ₹498, day P&L ₹0) · ✓ fresh SENSEX data (1s old)
[2026-07-16 14:53:45] [risk] 🔔[LOW] SENSEX: Signal REJECTED (85% conf): ✗ risk-reward 0.6 ≥ 1:2; ✗ regime 'trending-up' allows ['BUY_CE']; ✗ timeframe confluence for PE (no-alignment)
[2026-07-16 14:54:31] [market_data] ⚠ ('Connection aborted.', RemoteDisconnected('Remote end closed connection without response'))
[2026-07-16 14:54:51] [risk] REJECTED manual order — ✓ autopilot not halted (consecutive losses) · ✓ market open · ✓ no open position · ✓ trades 7/20 · ✓ confidence 85≥70 · ✓ valid price points · ✗ risk-reward 0.6 ≥ 1:2 · ✓ strike 77300.0 not OTM (ATM 77300.0) · ✗ regime 'trending-up' allows ['BUY_CE'] · ✗ timeframe confluence for PE (no-alignment) · ✓ no fresh news-risk block · ✓ daily loss limit (risking ₹498, day P&L ₹0) · ✓ fresh SENSEX data (4s old)
[2026-07-16 14:56:35] [strategy] SENSEX: BUY_PE 77300.0 conf 75%
[2026-07-16 14:56:35] [strategy] 🔔[MEDIUM] SENSEX: BUY PE 77300.0 signal generated (confidence 75%)
[2026-07-16 14:56:39] [risk] REJECTED — ✓ autopilot not halted (consecutive losses) · ✓ market open · ✓ no open position · ✓ trades 7/20 · ✓ confidence 75≥70 · ✓ valid price points · ✗ risk-reward -0.5 ≥ 1:2 · ✓ strike 77300.0 not OTM (ATM 77300.0) · ✗ regime 'trending-up' allows ['BUY_CE'] · ✗ timeframe confluence for PE (no-alignment) · ✓ no fresh news-risk block · ✓ daily loss limit (risking ₹2320, day P&L ₹0) · ✓ fresh SENSEX data (5s old)
[2026-07-16 14:56:39] [risk] 🔔[LOW] SENSEX: Signal REJECTED (75% conf): ✗ risk-reward -0.5 ≥ 1:2; ✗ regime 'trending-up' allows ['BUY_CE']; ✗ timeframe confluence for PE (no-alignment)
[2026-07-16 14:59:05] [strategy] SENSEX: BUY_PE 77300.0 conf 75%
[2026-07-16 14:59:05] [strategy] 🔔[MEDIUM] SENSEX: BUY PE 77300.0 signal generated (confidence 75%)
[2026-07-16 14:59:09] [risk] REJECTED — ✓ autopilot not halted (consecutive losses) · ✓ market open · ✓ no open position · ✓ trades 7/20 · ✓ confidence 75≥70 · ✓ valid price points · ✗ risk-reward -0.5 ≥ 1:2 · ✗ strike 77300.0 not OTM (ATM 77400.0) · ✗ regime 'trending-up' allows ['BUY_CE'] · ✗ timeframe confluence for PE (no-alignment) · ✓ no fresh news-risk block · ✓ daily loss limit (risking ₹2320, day P&L ₹0) · ✓ fresh SENSEX data (4s old)
[2026-07-16 14:59:09] [risk] 🔔[LOW] SENSEX: Signal REJECTED (75% conf): ✗ risk-reward -0.5 ≥ 1:2; ✗ strike 77300.0 not OTM (ATM 77400.0); ✗ regime 'trending-up' allows ['BUY_CE']; ✗ timeframe confluence for PE (no-alignment)
[2026-07-16 15:01:05] [strategy] SENSEX: BUY_PE 77400.0 conf 80%
[2026-07-16 15:01:05] [strategy] 🔔[MEDIUM] SENSEX: BUY PE 77400.0 signal generated (confidence 80%)
[2026-07-16 15:01:09] [risk] REJECTED — ✓ autopilot not halted (consecutive losses) · ✓ market open · ✓ no open position · ✓ trades 7/20 · ✓ confidence 80≥70 · ✓ valid price points · ✗ risk-reward 1.5 ≥ 1:2 · ✓ strike 77400.0 not OTM (ATM 77400.0) · ✗ regime 'trending-up' allows ['BUY_CE'] · ✗ timeframe confluence for PE (no-alignment) · ✓ no fresh news-risk block · ✓ daily loss limit (risking ₹1059, day P&L ₹0) · ✓ fresh SENSEX data (5s old)
[2026-07-16 15:01:09] [risk] 🔔[LOW] SENSEX: Signal REJECTED (80% conf): ✗ risk-reward 1.5 ≥ 1:2; ✗ regime 'trending-up' allows ['BUY_CE']; ✗ timeframe confluence for PE (no-alignment)
[2026-07-16 15:03:05] [strategy] SENSEX: BUY_PE 77400.0 conf 80%
[2026-07-16 15:03:05] [strategy] 🔔[MEDIUM] SENSEX: BUY PE 77400.0 signal generated (confidence 80%)
[2026-07-16 15:03:09] [risk] REJECTED — ✓ autopilot not halted (consecutive losses) · ✓ market open · ✓ no open position · ✓ trades 7/20 · ✓ confidence 80≥70 · ✓ valid price points · ✗ risk-reward 1.5 ≥ 1:2 · ✓ strike 77400.0 not OTM (ATM 77200.0) · ✗ regime 'trending-up' allows ['BUY_CE'] · ✗ timeframe confluence for PE (no-alignment) · ✓ no fresh news-risk block · ✓ daily loss limit (risking ₹1059, day P&L ₹0) · ✓ fresh SENSEX data (6s old)
[2026-07-16 15:03:09] [risk] 🔔[LOW] SENSEX: Signal REJECTED (80% conf): ✗ risk-reward 1.5 ≥ 1:2; ✗ regime 'trending-up' allows ['BUY_CE']; ✗ timeframe confluence for PE (no-alignment)
[2026-07-16 15:07:43] [strategy] SENSEX: BUY_CE 77200.0 conf 95%
[2026-07-16 15:07:43] [strategy] 🔔[MEDIUM] SENSEX: BUY CE 77200.0 signal generated (confidence 95%)
[2026-07-16 15:07:46] [risk] REJECTED — ✓ autopilot not halted (consecutive losses) · ✓ market open · ✓ no open position · ✓ trades 7/20 · ✓ confidence 95≥70 · ✓ valid price points · ✓ risk-reward 2.0 ≥ 1:2 · ✓ strike 77200.0 not OTM (ATM 77200.0) · ✓ regime 'mixed' allows ['BUY_CE', 'BUY_PE'] · ✗ timeframe confluence for CE (no-alignment) · ✓ no fresh news-risk block · ✓ daily loss limit (risking ₹258, day P&L ₹0) · ✓ fresh SENSEX data (8s old)
[2026-07-16 15:07:46] [risk] 🔔[LOW] SENSEX: Signal REJECTED (95% conf): ✗ timeframe confluence for CE (no-alignment)
[2026-07-16 15:10:51] [strategy] SENSEX: BUY_PE 77200 conf 80%
[2026-07-16 15:10:51] [strategy] 🔔[MEDIUM] SENSEX: BUY PE 77200 signal generated (confidence 80%)
[2026-07-16 15:10:54] [risk] REJECTED — ✓ autopilot not halted (consecutive losses) · ✓ market open · ✓ no open position · ✓ trades 7/20 · ✓ confidence 80≥70 · ✓ valid price points · ✗ risk-reward 1.2 ≥ 1:2 · ✓ strike 77200 not OTM (ATM 77200.0) · ✓ regime 'mixed' allows ['BUY_CE', 'BUY_PE'] · ✗ timeframe confluence for PE (no-alignment) · ✓ no fresh news-risk block · ✓ daily loss limit (risking ₹235, day P&L ₹0) · ✓ fresh SENSEX data (0s old)
[2026-07-16 15:10:54] [risk] 🔔[LOW] SENSEX: Signal REJECTED (80% conf): ✗ risk-reward 1.2 ≥ 1:2; ✗ timeframe confluence for PE (no-alignment)
[2026-07-16 15:18:00] [strategy] SENSEX: BUY_PE 77200.0 conf 80%
[2026-07-16 15:18:00] [strategy] 🔔[MEDIUM] SENSEX: BUY PE 77200.0 signal generated (confidence 80%)
[2026-07-16 15:18:03] [risk] REJECTED — ✓ autopilot not halted (consecutive losses) · ✓ market open · ✓ no open position · ✓ trades 7/20 · ✓ confidence 80≥70 · ✓ valid price points · ✗ risk-reward 1.0 ≥ 1:2 · ✓ strike 77200.0 not OTM (ATM 77200.0) · ✓ regime 'mixed' allows ['BUY_CE', 'BUY_PE'] · ✗ timeframe confluence for PE (no-alignment) · ✓ no fresh news-risk block · ✓ daily loss limit (risking ₹1474, day P&L ₹0) · ✓ fresh SENSEX data (5s old)
[2026-07-16 15:18:03] [risk] 🔔[LOW] SENSEX: Signal REJECTED (80% conf): ✗ risk-reward 1.0 ≥ 1:2; ✗ timeframe confluence for PE (no-alignment)
[2026-07-16 15:20:20] [strategy] SENSEX: BUY_PE 77200.0 conf 80%
[2026-07-16 15:20:20] [strategy] 🔔[MEDIUM] SENSEX: BUY PE 77200.0 signal generated (confidence 80%)
[2026-07-16 15:20:23] [risk] REJECTED — ✓ autopilot not halted (consecutive losses) · ✓ market open · ✓ no open position · ✓ trades 7/20 · ✓ confidence 80≥70 · ✓ valid price points · ✗ risk-reward 1.0 ≥ 1:2 · ✓ strike 77200.0 not OTM (ATM 77200.0) · ✓ regime 'mixed' allows ['BUY_CE', 'BUY_PE'] · ✗ timeframe confluence for PE (no-alignment) · ✓ no fresh news-risk block · ✓ daily loss limit (risking ₹1474, day P&L ₹0) · ✓ fresh SENSEX data (6s old)
[2026-07-16 15:20:23] [risk] 🔔[LOW] SENSEX: Signal REJECTED (80% conf): ✗ risk-reward 1.0 ≥ 1:2; ✗ timeframe confluence for PE (no-alignment)
[2026-07-16 15:23:13] [risk] REJECTED manual order — ✓ autopilot not halted (consecutive losses) · ✓ market open · ✓ no open position · ✓ trades 7/20 · ✓ confidence 80≥70 · ✓ valid price points · ✗ risk-reward 1.0 ≥ 1:2 · ✓ strike 77200.0 not OTM (ATM 24050.0) · ✓ regime 'mixed' allows ['BUY_CE', 'BUY_PE'] · ✗ timeframe confluence for PE (no-alignment) · ✓ no fresh news-risk block · ✗ daily loss limit (risking ₹5528, day P&L ₹0) · ✓ fresh NIFTY data (1s old)
[2026-07-16 15:23:17] [strategy] hard-reject reason present; 15-min backoff
[2026-07-16 15:25:16] [volatility] 🔔[HIGH] SENSEX: IV jumped 25% in ~15m (now 13.7%) alongside a spot move of -38.6 — possible news/event-driven volatility spike. Widen stops / reduce size.
[2026-07-16 15:31:44] [risk] REJECTED manual order — ✓ autopilot not halted (consecutive losses) · ✗ market open · ✓ no open position · ✓ trades 7/20 · ✓ confidence 80≥70 · ✓ valid price points · ✗ risk-reward 1.6 ≥ 1:2 · ✓ strike 24050.0 not OTM (ATM 24050.0) · ✗ regime is choppy — avoid directional buys · ✗ timeframe confluence for CE (no-alignment) · ✓ no fresh news-risk block · ✗ daily loss limit (risking ₹5359, day P&L ₹0) · ✓ fresh NIFTY data (1s old)
[2026-07-16 15:37:18] [learning] journal: 7 trades, P&L ₹-2751
[2026-07-16 15:40:21] [volatility] 🔔[HIGH] SENSEX: IV jumped 25% in ~15m (now 17.1%) alongside a spot move of +30.9 — possible news/event-driven volatility spike. Widen stops / reduce size.
[2026-07-16 16:15:33] [market_data] ⚠ BSE SENSEX chain unavailable via public API (Could not find a suitable TLS CA certificate bundle, invalid path: /Users/user/Documents/Stock Tools/LTP Monitor v2/ltp-monitor/venv/lib/python3.14/site-packages/certifi/cacert.pem). Use a broker feed (broker_adapter.py) for SENSEX.
[2026-07-16 16:18:11] [orchestrator] restored 7 historical trades (7 today, ₹-2751 realized today)
[2026-07-16 16:20:04] [orchestrator] all 10 agents started on NIFTY+BANKNIFTY+FINNIFTY+SENSEX (PAPER)
[2026-07-16 16:20:51] [learning] journal: 7 trades, P&L ₹-2751
[2026-07-16 16:25:27] [orchestrator] restored 7 historical trades (7 today, ₹-2751 realized today)
[2026-07-16 16:27:43] [orchestrator] all 10 agents started on NIFTY+BANKNIFTY+FINNIFTY+SENSEX (PAPER)
[2026-07-16 16:28:09] [learning] journal: 7 trades, P&L ₹-2751
[2026-07-16 18:20:53] [market_data] ⚠ 500 Server Error: Internal Server Error for url: https://api.dhan.co/v2/optionchain
[2026-07-16 18:20:56] [market_data] ⚠ 500 Server Error: Internal Server Error for url: https://api.dhan.co/v2/optionchain
[2026-07-16 18:21:00] [market_data] ⚠ 500 Server Error: Internal Server Error for url: https://api.dhan.co/v2/optionchain
[2026-07-16 18:21:03] [market_data] ⚠ 500 Server Error: Internal Server Error for url: https://api.dhan.co/v2/optionchain
[2026-07-16 18:21:06] [market_data] ⚠ 500 Server Error: Internal Server Error for url: https://api.dhan.co/v2/optionchain
[2026-07-16 18:21:09] [market_data] ⚠ 500 Server Error: Internal Server Error for url: https://api.dhan.co/v2/optionchain
[2026-07-16 18:21:12] [market_data] ⚠ 500 Server Error: Internal Server Error for url: https://api.dhan.co/v2/optionchain
[2026-07-16 18:21:16] [market_data] ⚠ 500 Server Error: Internal Server Error for url: https://api.dhan.co/v2/optionchain
[2026-07-16 18:21:19] [market_data] ⚠ 500 Server Error: Internal Server Error for url: https://api.dhan.co/v2/optionchain
[2026-07-17 01:18:38] [market_data] ⚠ HTTPSConnectionPool(host='api.dhan.co', port=443): Read timed out. (read timeout=15)
[2026-07-17 05:34:59] [market_data] ⚠ HTTPSConnectionPool(host='api.dhan.co', port=443): Read timed out. (read timeout=15)
[2026-07-17 07:40:32] [market_data] ⚠ 502 Server Error: Bad Gateway for url: https://api.dhan.co/v2/optionchain
[2026-07-17 07:40:35] [market_data] ⚠ 502 Server Error: Bad Gateway for url: https://api.dhan.co/v2/optionchain
[2026-07-17 07:40:38] [market_data] ⚠ 502 Server Error: Bad Gateway for url: https://api.dhan.co/v2/optionchain
[2026-07-17 07:40:41] [market_data] ⚠ 502 Server Error: Bad Gateway for url: https://api.dhan.co/v2/optionchain/expirylist
[2026-07-17 07:40:45] [market_data] ⚠ 502 Server Error: Bad Gateway for url: https://api.dhan.co/v2/optionchain
[2026-07-17 07:40:48] [market_data] ⚠ 502 Server Error: Bad Gateway for url: https://api.dhan.co/v2/optionchain
[2026-07-17 07:40:51] [market_data] ⚠ 502 Server Error: Bad Gateway for url: https://api.dhan.co/v2/optionchain
[2026-07-17 07:40:54] [market_data] ⚠ 502 Server Error: Bad Gateway for url: https://api.dhan.co/v2/optionchain
[2026-07-17 07:40:57] [market_data] ⚠ 502 Server Error: Bad Gateway for url: https://api.dhan.co/v2/optionchain
[2026-07-17 07:41:01] [market_data] ⚠ 502 Server Error: Bad Gateway for url: https://api.dhan.co/v2/optionchain/expirylist
[2026-07-17 07:41:04] [market_data] ⚠ 502 Server Error: Bad Gateway for url: https://api.dhan.co/v2/optionchain
[2026-07-17 07:41:07] [market_data] ⚠ 502 Server Error: Bad Gateway for url: https://api.dhan.co/v2/optionchain
[2026-07-17 07:41:10] [market_data] ⚠ 502 Server Error: Bad Gateway for url: https://api.dhan.co/v2/optionchain
[2026-07-17 07:41:14] [market_data] ⚠ 502 Server Error: Bad Gateway for url: https://api.dhan.co/v2/optionchain
[2026-07-17 07:41:17] [market_data] ⚠ 502 Server Error: Bad Gateway for url: https://api.dhan.co/v2/optionchain
[2026-07-17 07:42:22] [market_data] ⚠ 502 Server Error: Bad Gateway for url: https://api.dhan.co/v2/optionchain/expirylist
[2026-07-17 07:42:25] [market_data] ⚠ 502 Server Error: Bad Gateway for url: https://api.dhan.co/v2/optionchain
[2026-07-17 07:42:28] [market_data] ⚠ 502 Server Error: Bad Gateway for url: https://api.dhan.co/v2/optionchain
[2026-07-17 07:42:31] [market_data] ⚠ 502 Server Error: Bad Gateway for url: https://api.dhan.co/v2/optionchain
[2026-07-17 07:42:34] [market_data] ⚠ 502 Server Error: Bad Gateway for url: https://api.dhan.co/v2/optionchain
[2026-07-17 07:42:41] [market_data] ⚠ 502 Server Error: Bad Gateway for url: https://api.dhan.co/v2/optionchain
[2026-07-17 07:42:44] [market_data] ⚠ 502 Server Error: Bad Gateway for url: https://api.dhan.co/v2/optionchain/expirylist
[2026-07-17 07:42:47] [market_data] ⚠ 502 Server Error: Bad Gateway for url: https://api.dhan.co/v2/optionchain
[2026-07-17 07:42:50] [market_data] ⚠ 502 Server Error: Bad Gateway for url: https://api.dhan.co/v2/optionchain
[2026-07-17 07:42:54] [market_data] ⚠ 502 Server Error: Bad Gateway for url: https://api.dhan.co/v2/optionchain
[2026-07-17 07:42:57] [market_data] ⚠ 502 Server Error: Bad Gateway for url: https://api.dhan.co/v2/optionchain
[2026-07-17 07:43:00] [market_data] ⚠ 502 Server Error: Bad Gateway for url: https://api.dhan.co/v2/optionchain
[2026-07-17 07:43:03] [market_data] ⚠ 502 Server Error: Bad Gateway for url: https://api.dhan.co/v2/optionchain/expirylist
[2026-07-17 08:05:39] [market_data] ⚠ 500 Server Error: Internal Server Error for url: https://api.dhan.co/v2/optionchain
[2026-07-17 08:05:46] [market_data] ⚠ 500 Server Error: Internal Server Error for url: https://api.dhan.co/v2/optionchain
[2026-07-17 08:05:49] [market_data] ⚠ 500 Server Error: Internal Server Error for url: https://api.dhan.co/v2/optionchain
[2026-07-17 08:05:52] [market_data] ⚠ 500 Server Error: Internal Server Error for url: https://api.dhan.co/v2/optionchain
[2026-07-17 08:05:55] [market_data] ⚠ 500 Server Error: Internal Server Error for url: https://api.dhan.co/v2/optionchain
[2026-07-17 08:06:01] [market_data] ⚠ 500 Server Error: Internal Server Error for url: https://api.dhan.co/v2/optionchain
[2026-07-17 08:06:05] [market_data] ⚠ 500 Server Error: Internal Server Error for url: https://api.dhan.co/v2/optionchain
[2026-07-17 08:06:08] [market_data] ⚠ 500 Server Error: Internal Server Error for url: https://api.dhan.co/v2/optionchain
[2026-07-17 08:06:11] [market_data] ⚠ 500 Server Error: Internal Server Error for url: https://api.dhan.co/v2/optionchain
[2026-07-17 08:06:14] [market_data] ⚠ 500 Server Error: Internal Server Error for url: https://api.dhan.co/v2/optionchain
[2026-07-17 08:06:21] [market_data] ⚠ 500 Server Error: Internal Server Error for url: https://api.dhan.co/v2/optionchain
[2026-07-17 08:32:34] [market_data] ⚠ 400 Client Error: Bad Request for url: https://api.dhan.co/v2/optionchain
[2026-07-17 08:32:46] [market_data] ⚠ 400 Client Error: Bad Request for url: https://api.dhan.co/v2/optionchain
[2026-07-17 08:32:53] [market_data] ⚠ 400 Client Error: Bad Request for url: https://api.dhan.co/v2/optionchain
[2026-07-17 08:32:59] [market_data] ⚠ 400 Client Error: Bad Request for url: https://api.dhan.co/v2/optionchain
[2026-07-17 08:33:06] [market_data] ⚠ 400 Client Error: Bad Request for url: https://api.dhan.co/v2/optionchain
[2026-07-17 08:33:12] [market_data] ⚠ 400 Client Error: Bad Request for url: https://api.dhan.co/v2/optionchain
[2026-07-17 08:33:19] [market_data] ⚠ 400 Client Error: Bad Request for url: https://api.dhan.co/v2/optionchain
[2026-07-17 08:33:25] [market_data] ⚠ 400 Client Error: Bad Request for url: https://api.dhan.co/v2/optionchain
[2026-07-17 08:33:32] [market_data] ⚠ 400 Client Error: Bad Request for url: https://api.dhan.co/v2/optionchain
[2026-07-17 08:33:44] [market_data] ⚠ 400 Client Error: Bad Request for url: https://api.dhan.co/v2/optionchain
[2026-07-17 08:33:51] [market_data] ⚠ 400 Client Error: Bad Request for url: https://api.dhan.co/v2/optionchain
[2026-07-17 08:33:57] [market_data] ⚠ 400 Client Error: Bad Request for url: https://api.dhan.co/v2/optionchain
[2026-07-17 08:34:04] [market_data] ⚠ 400 Client Error: Bad Request for url: https://api.dhan.co/v2/optionchain
[2026-07-17 08:34:10] [market_data] ⚠ 400 Client Error: Bad Request for url: https://api.dhan.co/v2/optionchain
[2026-07-17 08:34:16] [market_data] ⚠ 400 Client Error: Bad Request for url: https://api.dhan.co/v2/optionchain
[2026-07-17 08:34:23] [market_data] ⚠ 400 Client Error: Bad Request for url: https://api.dhan.co/v2/optionchain
[2026-07-17 08:34:29] [market_data] ⚠ 400 Client Error: Bad Request for url: https://api.dhan.co/v2/optionchain
[2026-07-17 08:34:36] [market_data] ⚠ 400 Client Error: Bad Request for url: https://api.dhan.co/v2/optionchain
[2026-07-17 08:34:45] [market_data] ⚠ 400 Client Error: Bad Request for url: https://api.dhan.co/v2/optionchain
[2026-07-17 08:34:52] [market_data] ⚠ 400 Client Error: Bad Request for url: https://api.dhan.co/v2/optionchain
[2026-07-17 08:34:58] [market_data] ⚠ 400 Client Error: Bad Request for url: https://api.dhan.co/v2/optionchain
[2026-07-17 08:35:04] [market_data] ⚠ 400 Client Error: Bad Request for url: https://api.dhan.co/v2/optionchain
[2026-07-17 08:35:11] [market_data] ⚠ 400 Client Error: Bad Request for url: https://api.dhan.co/v2/optionchain
[2026-07-17 08:35:17] [market_data] ⚠ 400 Client Error: Bad Request for url: https://api.dhan.co/v2/optionchain
[2026-07-17 08:35:24] [market_data] ⚠ 400 Client Error: Bad Request for url: https://api.dhan.co/v2/optionchain
[2026-07-17 08:35:30] [market_data] ⚠ 400 Client Error: Bad Request for url: https://api.dhan.co/v2/optionchain
[2026-07-17 08:45:13] [market_data] ⚠ 500 Server Error: Internal Server Error for url: https://api.dhan.co/v2/optionchain
[2026-07-17 08:45:16] [market_data] ⚠ 500 Server Error: Internal Server Error for url: https://api.dhan.co/v2/optionchain
[2026-07-17 08:45:19] [market_data] ⚠ 500 Server Error: Internal Server Error for url: https://api.dhan.co/v2/optionchain
[2026-07-17 08:45:22] [market_data] ⚠ 500 Server Error: Internal Server Error for url: https://api.dhan.co/v2/optionchain
[2026-07-17 08:45:25] [market_data] ⚠ 500 Server Error: Internal Server Error for url: https://api.dhan.co/v2/optionchain
[2026-07-17 08:45:29] [market_data] ⚠ 500 Server Error: Internal Server Error for url: https://api.dhan.co/v2/optionchain
[2026-07-17 08:45:32] [market_data] ⚠ 500 Server Error: Internal Server Error for url: https://api.dhan.co/v2/optionchain
[2026-07-17 08:45:35] [market_data] ⚠ 500 Server Error: Internal Server Error for url: https://api.dhan.co/v2/optionchain
[2026-07-17 08:45:38] [market_data] ⚠ 500 Server Error: Internal Server Error for url: https://api.dhan.co/v2/optionchain
[2026-07-17 08:45:41] [market_data] ⚠ 500 Server Error: Internal Server Error for url: https://api.dhan.co/v2/optionchain
[2026-07-17 08:45:45] [market_data] ⚠ 500 Server Error: Internal Server Error for url: https://api.dhan.co/v2/optionchain
[2026-07-17 08:45:48] [market_data] ⚠ 500 Server Error: Internal Server Error for url: https://api.dhan.co/v2/optionchain
[2026-07-17 08:45:51] [market_data] ⚠ 500 Server Error: Internal Server Error for url: https://api.dhan.co/v2/optionchain
[2026-07-17 08:45:54] [market_data] ⚠ 500 Server Error: Internal Server Error for url: https://api.dhan.co/v2/optionchain
[2026-07-17 08:45:57] [market_data] ⚠ 500 Server Error: Internal Server Error for url: https://api.dhan.co/v2/optionchain
[2026-07-17 08:46:01] [market_data] ⚠ 500 Server Error: Internal Server Error for url: https://api.dhan.co/v2/optionchain
[2026-07-17 08:46:04] [market_data] ⚠ 500 Server Error: Internal Server Error for url: https://api.dhan.co/v2/optionchain
[2026-07-17 08:46:07] [market_data] ⚠ 500 Server Error: Internal Server Error for url: https://api.dhan.co/v2/optionchain
[2026-07-17 08:46:10] [market_data] ⚠ 500 Server Error: Internal Server Error for url: https://api.dhan.co/v2/optionchain
[2026-07-17 08:46:13] [market_data] ⚠ 500 Server Error: Internal Server Error for url: https://api.dhan.co/v2/optionchain
[2026-07-17 08:46:17] [market_data] ⚠ 500 Server Error: Internal Server Error for url: https://api.dhan.co/v2/optionchain
[2026-07-17 08:46:20] [market_data] ⚠ 500 Server Error: Internal Server Error for url: https://api.dhan.co/v2/optionchain
[2026-07-17 08:46:23] [market_data] ⚠ 500 Server Error: Internal Server Error for url: https://api.dhan.co/v2/optionchain
[2026-07-17 08:46:26] [market_data] ⚠ 500 Server Error: Internal Server Error for url: https://api.dhan.co/v2/optionchain
[2026-07-17 08:46:29] [market_data] ⚠ 500 Server Error: Internal Server Error for url: https://api.dhan.co/v2/optionchain
[2026-07-17 08:46:33] [market_data] ⚠ 500 Server Error: Internal Server Error for url: https://api.dhan.co/v2/optionchain
[2026-07-17 08:46:36] [market_data] ⚠ 500 Server Error: Internal Server Error for url: https://api.dhan.co/v2/optionchain
[2026-07-17 08:46:39] [market_data] ⚠ 500 Server Error: Internal Server Error for url: https://api.dhan.co/v2/optionchain
[2026-07-17 08:46:42] [market_data] ⚠ 500 Server Error: Internal Server Error for url: https://api.dhan.co/v2/optionchain
[2026-07-17 08:46:45] [market_data] ⚠ 500 Server Error: Internal Server Error for url: https://api.dhan.co/v2/optionchain
[2026-07-17 08:46:49] [market_data] ⚠ 500 Server Error: Internal Server Error for url: https://api.dhan.co/v2/optionchain
[2026-07-17 08:46:52] [market_data] ⚠ 500 Server Error: Internal Server Error for url: https://api.dhan.co/v2/optionchain
[2026-07-17 09:01:20] [orchestrator] agents stopped
[2026-07-17 09:01:21] [orchestrator] all 10 agents started on NIFTY+BANKNIFTY+FINNIFTY+SENSEX (PAPER)
[2026-07-17 09:15:37] [strategy] NIFTY: BUY_PE 24150.0 conf 70%
[2026-07-17 09:15:37] [strategy] 🔔[MEDIUM] NIFTY: BUY PE 24150.0 signal generated (confidence 70%)
[2026-07-17 09:15:42] [risk] REJECTED — ✓ autopilot not halted (consecutive losses) · ✓ market open · ✓ no open position · ✓ trades 7/20 · ✗ confidence 70≥80 · ✓ valid price points · ✗ risk-reward 0.8 ≥ 1:2 · ✓ strike 24150.0 not OTM (ATM 24150.0) · ✓ regime data pending for NIFTY (not blocking) · ✓ no fresh news-risk block · ✓ daily loss limit (risking ₹5708, day P&L ₹0) · ✓ fresh NIFTY data (4s old)
[2026-07-17 09:15:42] [risk] 🔔[LOW] NIFTY: Signal REJECTED (70% conf): ✗ confidence 70≥80; ✗ risk-reward 0.8 ≥ 1:2
[2026-07-17 09:18:41] [strategy] NIFTY: BUY_PE 24100.0 conf 80%
[2026-07-17 09:18:42] [strategy] 🔔[MEDIUM] NIFTY: BUY PE 24100.0 signal generated (confidence 80%)
[2026-07-17 09:18:42] [risk] REJECTED — ✓ autopilot not halted (consecutive losses) · ✓ market open · ✓ no open position · ✓ trades 7/20 · ✓ confidence 80≥80 · ✓ valid price points · ✗ risk-reward 1.5 ≥ 1:2 · ✗ strike 24100.0 not OTM (ATM 24200.0) · ✗ regime 'trending-up' allows ['BUY_CE'] · ✗ timeframe confluence for PE (mixed-bull) · ✓ no fresh news-risk block · ✓ daily loss limit (risking ₹5648, day P&L ₹0) · ✓ fresh NIFTY data (2s old)
[2026-07-17 09:18:42] [risk] 🔔[LOW] NIFTY: Signal REJECTED (80% conf): ✗ risk-reward 1.5 ≥ 1:2; ✗ strike 24100.0 not OTM (ATM 24200.0); ✗ regime 'trending-up' allows ['BUY_CE']; ✗ timeframe confluence for PE (mixed-bull)
[2026-07-17 09:18:52] [risk] REJECTED manual order — ✓ autopilot not halted (consecutive losses) · ✓ market open · ✓ no open position · ✓ trades 7/20 · ✓ confidence 90≥80 · ✓ valid price points · ✗ risk-reward 1.5 ≥ 1:2 · ✗ regime 'trending-up' allows ['BUY_CE'] · ✓ no fresh news-risk block · ✓ daily loss limit (risking ₹5648, day P&L ₹0) · ✓ fresh NIFTY data (6s old)
[2026-07-17 09:19:00] [risk] REJECTED manual order — ✓ autopilot not halted (consecutive losses) · ✓ market open · ✓ no open position · ✓ trades 7/20 · ✓ confidence 90≥80 · ✓ valid price points · ✗ risk-reward 1.5 ≥ 1:2 · ✗ regime 'trending-up' allows ['BUY_CE'] · ✓ no fresh news-risk block · ✓ daily loss limit (risking ₹5648, day P&L ₹0) · ✓ fresh NIFTY data (1s old)
[2026-07-17 09:19:08] [risk] REJECTED manual order — ✓ autopilot not halted (consecutive losses) · ✓ market open · ✓ no open position · ✓ trades 7/20 · ✓ confidence 90≥80 · ✓ valid price points · ✗ risk-reward 1.5 ≥ 1:2 · ✗ regime 'trending-up' allows ['BUY_CE'] · ✓ no fresh news-risk block · ✓ daily loss limit (risking ₹5648, day P&L ₹0) · ✓ fresh NIFTY data (3s old)
[2026-07-17 09:21:40] [strategy] SENSEX: BUY_CE|BUY_PE 77600.0 conf 80%
[2026-07-17 09:21:40] [strategy] 🔔[MEDIUM] SENSEX: BUY CE|BUY PE 77600.0 signal generated (confidence 80%)
[2026-07-17 09:21:42] [risk] REJECTED — ✓ autopilot not halted (consecutive losses) · ✓ market open · ✓ no open position · ✓ trades 7/20 · ✓ confidence 80≥80 · ✓ valid price points · ✓ risk-reward 2.3 ≥ 1:2 · ✗ regime 'trending-up' allows ['BUY_CE'] · ✓ no fresh news-risk block · ✓ daily loss limit (risking ₹2540, day P&L ₹0) · ✓ fresh SENSEX data (0s old)
[2026-07-17 09:21:42] [risk] 🔔[LOW] SENSEX: Signal REJECTED (80% conf): ✗ regime 'trending-up' allows ['BUY_CE']
[2026-07-17 09:21:43] [risk] REJECTED manual order — ✓ autopilot not halted (consecutive losses) · ✓ market open · ✓ no open position · ✓ trades 7/20 · ✓ confidence 80≥80 · ✓ valid price points · ✓ risk-reward 2.3 ≥ 1:2 · ✗ regime 'trending-up' allows ['BUY_CE'] · ✓ no fresh news-risk block · ✓ daily loss limit (risking ₹2540, day P&L ₹0) · ✓ fresh SENSEX data (1s old)
[2026-07-17 09:24:01] [risk] REJECTED manual order — ✓ autopilot not halted (consecutive losses) · ✓ market open · ✓ no open position · ✓ trades 7/20 · ✓ confidence 80≥80 · ✓ valid price points · ✓ risk-reward 2.0 ≥ 1:2 · ✗ strike 77500 not OTM (ATM 77600.0) · ✗ regime 'trending-up' allows ['BUY_CE'] · ✗ timeframe confluence for PE (mixed-bull) · ✓ no fresh news-risk block · ✓ daily loss limit (risking ₹2000, day P&L ₹0) · ✓ fresh SENSEX data (1s old)
[2026-07-17 09:24:10] [risk] REJECTED manual order — ✓ autopilot not halted (consecutive losses) · ✓ market open · ✓ no open position · ✓ trades 7/20 · ✓ confidence 80≥80 · ✓ valid price points · ✓ risk-reward 2.0 ≥ 1:2 · ✗ strike 77500 not OTM (ATM 77600.0) · ✗ regime 'trending-up' allows ['BUY_CE'] · ✗ timeframe confluence for PE (mixed-bull) · ✓ no fresh news-risk block · ✓ daily loss limit (risking ₹2000, day P&L ₹0) · ✓ fresh SENSEX data (4s old)
[2026-07-17 09:24:31] [strategy] SENSEX: BUY_PE 77500 conf 80%
[2026-07-17 09:24:31] [strategy] 🔔[MEDIUM] SENSEX: BUY PE 77500 signal generated (confidence 80%)
[2026-07-17 09:24:33] [risk] REJECTED — ✓ autopilot not halted (consecutive losses) · ✓ market open · ✓ no open position · ✓ trades 7/20 · ✓ confidence 80≥80 · ✓ valid price points · ✓ risk-reward 2.0 ≥ 1:2 · ✗ strike 77500 not OTM (ATM 77600.0) · ✗ regime 'trending-up' allows ['BUY_CE'] · ✗ timeframe confluence for PE (mixed-bull) · ✓ no fresh news-risk block · ✓ daily loss limit (risking ₹2000, day P&L ₹0) · ✓ fresh SENSEX data (1s old)
[2026-07-17 09:24:33] [risk] 🔔[LOW] SENSEX: Signal REJECTED (80% conf): ✗ strike 77500 not OTM (ATM 77600.0); ✗ regime 'trending-up' allows ['BUY_CE']; ✗ timeframe confluence for PE (mixed-bull)
[2026-07-17 09:24:44] [risk] REJECTED manual order — ✓ autopilot not halted (consecutive losses) · ✓ market open · ✓ no open position · ✓ trades 7/20 · ✓ confidence 80≥80 · ✓ valid price points · ✓ risk-reward 2.0 ≥ 1:2 · ✗ strike 77500 not OTM (ATM 77600.0) · ✗ regime 'trending-up' allows ['BUY_CE'] · ✗ timeframe confluence for PE (mixed-bull) · ✓ no fresh news-risk block · ✓ daily loss limit (risking ₹2000, day P&L ₹0) · ✓ fresh SENSEX data (6s old)
[2026-07-17 09:26:36] [strategy] BANKNIFTY: BUY_PE 57800.0 conf 80%
[2026-07-17 09:26:36] [strategy] 🔔[MEDIUM] BANKNIFTY: BUY PE 57800.0 signal generated (confidence 80%)
[2026-07-17 09:26:38] [risk] REJECTED — ✓ autopilot not halted (consecutive losses) · ✓ market open · ✓ no open position · ✓ trades 7/20 · ✓ confidence 80≥80 · ✓ valid price points · ✗ risk-reward 1.6 ≥ 1:2 · ✓ strike 57800.0 not OTM (ATM 57800.0) · ✗ regime 'trending-up' allows ['BUY_CE'] · ✗ timeframe confluence for PE (strong-bull) · ✓ no fresh news-risk block · ✓ daily loss limit (risking ₹3690, day P&L ₹0) · ✓ fresh BANKNIFTY data (1s old)
[2026-07-17 09:26:38] [risk] 🔔[LOW] BANKNIFTY: Signal REJECTED (80% conf): ✗ risk-reward 1.6 ≥ 1:2; ✗ regime 'trending-up' allows ['BUY_CE']; ✗ timeframe confluence for PE (strong-bull)
[2026-07-17 09:26:52] [risk] REJECTED manual order — ✓ autopilot not halted (consecutive losses) · ✓ market open · ✓ no open position · ✓ trades 7/20 · ✓ confidence 80≥80 · ✓ valid price points · ✗ risk-reward 1.6 ≥ 1:2 · ✓ strike 57800.0 not OTM (ATM 57800.0) · ✗ regime 'trending-up' allows ['BUY_CE'] · ✗ timeframe confluence for PE (strong-bull) · ✓ no fresh news-risk block · ✓ daily loss limit (risking ₹3690, day P&L ₹0) · ✓ fresh BANKNIFTY data (2s old)
[2026-07-17 09:28:44] [strategy] BANKNIFTY: BUY_PE 57800.0 conf 90%
[2026-07-17 09:28:44] [strategy] 🔔[MEDIUM] BANKNIFTY: BUY PE 57800.0 signal generated (confidence 90%)
[2026-07-17 09:28:48] [risk] REJECTED — ✓ autopilot not halted (consecutive losses) · ✓ market open · ✓ no open position · ✓ trades 7/20 · ✓ confidence 90≥80 · ✓ valid price points · ✗ risk-reward 1.5 ≥ 1:2 · ✓ strike 57800.0 not OTM (ATM 57800.0) · ✗ regime 'trending-up' allows ['BUY_CE'] · ✗ timeframe confluence for PE (strong-bull) · ✓ no fresh news-risk block · ✓ daily loss limit (risking ₹2594, day P&L ₹0) · ✓ fresh BANKNIFTY data (5s old)
[2026-07-17 09:28:48] [risk] 🔔[LOW] BANKNIFTY: Signal REJECTED (90% conf): ✗ risk-reward 1.5 ≥ 1:2; ✗ regime 'trending-up' allows ['BUY_CE']; ✗ timeframe confluence for PE (strong-bull)
[2026-07-17 09:31:46] [strategy] BANKNIFTY: BUY_PE 57900.0 conf 75%
[2026-07-17 09:31:46] [strategy] 🔔[MEDIUM] BANKNIFTY: BUY PE 57900.0 signal generated (confidence 75%)
[2026-07-17 09:31:48] [risk] REJECTED — ✓ autopilot not halted (consecutive losses) · ✓ market open · ✓ no open position · ✓ trades 7/20 · ✗ confidence 75≥80 · ✓ valid price points · ✗ risk-reward 1.3 ≥ 1:2 · ✓ strike 57900.0 not OTM (ATM 57900.0) · ✗ regime 'trending-up' allows ['BUY_CE'] · ✗ timeframe confluence for PE (strong-bull) · ✓ no fresh news-risk block · ✓ daily loss limit (risking ₹3634, day P&L ₹0) · ✓ fresh BANKNIFTY data (4s old)
[2026-07-17 09:31:48] [risk] 🔔[LOW] BANKNIFTY: Signal REJECTED (75% conf): ✗ confidence 75≥80; ✗ risk-reward 1.3 ≥ 1:2; ✗ regime 'trending-up' allows ['BUY_CE']; ✗ timeframe confluence for PE (strong-bull)
[2026-07-17 09:34:36] [strategy] NIFTY: BUY_CE|BUY_PE 24150.0 conf 70%
[2026-07-17 09:34:36] [strategy] 🔔[MEDIUM] NIFTY: BUY CE|BUY PE 24150.0 signal generated (confidence 70%)
[2026-07-17 09:34:38] [risk] REJECTED — ✓ autopilot not halted (consecutive losses) · ✓ market open · ✓ no open position · ✓ trades 7/20 · ✗ confidence 70≥80 · ✓ valid price points · ✗ risk-reward 1.1 ≥ 1:2 · ✗ regime 'trending-up' allows ['BUY_CE'] · ✓ no fresh news-risk block · ✓ daily loss limit (risking ₹3915, day P&L ₹0) · ✓ fresh NIFTY data (4s old)
[2026-07-17 09:34:38] [risk] 🔔[LOW] NIFTY: Signal REJECTED (70% conf): ✗ confidence 70≥80; ✗ risk-reward 1.1 ≥ 1:2; ✗ regime 'trending-up' allows ['BUY_CE']
[2026-07-17 09:36:36] [strategy] NIFTY: BUY_CE|BUY_PE 24150.0 conf 70%
[2026-07-17 09:36:36] [strategy] 🔔[MEDIUM] NIFTY: BUY CE|BUY PE 24150.0 signal generated (confidence 70%)
[2026-07-17 09:36:38] [risk] REJECTED — ✓ autopilot not halted (consecutive losses) · ✓ market open · ✓ no open position · ✓ trades 7/20 · ✗ confidence 70≥80 · ✓ valid price points · ✗ risk-reward 1.1 ≥ 1:2 · ✗ regime 'trending-up' allows ['BUY_CE'] · ✓ no fresh news-risk block · ✓ daily loss limit (risking ₹3915, day P&L ₹0) · ✓ fresh NIFTY data (5s old)
[2026-07-17 09:36:38] [risk] 🔔[LOW] NIFTY: Signal REJECTED (70% conf): ✗ confidence 70≥80; ✗ risk-reward 1.1 ≥ 1:2; ✗ regime 'trending-up' allows ['BUY_CE']
[2026-07-17 09:38:36] [strategy] SENSEX: BUY_PE 77500 conf 70%
[2026-07-17 09:38:36] [strategy] 🔔[MEDIUM] SENSEX: BUY PE 77500 signal generated (confidence 70%)
[2026-07-17 09:38:38] [risk] REJECTED manual order — ✓ autopilot not halted (consecutive losses) · ✓ market open · ✓ no open position · ✓ trades 7/20 · ✗ confidence 70≥80 · ✓ valid price points · ✗ risk-reward -2.0 ≥ 1:2 · ✗ strike 77500 not OTM (ATM 77700.0) · ✗ regime 'trending-up' allows ['BUY_CE'] · ✗ timeframe confluence for PE (mixed-bull) · ✓ no fresh news-risk block · ✓ daily loss limit (risking ₹1088, day P&L ₹0) · ✓ fresh SENSEX data (6s old)
[2026-07-17 09:38:38] [risk] REJECTED — ✓ autopilot not halted (consecutive losses) · ✓ market open · ✓ no open position · ✓ trades 7/20 · ✗ confidence 70≥80 · ✓ valid price points · ✗ risk-reward -2.0 ≥ 1:2 · ✗ strike 77500 not OTM (ATM 77700.0) · ✗ regime 'trending-up' allows ['BUY_CE'] · ✗ timeframe confluence for PE (mixed-bull) · ✓ no fresh news-risk block · ✓ daily loss limit (risking ₹1088, day P&L ₹0) · ✓ fresh SENSEX data (6s old)
[2026-07-17 09:38:38] [risk] 🔔[LOW] SENSEX: Signal REJECTED (70% conf): ✗ confidence 70≥80; ✗ risk-reward -2.0 ≥ 1:2; ✗ strike 77500 not OTM (ATM 77700.0); ✗ regime 'trending-up' allows ['BUY_CE']; ✗ timeframe confluence for PE (mixed-bull)
[2026-07-17 09:40:48] [strategy] SENSEX: BUY_CE|BUY_PE 77700.0 conf 80%
[2026-07-17 09:40:48] [strategy] 🔔[MEDIUM] SENSEX: BUY CE|BUY PE 77700.0 signal generated (confidence 80%)
[2026-07-17 09:40:53] [risk] REJECTED — ✓ autopilot not halted (consecutive losses) · ✓ market open · ✓ no open position · ✓ trades 7/20 · ✓ confidence 80≥80 · ✓ valid price points · ✗ risk-reward 1.0 ≥ 1:2 · ✗ regime 'trending-up' allows ['BUY_CE'] · ✓ no fresh news-risk block · ✓ daily loss limit (risking ₹1608, day P&L ₹0) · ✓ fresh SENSEX data (3s old)
[2026-07-17 09:40:53] [risk] 🔔[LOW] SENSEX: Signal REJECTED (80% conf): ✗ risk-reward 1.0 ≥ 1:2; ✗ regime 'trending-up' allows ['BUY_CE']
[2026-07-17 09:41:18] [risk] REJECTED manual order — ✓ autopilot not halted (consecutive losses) · ✓ market open · ✓ no open position · ✓ trades 7/20 · ✓ confidence 80≥80 · ✓ valid price points · ✗ risk-reward 1.0 ≥ 1:2 · ✗ regime 'trending-up' allows ['BUY_CE'] · ✓ no fresh news-risk block · ✓ daily loss limit (risking ₹1608, day P&L ₹0) · ✓ fresh SENSEX data (3s old)
[2026-07-17 09:41:54] [orchestrator] restored 7 historical trades (0 today, ₹0 realized today)
[2026-07-17 09:43:54] [orchestrator] restored 7 historical trades (0 today, ₹0 realized today)
[2026-07-17 09:44:04] [orchestrator] restored 7 historical trades (0 today, ₹0 realized today)
[2026-07-17 09:45:51] [orchestrator] restored 7 historical trades (0 today, ₹0 realized today)
[2026-07-17 09:46:02] [orchestrator] restored 7 historical trades (0 today, ₹0 realized today)
[2026-07-17 09:47:24] [orchestrator] restored 7 historical trades (0 today, ₹0 realized today)
[2026-07-17 09:47:50] [orchestrator] restored 7 historical trades (0 today, ₹0 realized today)
[2026-07-17 09:49:54] [orchestrator] restored 7 historical trades (0 today, ₹0 realized today)
[2026-07-17 09:50:10] [orchestrator] all 10 agents started on NIFTY+BANKNIFTY+FINNIFTY+SENSEX (PAPER)
[2026-07-17 09:50:35] [risk] REJECTED manual order — ✓ autopilot not halted (consecutive losses) · ✓ market open · ✓ no open position · ✓ trades 0/20 · ✗ confidence 60≥80 · ✓ valid price points · ✗ risk-reward 1.0 ≥ 1:2 · ✓ strike 24250.0 not OTM (ATM 24250.0) · ✗ regime 'trending-up' allows ['BUY_CE'] · ✗ timeframe confluence for PE (mixed-bull) · ✓ no fresh news-risk block · ✓ daily loss limit (risking ₹4691, day P&L ₹0) · ✓ fresh NIFTY data (1s old)
[2026-07-17 09:51:10] [strategy] NIFTY: BUY_PE 24250.0 conf 60%
[2026-07-17 09:51:10] [strategy] 🔔[MEDIUM] NIFTY: BUY PE 24250.0 signal generated (confidence 60%)
[2026-07-17 09:51:15] [risk] REJECTED — ✓ autopilot not halted (consecutive losses) · ✓ market open · ✓ no open position · ✓ trades 0/20 · ✗ confidence 60≥80 · ✓ valid price points · ✗ risk-reward 1.0 ≥ 1:2 · ✓ strike 24250.0 not OTM (ATM 24250.0) · ✗ regime 'trending-up' allows ['BUY_CE'] · ✗ timeframe confluence for PE (mixed-bull) · ✓ no fresh news-risk block · ✓ daily loss limit (risking ₹4691, day P&L ₹0) · ✓ fresh NIFTY data (4s old)
[2026-07-17 09:51:15] [risk] 🔔[LOW] NIFTY: Signal REJECTED (60% conf): ✗ confidence 60≥80; ✗ risk-reward 1.0 ≥ 1:2; ✗ regime 'trending-up' allows ['BUY_CE']; ✗ timeframe confluence for PE (mixed-bull)
[2026-07-17 09:53:15] [strategy] NIFTY: BUY_PE 24250.0 conf 70%
[2026-07-17 09:53:15] [strategy] 🔔[MEDIUM] NIFTY: BUY PE 24250.0 signal generated (confidence 70%)
[2026-07-17 09:53:17] [risk] REJECTED manual order — ✓ autopilot not halted (consecutive losses) · ✓ market open · ✓ no open position · ✓ trades 0/20 · ✗ confidence 70≥80 · ✓ valid price points · ✗ risk-reward 0.8 ≥ 1:2 · ✓ strike 24250.0 not OTM (ATM 24250.0) · ✗ regime 'trending-up' allows ['BUY_CE'] · ✗ timeframe confluence for PE (mixed-bull) · ✓ no fresh news-risk block · ✓ daily loss limit (risking ₹5329, day P&L ₹0) · ✓ fresh NIFTY data (6s old)
[2026-07-17 09:53:20] [risk] REJECTED — ✓ autopilot not halted (consecutive losses) · ✓ market open · ✓ no open position · ✓ trades 0/20 · ✗ confidence 70≥80 · ✓ valid price points · ✗ risk-reward 0.8 ≥ 1:2 · ✓ strike 24250.0 not OTM (ATM 24250.0) · ✗ regime 'trending-up' allows ['BUY_CE'] · ✗ timeframe confluence for PE (mixed-bull) · ✓ no fresh news-risk block · ✓ daily loss limit (risking ₹5329, day P&L ₹0) · ✓ fresh NIFTY data (3s old)
[2026-07-17 09:53:20] [risk] 🔔[LOW] NIFTY: Signal REJECTED (70% conf): ✗ confidence 70≥80; ✗ risk-reward 0.8 ≥ 1:2; ✗ regime 'trending-up' allows ['BUY_CE']; ✗ timeframe confluence for PE (mixed-bull)
[2026-07-17 09:55:24] [strategy] NIFTY: BUY_PE 24250.0 conf 80%
[2026-07-17 09:55:24] [strategy] 🔔[MEDIUM] NIFTY: BUY PE 24250.0 signal generated (confidence 80%)
[2026-07-17 09:55:26] [risk] REJECTED — ✓ autopilot not halted (consecutive losses) · ✓ market open · ✓ no open position · ✓ trades 0/20 · ✓ confidence 80≥80 · ✓ valid price points · ✗ risk-reward 0.8 ≥ 1:2 · ✓ strike 24250.0 not OTM (ATM 24250.0) · ✗ regime 'trending-up' allows ['BUY_CE'] · ✗ timeframe confluence for PE (mixed-bull) · ✓ no fresh news-risk block · ✓ daily loss limit (risking ₹4916, day P&L ₹0) · ✓ fresh NIFTY data (3s old)
[2026-07-17 09:55:26] [risk] 🔔[LOW] NIFTY: Signal REJECTED (80% conf): ✗ risk-reward 0.8 ≥ 1:2; ✗ regime 'trending-up' allows ['BUY_CE']; ✗ timeframe confluence for PE (mixed-bull)
[2026-07-17 09:55:58] [risk] REJECTED manual order — ✓ autopilot not halted (consecutive losses) · ✓ market open · ✓ no open position · ✓ trades 0/20 · ✓ confidence 80≥80 · ✓ valid price points · ✗ risk-reward 0.8 ≥ 1:2 · ✓ strike 24250.0 not OTM (ATM 24250.0) · ✗ regime 'trending-up' allows ['BUY_CE'] · ✗ timeframe confluence for PE (mixed-bull) · ✓ no fresh news-risk block · ✓ daily loss limit (risking ₹4916, day P&L ₹0) · ✓ fresh NIFTY data (4s old)
[2026-07-17 09:56:59] [risk] REJECTED manual order — ✓ autopilot not halted (consecutive losses) · ✓ market open · ✓ no open position · ✓ trades 0/20 · ✗ confidence 60≥80 · ✓ valid price points · ✗ risk-reward 1.2 ≥ 1:2 · ✓ strike 24250.0 not OTM (ATM 24250.0) · ✗ regime 'trending-up' allows ['BUY_CE'] · ✓ no fresh news-risk block · ✓ daily loss limit (risking ₹1849, day P&L ₹0) · ✓ fresh NIFTY data (2s old)
[2026-07-17 09:58:02] [risk] REJECTED manual order — ✓ autopilot not halted (consecutive losses) · ✓ market open · ✓ no open position · ✓ trades 0/20 · ✗ confidence 75≥80 · ✓ valid price points · ✓ risk-reward 2.0 ≥ 1:2 · ✗ strike 24100.0 not OTM (ATM 24200.0) · ✗ regime 'trending-up' allows ['BUY_CE'] · ✓ no fresh news-risk block · ✓ daily loss limit (risking ₹6870, day P&L ₹0) · ✓ fresh NIFTY data (2s old)
[2026-07-17 09:58:14] [strategy] NIFTY: BUY_PE 24100.0 conf 75%
[2026-07-17 09:58:14] [strategy] 🔔[MEDIUM] NIFTY: BUY PE 24100.0 signal generated (confidence 75%)
[2026-07-17 09:58:16] [risk] REJECTED — ✓ autopilot not halted (consecutive losses) · ✓ market open · ✓ no open position · ✓ trades 0/20 · ✗ confidence 75≥80 · ✓ valid price points · ✓ risk-reward 2.0 ≥ 1:2 · ✗ strike 24100.0 not OTM (ATM 24200.0) · ✗ regime 'trending-up' allows ['BUY_CE'] · ✓ no fresh news-risk block · ✓ daily loss limit (risking ₹6870, day P&L ₹0) · ✓ fresh NIFTY data (3s old)
[2026-07-17 09:58:16] [risk] 🔔[LOW] NIFTY: Signal REJECTED (75% conf): ✗ confidence 75≥80; ✗ strike 24100.0 not OTM (ATM 24200.0); ✗ regime 'trending-up' allows ['BUY_CE']
[2026-07-17 09:59:35] [risk] REJECTED manual order — ✓ autopilot not halted (consecutive losses) · ✓ market open · ✓ no open position · ✓ trades 0/20 · ✓ confidence 80≥80 · ✓ valid price points · ✗ risk-reward 1.2 ≥ 1:2 · ✓ strike 24250.0 not OTM (ATM 24250.0) · ✗ regime 'trending-up' allows ['BUY_CE'] · ✓ no fresh news-risk block · ✓ daily loss limit (risking ₹4965, day P&L ₹0) · ✓ fresh NIFTY data (1s old)
[2026-07-17 10:00:14] [strategy] NIFTY: BUY_PE 24250.0 conf 80%
[2026-07-17 10:00:14] [strategy] 🔔[MEDIUM] NIFTY: BUY PE 24250.0 signal generated (confidence 80%)
[2026-07-17 10:00:16] [risk] REJECTED — ✓ autopilot not halted (consecutive losses) · ✓ market open · ✓ no open position · ✓ trades 0/20 · ✓ confidence 80≥80 · ✓ valid price points · ✗ risk-reward 1.2 ≥ 1:2 · ✓ strike 24250.0 not OTM (ATM 24250.0) · ✗ regime 'trending-up' allows ['BUY_CE'] · ✓ no fresh news-risk block · ✓ daily loss limit (risking ₹4965, day P&L ₹0) · ✓ fresh NIFTY data (4s old)
[2026-07-17 10:00:16] [risk] 🔔[LOW] NIFTY: Signal REJECTED (80% conf): ✗ risk-reward 1.2 ≥ 1:2; ✗ regime 'trending-up' allows ['BUY_CE']
[2026-07-17 10:02:14] [strategy] NIFTY: BUY_PE 24100.0 conf 80%
[2026-07-17 10:02:14] [strategy] 🔔[MEDIUM] NIFTY: BUY PE 24100.0 signal generated (confidence 80%)
[2026-07-17 10:02:16] [risk] REJECTED — ✓ autopilot not halted (consecutive losses) · ✓ market open · ✓ no open position · ✓ trades 0/20 · ✓ confidence 80≥80 · ✓ valid price points · ✗ risk-reward 1.5 ≥ 1:2 · ✗ strike 24100.0 not OTM (ATM 24200.0) · ✗ regime 'trending-up' allows ['BUY_CE'] · ✓ no fresh news-risk block · ✓ daily loss limit (risking ₹2040, day P&L ₹0) · ✓ fresh NIFTY data (5s old)
[2026-07-17 10:02:16] [risk] 🔔[LOW] NIFTY: Signal REJECTED (80% conf): ✗ risk-reward 1.5 ≥ 1:2; ✗ strike 24100.0 not OTM (ATM 24200.0); ✗ regime 'trending-up' allows ['BUY_CE']
[2026-07-17 10:03:34] [risk] REJECTED manual order — ✓ autopilot not halted (consecutive losses) · ✓ market open · ✓ no open position · ✓ trades 0/20 · ✓ confidence 80≥80 · ✓ valid price points · ✗ risk-reward 1.5 ≥ 1:2 · ✗ strike 24100.0 not OTM (ATM 24200.0) · ✗ regime 'trending-up' allows ['BUY_CE'] · ✓ no fresh news-risk block · ✓ daily loss limit (risking ₹2040, day P&L ₹0) · ✓ fresh NIFTY data (2s old)
[2026-07-17 10:04:29] [strategy] NIFTY: BUY_PE 24100.0 conf 80%
[2026-07-17 10:04:29] [strategy] 🔔[MEDIUM] NIFTY: BUY PE 24100.0 signal generated (confidence 80%)
[2026-07-17 10:04:31] [risk] REJECTED — ✓ autopilot not halted (consecutive losses) · ✓ market open · ✓ no open position · ✓ trades 0/20 · ✓ confidence 80≥80 · ✓ valid price points · ✗ risk-reward 1.5 ≥ 1:2 · ✗ strike 24100.0 not OTM (ATM 24200.0) · ✗ regime 'trending-up' allows ['BUY_CE'] · ✓ no fresh news-risk block · ✓ daily loss limit (risking ₹6292, day P&L ₹0) · ✓ fresh NIFTY data (2s old)
[2026-07-17 10:04:31] [risk] 🔔[LOW] NIFTY: Signal REJECTED (80% conf): ✗ risk-reward 1.5 ≥ 1:2; ✗ strike 24100.0 not OTM (ATM 24200.0); ✗ regime 'trending-up' allows ['BUY_CE']
[2026-07-17 10:07:26] [strategy] NIFTY: BUY_PE 24100.0 conf 80%
[2026-07-17 10:07:26] [strategy] 🔔[MEDIUM] NIFTY: BUY PE 24100.0 signal generated (confidence 80%)
[2026-07-17 10:07:26] [risk] REJECTED — ✓ autopilot not halted (consecutive losses) · ✓ market open · ✓ no open position · ✓ trades 0/20 · ✓ confidence 80≥80 · ✓ valid price points · ✗ risk-reward 1.3 ≥ 1:2 · ✗ strike 24100.0 not OTM (ATM 24200.0) · ✗ regime 'trending-up' allows ['BUY_CE'] · ✓ no fresh news-risk block · ✓ daily loss limit (risking ₹6758, day P&L ₹0) · ✓ fresh NIFTY data (1s old)
[2026-07-17 10:07:26] [risk] 🔔[LOW] NIFTY: Signal REJECTED (80% conf): ✗ risk-reward 1.3 ≥ 1:2; ✗ strike 24100.0 not OTM (ATM 24200.0); ✗ regime 'trending-up' allows ['BUY_CE']
[2026-07-17 10:10:28] [strategy] NIFTY: BUY_PE 24250.0 conf 70%
[2026-07-17 10:10:28] [strategy] 🔔[MEDIUM] NIFTY: BUY PE 24250.0 signal generated (confidence 70%)
[2026-07-17 10:10:31] [risk] REJECTED — ✓ autopilot not halted (consecutive losses) · ✓ market open · ✓ no open position · ✓ trades 0/20 · ✗ confidence 70≥80 · ✓ valid price points · ✗ risk-reward 0.9 ≥ 1:2 · ✓ strike 24250.0 not OTM (ATM 24250.0) · ✗ regime 'trending-up' allows ['BUY_CE'] · ✓ no fresh news-risk block · ✓ daily loss limit (risking ₹4999, day P&L ₹0) · ✓ fresh NIFTY data (5s old)
[2026-07-17 10:10:31] [risk] 🔔[LOW] NIFTY: Signal REJECTED (70% conf): ✗ confidence 70≥80; ✗ risk-reward 0.9 ≥ 1:2; ✗ regime 'trending-up' allows ['BUY_CE']
[2026-07-17 10:13:25] [strategy] NIFTY: BUY_PE 24250.0 conf 80%
[2026-07-17 10:13:25] [strategy] 🔔[MEDIUM] NIFTY: BUY PE 24250.0 signal generated (confidence 80%)
[2026-07-17 10:13:26] [risk] REJECTED — ✓ autopilot not halted (consecutive losses) · ✓ market open · ✓ no open position · ✓ trades 0/20 · ✓ confidence 80≥70 · ✓ valid price points · ✗ risk-reward 1.8 ≥ 1:2 · ✓ strike 24250.0 not OTM (ATM 24250.0) · ✗ regime 'trending-up' allows ['BUY_CE'] · ✓ no fresh news-risk block · ✓ daily loss limit (risking ₹1132, day P&L ₹0) · ✓ fresh NIFTY data (4s old)
[2026-07-17 10:13:26] [risk] 🔔[LOW] NIFTY: Signal REJECTED (80% conf): ✗ risk-reward 1.8 ≥ 1:2; ✗ regime 'trending-up' allows ['BUY_CE']
[2026-07-17 10:16:28] [strategy] NIFTY: BUY_PE 24250.0 conf 65%
[2026-07-17 10:16:28] [strategy] 🔔[MEDIUM] NIFTY: BUY PE 24250.0 signal generated (confidence 65%)
[2026-07-17 10:16:32] [risk] REJECTED — ✓ autopilot not halted (consecutive losses) · ✓ market open · ✓ no open position · ✓ trades 0/20 · ✗ confidence 65≥70 · ✓ valid price points · ✗ risk-reward 0.9 ≥ 1:2 · ✓ strike 24250.0 not OTM (ATM 24250.0) · ✗ regime 'trending-up' allows ['BUY_CE'] · ✓ no fresh news-risk block · ✓ daily loss limit (risking ₹4642, day P&L ₹0) · ✓ fresh NIFTY data (1s old)
[2026-07-17 10:16:32] [risk] 🔔[LOW] NIFTY: Signal REJECTED (65% conf): ✗ confidence 65≥70; ✗ risk-reward 0.9 ≥ 1:2; ✗ regime 'trending-up' allows ['BUY_CE']
[2026-07-17 10:17:07] [risk] REJECTED manual order — ✓ autopilot not halted (consecutive losses) · ✓ market open · ✓ no open position · ✓ trades 0/20 · ✓ confidence 75≥70 · ✓ valid price points · ✗ risk-reward -1.9 ≥ 1:2 · ✗ regime 'trending-up' allows ['BUY_CE'] · ✓ no fresh news-risk block · ✓ daily loss limit (risking ₹1005, day P&L ₹0) · ✓ fresh SENSEX data (5s old)
[2026-07-17 10:17:32] [risk] REJECTED manual order — ✓ autopilot not halted (consecutive losses) · ✓ market open · ✓ no open position · ✓ trades 0/20 · ✓ confidence 75≥70 · ✓ valid price points · ✗ risk-reward -1.9 ≥ 1:2 · ✓ no fresh news-risk block · ✓ daily loss limit (risking ₹1005, day P&L ₹0) · ✓ fresh SENSEX data (4s old)
[2026-07-17 10:19:23] [strategy] NIFTY: BUY_PE 24250.0 conf 80%
[2026-07-17 10:19:23] [strategy] 🔔[MEDIUM] NIFTY: BUY PE 24250.0 signal generated (confidence 80%)
[2026-07-17 10:19:27] [risk] REJECTED — ✓ autopilot not halted (consecutive losses) · ✓ market open · ✓ no open position · ✓ trades 0/20 · ✓ confidence 80≥70 · ✓ valid price points · ✗ risk-reward 0.6 ≥ 1:2 · ✓ strike 24250.0 not OTM (ATM 24250.0) · ✓ no fresh news-risk block · ✓ daily loss limit (risking ₹2235, day P&L ₹0) · ✓ fresh NIFTY data (1s old)
[2026-07-17 10:19:27] [risk] 🔔[LOW] NIFTY: Signal REJECTED (80% conf): ✗ risk-reward 0.6 ≥ 1:2
[2026-07-17 10:20:22] [news] ⚠ Anthropic key invalid/expired
[2026-07-17 10:21:24] [strategy] NIFTY: BUY_CE 24250.0 conf 95%
[2026-07-17 10:21:24] [strategy] 🔔[MEDIUM] NIFTY: BUY CE 24250.0 signal generated (confidence 95%)
[2026-07-17 10:21:27] [risk] APPROVED — ✓ autopilot not halted (consecutive losses) · ✓ market open · ✓ no open position · ✓ trades 0/20 · ✓ confidence 95≥70 · ✓ valid price points · ✓ risk-reward 2.0 ≥ 1:2 · ✓ strike 24250.0 not OTM (ATM 24250.0) · ✓ no fresh news-risk block · ✓ daily loss limit (risking ₹2910, day P&L ₹0) · ✓ fresh NIFTY data (1s old)
[2026-07-17 10:21:27] [risk] 🔔[HIGH] NIFTY: Order APPROVED: BUY CE 24250.0 — awaiting execution
[2026-07-17 10:21:28] [execution] 📄 PAPER BUY 75 x NIFTY 24250.0 CE @ ₹129.05
[2026-07-17 10:21:28] [execution] 🔔[HIGH] NIFTY: PAPER entry: BUY 75 x NIFTY 24250.0 CE @ ₹129.05
[2026-07-17 10:21:38] [risk] REJECTED manual order — ✓ autopilot not halted (consecutive losses) · ✓ market open · ✗ no open position · ✓ trades 1/20 · ✓ confidence 95≥70 · ✓ valid price points · ✓ risk-reward 2.0 ≥ 1:2 · ✓ strike 24250.0 not OTM (ATM 24250.0) · ✓ no fresh news-risk block · ✓ daily loss limit (risking ₹2910, day P&L ₹0) · ✓ fresh NIFTY data (6s old)
[2026-07-17 10:21:46] [risk] REJECTED manual order — ✓ autopilot not halted (consecutive losses) · ✓ market open · ✗ no open position · ✓ trades 1/20 · ✓ confidence 95≥70 · ✓ valid price points · ✓ risk-reward 2.0 ≥ 1:2 · ✓ strike 24250.0 not OTM (ATM 24250.0) · ✓ no fresh news-risk block · ✓ daily loss limit (risking ₹2910, day P&L ₹0) · ✓ fresh NIFTY data (1s old)
[2026-07-17 10:21:56] [risk] REJECTED manual order — ✓ autopilot not halted (consecutive losses) · ✓ market open · ✗ no open position · ✓ trades 1/20 · ✓ confidence 95≥70 · ✓ valid price points · ✓ risk-reward 2.0 ≥ 1:2 · ✓ strike 24250.0 not OTM (ATM 24250.0) · ✓ no fresh news-risk block · ✓ daily loss limit (risking ₹2910, day P&L ₹0) · ✓ fresh NIFTY data (5s old)
[2026-07-17 10:23:33] [risk] REJECTED manual order — ✓ autopilot not halted (consecutive losses) · ✓ market open · ✗ no open position · ✓ trades 1/20 · ✓ confidence 95≥70 · ✓ valid price points · ✓ risk-reward 2.0 ≥ 1:2 · ✓ strike 24250.0 not OTM (ATM 24250.0) · ✓ no fresh news-risk block · ✓ daily loss limit (risking ₹2910, day P&L ₹0) · ✓ fresh NIFTY data (2s old)
[2026-07-17 10:30:05] [risk] REJECTED manual order — ✓ autopilot not halted (consecutive losses) · ✓ market open · ✗ no open position · ✓ trades 1/20 · ✓ confidence 95≥70 · ✓ valid price points · ✓ risk-reward 2.0 ≥ 1:2 · ✓ strike 77900.0 not OTM (ATM 77900.0) · ✓ no fresh news-risk block · ✓ daily loss limit (risking ₹3400, day P&L ₹0) · ✓ fresh SENSEX data (5s old)
[2026-07-17 10:30:21] [risk] REJECTED manual order — ✓ autopilot not halted (consecutive losses) · ✓ market open · ✗ no open position · ✓ trades 1/20 · ✓ confidence 95≥70 · ✓ valid price points · ✓ risk-reward 2.0 ≥ 1:2 · ✓ strike 77900.0 not OTM (ATM 77900.0) · ✓ no fresh news-risk block · ✓ daily loss limit (risking ₹3400, day P&L ₹0) · ✓ fresh SENSEX data (2s old)
[2026-07-17 10:30:32] [risk] REJECTED manual order — ✓ autopilot not halted (consecutive losses) · ✓ market open · ✗ no open position · ✓ trades 1/20 · ✓ confidence 95≥70 · ✓ valid price points · ✓ risk-reward 2.0 ≥ 1:2 · ✓ strike 77900.0 not OTM (ATM 77900.0) · ✓ no fresh news-risk block · ✓ daily loss limit (risking ₹3456, day P&L ₹0) · ✓ fresh SENSEX data (0s old)
[2026-07-17 10:35:24] [news] ⚠ Anthropic key invalid/expired
[2026-07-17 10:37:22] [risk] REJECTED manual order — ✓ autopilot not halted (consecutive losses) · ✓ market open · ✗ no open position · ✓ trades 1/20 · ✓ confidence 95≥70 · ✓ valid price points · ✓ risk-reward 2.0 ≥ 1:2 · ✓ strike 77900.0 not OTM (ATM 77900.0) · ✓ regime 'trending-up' allows ['BUY_CE'] · ✓ timeframe confluence for CE (mixed-bull) · ✓ no fresh news-risk block · ✓ daily loss limit (risking ₹3364, day P&L ₹0) · ✓ fresh SENSEX data (2s old)
[2026-07-17 10:37:27] [risk] REJECTED manual order — ✓ autopilot not halted (consecutive losses) · ✓ market open · ✗ no open position · ✓ trades 1/20 · ✓ confidence 95≥70 · ✓ valid price points · ✓ risk-reward 2.0 ≥ 1:2 · ✓ strike 77900.0 not OTM (ATM 77900.0) · ✓ regime 'trending-up' allows ['BUY_CE'] · ✓ timeframe confluence for CE (mixed-bull) · ✓ no fresh news-risk block · ✓ daily loss limit (risking ₹3364, day P&L ₹0) · ✓ fresh SENSEX data (1s old)
[2026-07-17 10:43:50] [risk] REJECTED manual order — ✓ autopilot not halted (consecutive losses) · ✓ market open · ✗ no open position · ✓ trades 1/20 · ✓ confidence 95≥70 · ✓ valid price points · ✓ risk-reward 2.0 ≥ 1:2 · ✓ strike 77900.0 not OTM (ATM 77900.0) · ✓ regime 'trending-up' allows ['BUY_CE'] · ✓ timeframe confluence for CE (mixed-bull) · ✓ no fresh news-risk block · ✓ daily loss limit (risking ₹3256, day P&L ₹0) · ✓ fresh SENSEX data (0s old)
[2026-07-17 10:44:17] [risk] REJECTED manual order — ✓ autopilot not halted (consecutive losses) · ✓ market open · ✗ no open position · ✓ trades 1/20 · ✓ confidence 95≥70 · ✓ valid price points · ✓ risk-reward 2.0 ≥ 1:2 · ✓ strike 77900.0 not OTM (ATM 77900.0) · ✓ regime 'trending-up' allows ['BUY_CE'] · ✓ timeframe confluence for CE (mixed-bull) · ✓ no fresh news-risk block · ✓ daily loss limit (risking ₹3256, day P&L ₹0) · ✓ fresh SENSEX data (3s old)
[2026-07-17 10:48:13] [risk] REJECTED manual order — ✓ autopilot not halted (consecutive losses) · ✓ market open · ✗ no open position · ✓ trades 1/20 · ✓ confidence 95≥70 · ✓ valid price points · ✓ risk-reward 2.0 ≥ 1:2 · ✓ strike 77900.0 not OTM (ATM 77900.0) · ✓ regime 'trending-up' allows ['BUY_CE'] · ✓ timeframe confluence for CE (mixed-bull) · ✓ no fresh news-risk block · ✓ daily loss limit (risking ₹3044, day P&L ₹0) · ✓ fresh SENSEX data (5s old)
[2026-07-17 10:50:13] [risk] REJECTED manual order — ✓ autopilot not halted (consecutive losses) · ✓ market open · ✗ no open position · ✓ trades 1/20 · ✓ confidence 80≥70 · ✓ valid price points · ✓ risk-reward 2.3 ≥ 1:2 · ✓ strike 77900 not OTM (ATM 77900.0) · ✓ no fresh news-risk block · ✓ daily loss limit (risking ₹1896, day P&L ₹0) · ✓ fresh SENSEX data (1s old)
[2026-07-17 10:50:27] [news] 🔔[HIGH] : News risk event: Mixed performance with no clear bullish or bearish trend across different sources
[2026-07-17 11:15:46] [execution] 📄 PAPER SELL 75 x NIFTY 24250.0 CE @ ₹107.25 — manual exit from dashboard · P&L ₹-1635
[2026-07-17 11:15:46] [execution] 🔔[HIGH] NIFTY: Exited 24250.0 CE — manual exit from dashboard — P&L ₹-1635
[2026-07-17 11:15:54] [strategy] SENSEX: BUY_CE 77800.0 conf 80%
[2026-07-17 11:15:54] [strategy] 🔔[MEDIUM] SENSEX: BUY CE 77800.0 signal generated (confidence 80%)
[2026-07-17 11:15:55] [risk] REJECTED — ✓ autopilot not halted (consecutive losses) · ✗ cooldown (0m/15m since last loss) · ✓ market open · ✓ no open position · ✓ trades 1/20 · ✓ confidence 80≥70 · ✓ valid price points · ✗ risk-reward 1.4 ≥ 1:2 · ✓ strike 77800.0 not OTM (ATM 77800.0) · ✓ no fresh news-risk block · ✓ daily loss limit (risking ₹1031, day P&L ₹-1715) · ✓ fresh SENSEX data (2s old)
[2026-07-17 11:15:55] [risk] 🔔[LOW] SENSEX: Signal REJECTED (80% conf): ✗ cooldown (0m/15m since last loss); ✗ risk-reward 1.4 ≥ 1:2
[2026-07-17 11:18:44] [strategy] hard-reject reason present; 15-min backoff
[2026-07-17 11:20:14] [risk] REJECTED manual order — ✓ autopilot not halted (consecutive losses) · ✗ cooldown (4m/15m since last loss) · ✓ market open · ✓ no open position · ✓ trades 1/20 · ✓ confidence 70≥70 · ✓ valid price points · ✗ risk-reward -0.5 ≥ 1:2 · ✓ strike 77900 not OTM (ATM 77900.0) · ✓ no fresh news-risk block · ✓ daily loss limit (risking ₹3636, day P&L ₹-1715) · ✓ fresh SENSEX data (4s old)
[2026-07-17 11:20:28] [risk] REJECTED manual order — ✓ autopilot not halted (consecutive losses) · ✓ market open · ✓ no open position · ✓ trades 1/20 · ✓ confidence 70≥70 · ✓ valid price points · ✗ risk-reward -0.5 ≥ 1:2 · ✓ strike 77900 not OTM (ATM 77900.0) · ✓ no fresh news-risk block · ✓ daily loss limit (risking ₹3636, day P&L ₹-1715) · ✓ fresh SENSEX data (6s old)
[2026-07-17 11:20:58] [risk] REJECTED manual order — ✓ autopilot not halted (consecutive losses) · ✓ market open · ✓ no open position · ✓ trades 1/20 · ✓ confidence 70≥70 · ✓ valid price points · ✗ risk-reward -0.5 ≥ 1:2 · ✓ strike 77900 not OTM (ATM 77900.0) · ✓ no fresh news-risk block · ✓ daily loss limit (risking ₹3636, day P&L ₹-1715) · ✓ fresh SENSEX data (1s old)
[2026-07-17 11:33:55] [strategy] SENSEX: BUY_PE 77900.0 conf 70%
[2026-07-17 11:33:55] [strategy] 🔔[MEDIUM] SENSEX: BUY PE 77900.0 signal generated (confidence 70%)
[2026-07-17 11:34:00] [risk] REJECTED — ✓ autopilot not halted (consecutive losses) · ✓ market open · ✓ no open position · ✓ trades 1/20 · ✓ confidence 70≥70 · ✓ valid price points · ✗ risk-reward 1.0 ≥ 1:2 · ✓ strike 77900.0 not OTM (ATM 77900.0) · ✓ no fresh news-risk block · ✓ daily loss limit (risking ₹2001, day P&L ₹-1715) · ✓ fresh SENSEX data (5s old)
[2026-07-17 11:34:00] [risk] 🔔[LOW] SENSEX: Signal REJECTED (70% conf): ✗ risk-reward 1.0 ≥ 1:2
[2026-07-17 11:36:57] [strategy] SENSEX: BUY_PE 77900 conf 65%
[2026-07-17 11:36:57] [strategy] 🔔[MEDIUM] SENSEX: BUY PE 77900 signal generated (confidence 65%)
[2026-07-17 11:37:00] [risk] REJECTED — ✓ autopilot not halted (consecutive losses) · ✓ market open · ✓ no open position · ✓ trades 1/20 · ✗ confidence 65≥70 · ✓ valid price points · ✗ risk-reward 1.0 ≥ 1:2 · ✓ strike 77900 not OTM (ATM 77900.0) · ✓ no fresh news-risk block · ✓ daily loss limit (risking ₹4030, day P&L ₹-1715) · ✓ fresh SENSEX data (3s old)
[2026-07-17 11:37:00] [risk] 🔔[LOW] SENSEX: Signal REJECTED (65% conf): ✗ confidence 65≥70; ✗ risk-reward 1.0 ≥ 1:2
[2026-07-17 11:39:22] [market_data] ⚠ Could not find a suitable TLS CA certificate bundle, invalid path: /Users/user/Documents/Stock Tools/LTP Monitor v2/ltp-monitor/venv/lib/python3.14/site-packages/certifi/cacert.pem
[2026-07-17 11:39:25] [market_data] ⚠ Could not find a suitable TLS CA certificate bundle, invalid path: /Users/user/Documents/Stock Tools/LTP Monitor v2/ltp-monitor/venv/lib/python3.14/site-packages/certifi/cacert.pem
[2026-07-17 11:39:29] [market_data] ⚠ Could not find a suitable TLS CA certificate bundle, invalid path: /Users/user/Documents/Stock Tools/LTP Monitor v2/ltp-monitor/venv/lib/python3.14/site-packages/certifi/cacert.pem
[2026-07-17 11:39:32] [market_data] ⚠ Could not find a suitable TLS CA certificate bundle, invalid path: /Users/user/Documents/Stock Tools/LTP Monitor v2/ltp-monitor/venv/lib/python3.14/site-packages/certifi/cacert.pem
[2026-07-17 11:39:35] [market_data] ⚠ Could not find a suitable TLS CA certificate bundle, invalid path: /Users/user/Documents/Stock Tools/LTP Monitor v2/ltp-monitor/venv/lib/python3.14/site-packages/certifi/cacert.pem
[2026-07-17 11:39:38] [market_data] ⚠ Could not find a suitable TLS CA certificate bundle, invalid path: /Users/user/Documents/Stock Tools/LTP Monitor v2/ltp-monitor/venv/lib/python3.14/site-packages/certifi/cacert.pem
[2026-07-17 11:39:41] [market_data] ⚠ Could not find a suitable TLS CA certificate bundle, invalid path: /Users/user/Documents/Stock Tools/LTP Monitor v2/ltp-monitor/venv/lib/python3.14/site-packages/certifi/cacert.pem
[2026-07-17 11:39:45] [market_data] ⚠ Could not find a suitable TLS CA certificate bundle, invalid path: /Users/user/Documents/Stock Tools/LTP Monitor v2/ltp-monitor/venv/lib/python3.14/site-packages/certifi/cacert.pem
[2026-07-17 11:39:48] [market_data] ⚠ Could not find a suitable TLS CA certificate bundle, invalid path: /Users/user/Documents/Stock Tools/LTP Monitor v2/ltp-monitor/venv/lib/python3.14/site-packages/certifi/cacert.pem
[2026-07-17 11:39:51] [market_data] ⚠ Could not find a suitable TLS CA certificate bundle, invalid path: /Users/user/Documents/Stock Tools/LTP Monitor v2/ltp-monitor/venv/lib/python3.14/site-packages/certifi/cacert.pem
[2026-07-17 11:40:12] [orchestrator] restored 8 historical trades (1 today, ₹-1715 realized today)
[2026-07-17 11:40:42] [orchestrator] all 10 agents started on NIFTY+BANKNIFTY+FINNIFTY+SENSEX (PAPER)
[2026-07-17 11:40:57] [news] 🔔[HIGH] : News risk event: various headlines indicate mixed performance with some days showing gains and others losses
[2026-07-17 11:42:02] [strategy] NIFTY: BUY_PE 24250.0 conf 90%
[2026-07-17 11:42:02] [strategy] 🔔[MEDIUM] NIFTY: BUY PE 24250.0 signal generated (confidence 90%)
[2026-07-17 11:42:02] [risk] REJECTED — ✓ autopilot not halted (consecutive losses) · ✓ market open · ✓ no open position on NIFTY · ✓ concurrent positions 0/1 · ✓ trades 1/20 · ✓ confidence 90≥80 · ✓ valid price points · ✗ risk-reward 0.6 ≥ 1:2 · ✓ strike 24250.0 not OTM (ATM 24250.0) · ✗ regime 'trending-up' allows ['BUY_CE'] · ✗ timeframe confluence for PE (no-alignment) · ✓ no fresh news-risk block · ✓ daily loss limit (risking ₹3259, day P&L ₹0) · ✓ fresh NIFTY data (2s old)
[2026-07-17 11:42:02] [risk] 🔔[LOW] NIFTY: Signal REJECTED (90% conf): ✗ risk-reward 0.6 ≥ 1:2; ✗ regime 'trending-up' allows ['BUY_CE']; ✗ timeframe confluence for PE (no-alignment)
[2026-07-17 11:44:54] [strategy] SENSEX: BUY_CE 78000 conf 80%
[2026-07-17 11:44:54] [strategy] 🔔[MEDIUM] SENSEX: BUY CE 78000 signal generated (confidence 80%)
[2026-07-17 11:44:57] [risk] REJECTED — ✓ autopilot not halted (consecutive losses) · ✓ market open · ✓ no open position on SENSEX · ✓ concurrent positions 0/1 · ✓ trades 1/20 · ✓ confidence 80≥80 · ✓ valid price points · ✗ risk-reward 0.4 ≥ 1:2 · ✓ strike 78000 not OTM (ATM 78000.0) · ✓ regime 'mixed' allows ['BUY_CE', 'BUY_PE'] · ✗ timeframe confluence for CE (no-alignment) · ✓ no fresh news-risk block · ✓ daily loss limit (risking ₹1998, day P&L ₹0) · ✓ fresh SENSEX data (1s old)
[2026-07-17 11:44:57] [risk] 🔔[LOW] SENSEX: Signal REJECTED (80% conf): ✗ risk-reward 0.4 ≥ 1:2; ✗ timeframe confluence for CE (no-alignment)
[2026-07-17 11:47:56] [strategy] SENSEX: BUY_PE 78000 conf 80%
[2026-07-17 11:47:56] [strategy] 🔔[MEDIUM] SENSEX: BUY PE 78000 signal generated (confidence 80%)
[2026-07-17 11:47:57] [risk] REJECTED — ✓ autopilot not halted (consecutive losses) · ✓ market open · ✓ no open position on SENSEX · ✓ concurrent positions 0/1 · ✓ trades 1/20 · ✓ confidence 80≥80 · ✓ valid price points · ✗ risk-reward 0.9 ≥ 1:2 · ✓ strike 78000 not OTM (ATM 78000.0) · ✓ regime 'mixed' allows ['BUY_CE', 'BUY_PE'] · ✗ timeframe confluence for PE (no-alignment) · ✓ no fresh news-risk block · ✓ daily loss limit (risking ₹3575, day P&L ₹0) · ✓ fresh SENSEX data (6s old)
[2026-07-17 11:47:57] [risk] 🔔[LOW] SENSEX: Signal REJECTED (80% conf): ✗ risk-reward 0.9 ≥ 1:2; ✗ timeframe confluence for PE (no-alignment)
[2026-07-17 11:50:53] [strategy] SENSEX: BUY_CE 78000.0 conf 80%
[2026-07-17 11:50:53] [strategy] 🔔[MEDIUM] SENSEX: BUY CE 78000.0 signal generated (confidence 80%)
[2026-07-17 11:50:58] [risk] REJECTED — ✓ autopilot not halted (consecutive losses) · ✓ market open · ✓ no open position on SENSEX · ✓ concurrent positions 0/1 · ✓ trades 1/20 · ✓ confidence 80≥80 · ✓ valid price points · ✗ risk-reward 1.6 ≥ 1:2 · ✓ strike 78000.0 not OTM (ATM 78000.0) · ✓ regime 'mixed' allows ['BUY_CE', 'BUY_PE'] · ✗ timeframe confluence for CE (no-alignment) · ✓ no fresh news-risk block · ✓ daily loss limit (risking ₹1848, day P&L ₹0) · ✓ fresh SENSEX data (3s old)
[2026-07-17 11:50:58] [risk] 🔔[LOW] SENSEX: Signal REJECTED (80% conf): ✗ risk-reward 1.6 ≥ 1:2; ✗ timeframe confluence for CE (no-alignment)
[2026-07-17 11:53:55] [strategy] SENSEX: BUY_CE 78000.0 conf 80%
[2026-07-17 11:53:55] [strategy] 🔔[MEDIUM] SENSEX: BUY CE 78000.0 signal generated (confidence 80%)
[2026-07-17 11:53:58] [risk] REJECTED — ✓ autopilot not halted (consecutive losses) · ✓ market open · ✓ no open position on SENSEX · ✓ concurrent positions 0/1 · ✓ trades 1/20 · ✓ confidence 80≥80 · ✓ valid price points · ✗ risk-reward 1.3 ≥ 1:2 · ✓ strike 78000.0 not OTM (ATM 78000.0) · ✓ regime 'trending-up' allows ['BUY_CE'] · ✗ timeframe confluence for CE (no-alignment) · ✓ no fresh news-risk block · ✓ daily loss limit (risking ₹1853, day P&L ₹0) · ✓ fresh SENSEX data (2s old)
[2026-07-17 11:53:58] [risk] 🔔[LOW] SENSEX: Signal REJECTED (80% conf): ✗ risk-reward 1.3 ≥ 1:2; ✗ timeframe confluence for CE (no-alignment)
[2026-07-17 11:56:42] [risk] REJECTED manual order — ✓ autopilot not halted (consecutive losses) · ✓ market open · ✓ no open position on NIFTY · ✓ concurrent positions 0/1 · ✓ trades 1/20 · ✓ confidence 80≥80 · ✓ valid price points · ✗ risk-reward 1.7 ≥ 1:2 · ✓ strike 24300 not OTM (ATM 24300.0) · ✗ regime 'trending-up' allows ['BUY_CE'] · ✗ timeframe confluence for PE (no-alignment) · ✓ no fresh news-risk block · ✓ daily loss limit (risking ₹4950, day P&L ₹0) · ✓ fresh NIFTY data (3s old)
[2026-07-17 11:56:51] [strategy] NIFTY: BUY_PE 24300 conf 80%
[2026-07-17 11:56:51] [strategy] 🔔[MEDIUM] NIFTY: BUY PE 24300 signal generated (confidence 80%)
[2026-07-17 11:56:53] [risk] REJECTED — ✓ autopilot not halted (consecutive losses) · ✓ market open · ✓ no open position on NIFTY · ✓ concurrent positions 0/1 · ✓ trades 1/20 · ✓ confidence 80≥80 · ✓ valid price points · ✗ risk-reward 1.7 ≥ 1:2 · ✓ strike 24300 not OTM (ATM 24300.0) · ✗ regime 'trending-up' allows ['BUY_CE'] · ✗ timeframe confluence for PE (no-alignment) · ✓ no fresh news-risk block · ✓ daily loss limit (risking ₹4950, day P&L ₹0) · ✓ fresh NIFTY data (1s old)
[2026-07-17 11:56:53] [risk] 🔔[LOW] NIFTY: Signal REJECTED (80% conf): ✗ risk-reward 1.7 ≥ 1:2; ✗ regime 'trending-up' allows ['BUY_CE']; ✗ timeframe confluence for PE (no-alignment)
[2026-07-17 11:57:50] [risk] REJECTED manual order — ✓ autopilot not halted (consecutive losses) · ✓ market open · ✓ no open position on NIFTY · ✓ concurrent positions 0/1 · ✓ trades 1/20 · ✓ confidence 80≥80 · ✓ valid price points · ✗ risk-reward 1.7 ≥ 1:2 · ✓ strike 24300 not OTM (ATM 24300.0) · ✗ regime 'trending-up' allows ['BUY_CE'] · ✗ timeframe confluence for PE (no-alignment) · ✓ no fresh news-risk block · ✓ daily loss limit (risking ₹4950, day P&L ₹0) · ✓ fresh NIFTY data (2s old)
[2026-07-17 11:58:51] [strategy] NIFTY: BUY_PE 24300.0 conf 70%
[2026-07-17 11:58:51] [strategy] 🔔[MEDIUM] NIFTY: BUY PE 24300.0 signal generated (confidence 70%)
[2026-07-17 11:58:53] [risk] REJECTED — ✓ autopilot not halted (consecutive losses) · ✓ market open · ✓ no open position on NIFTY · ✓ concurrent positions 0/1 · ✓ trades 1/20 · ✗ confidence 70≥80 · ✓ valid price points · ✗ risk-reward 1.1 ≥ 1:2 · ✓ strike 24300.0 not OTM (ATM 24300.0) · ✗ regime 'trending-up' allows ['BUY_CE'] · ✗ timeframe confluence for PE (no-alignment) · ✓ no fresh news-risk block · ✓ daily loss limit (risking ₹2512, day P&L ₹0) · ✓ fresh NIFTY data (2s old)
[2026-07-17 11:58:53] [risk] 🔔[LOW] NIFTY: Signal REJECTED (70% conf): ✗ confidence 70≥80; ✗ risk-reward 1.1 ≥ 1:2; ✗ regime 'trending-up' allows ['BUY_CE']; ✗ timeframe confluence for PE (no-alignment)
[2026-07-17 12:00:58] [strategy] NIFTY: BUY_PE 24300.0 conf 90%
[2026-07-17 12:00:58] [strategy] 🔔[MEDIUM] NIFTY: BUY PE 24300.0 signal generated (confidence 90%)
[2026-07-17 12:00:58] [risk] REJECTED — ✓ autopilot not halted (consecutive losses) · ✓ market open · ✓ no open position on NIFTY · ✓ concurrent positions 0/1 · ✓ trades 1/20 · ✓ confidence 90≥80 · ✓ valid price points · ✗ risk-reward 1.1 ≥ 1:2 · ✓ strike 24300.0 not OTM (ATM 24300.0) · ✗ regime 'trending-up' allows ['BUY_CE'] · ✗ timeframe confluence for PE (no-alignment) · ✓ no fresh news-risk block · ✓ daily loss limit (risking ₹1080, day P&L ₹0) · ✓ fresh NIFTY data (2s old)
[2026-07-17 12:00:58] [risk] 🔔[LOW] NIFTY: Signal REJECTED (90% conf): ✗ risk-reward 1.1 ≥ 1:2; ✗ regime 'trending-up' allows ['BUY_CE']; ✗ timeframe confluence for PE (no-alignment)
[2026-07-17 12:04:02] [strategy] NIFTY: BUY_PE 24300.0 conf 80%
[2026-07-17 12:04:02] [strategy] 🔔[MEDIUM] NIFTY: BUY PE 24300.0 signal generated (confidence 80%)
[2026-07-17 12:04:03] [risk] REJECTED — ✓ autopilot not halted (consecutive losses) · ✓ market open · ✓ no open position on NIFTY · ✓ concurrent positions 0/1 · ✓ trades 1/20 · ✓ confidence 80≥80 · ✓ valid price points · ✗ risk-reward 1.1 ≥ 1:2 · ✓ strike 24300.0 not OTM (ATM 24300.0) · ✗ regime 'trending-up' allows ['BUY_CE'] · ✗ timeframe confluence for PE (no-alignment) · ✓ no fresh news-risk block · ✓ daily loss limit (risking ₹1080, day P&L ₹0) · ✓ fresh NIFTY data (5s old)
[2026-07-17 12:04:03] [risk] 🔔[LOW] NIFTY: Signal REJECTED (80% conf): ✗ risk-reward 1.1 ≥ 1:2; ✗ regime 'trending-up' allows ['BUY_CE']; ✗ timeframe confluence for PE (no-alignment)
[2026-07-17 12:06:58] [strategy] NIFTY: BUY_PE 24250.0 conf 85%
[2026-07-17 12:06:58] [strategy] 🔔[MEDIUM] NIFTY: BUY PE 24250.0 signal generated (confidence 85%)
[2026-07-17 12:07:03] [risk] REJECTED — ✓ autopilot not halted (consecutive losses) · ✓ market open · ✓ no open position on NIFTY · ✓ concurrent positions 0/1 · ✓ trades 1/20 · ✓ confidence 85≥80 · ✓ valid price points · ✗ risk-reward 0.6 ≥ 1:2 · ✓ strike 24250.0 not OTM (ATM 24250.0) · ✗ regime 'trending-up' allows ['BUY_CE'] · ✗ timeframe confluence for PE (no-alignment) · ✓ no fresh news-risk block · ✓ daily loss limit (risking ₹3248, day P&L ₹0) · ✓ fresh NIFTY data (2s old)
[2026-07-17 12:07:03] [risk] 🔔[LOW] NIFTY: Signal REJECTED (85% conf): ✗ risk-reward 0.6 ≥ 1:2; ✗ regime 'trending-up' allows ['BUY_CE']; ✗ timeframe confluence for PE (no-alignment)
[2026-07-17 12:09:31] [risk] REJECTED manual order — ✓ autopilot not halted (consecutive losses) · ✓ market open · ✓ no open position on NIFTY · ✓ concurrent positions 0/1 · ✓ trades 1/20 · ✓ confidence 85≥80 · ✓ valid price points · ✗ risk-reward 0.6 ≥ 1:2 · ✓ strike 24250.0 not OTM (ATM 24250.0) · ✓ regime 'mixed' allows ['BUY_CE', 'BUY_PE'] · ✗ timeframe confluence for PE (mixed-bull) · ✓ no fresh news-risk block · ✓ daily loss limit (risking ₹3248, day P&L ₹0) · ✓ fresh NIFTY data (5s old)
[2026-07-17 12:09:51] [risk] REJECTED manual order — ✓ autopilot not halted (consecutive losses) · ✓ market open · ✓ no open position on NIFTY · ✓ concurrent positions 0/1 · ✓ trades 1/20 · ✓ confidence 80≥80 · ✓ valid price points · ✗ risk-reward -0.5 ≥ 1:2 · ✓ strike 24250 not OTM (ATM 24250.0) · ✓ regime 'mixed' allows ['BUY_CE', 'BUY_PE'] · ✗ timeframe confluence for PE (mixed-bull) · ✓ no fresh news-risk block · ✓ daily loss limit (risking ₹3236, day P&L ₹0) · ✓ fresh NIFTY data (6s old)
[2026-07-17 12:09:54] [strategy] NIFTY: BUY_PE 24250 conf 80%
[2026-07-17 12:09:54] [strategy] 🔔[MEDIUM] NIFTY: BUY PE 24250 signal generated (confidence 80%)
[2026-07-17 12:09:58] [risk] REJECTED — ✓ autopilot not halted (consecutive losses) · ✓ market open · ✓ no open position on NIFTY · ✓ concurrent positions 0/1 · ✓ trades 1/20 · ✓ confidence 80≥80 · ✓ valid price points · ✗ risk-reward -0.5 ≥ 1:2 · ✓ strike 24250 not OTM (ATM 24250.0) · ✓ regime 'mixed' allows ['BUY_CE', 'BUY_PE'] · ✗ timeframe confluence for PE (mixed-bull) · ✓ no fresh news-risk block · ✓ daily loss limit (risking ₹3236, day P&L ₹0) · ✓ fresh NIFTY data (1s old)
[2026-07-17 12:09:58] [risk] 🔔[LOW] NIFTY: Signal REJECTED (80% conf): ✗ risk-reward -0.5 ≥ 1:2; ✗ timeframe confluence for PE (mixed-bull)
[2026-07-17 12:09:59] [risk] REJECTED manual order — ✓ autopilot not halted (consecutive losses) · ✓ market open · ✓ no open position on NIFTY · ✓ concurrent positions 0/1 · ✓ trades 1/20 · ✓ confidence 80≥80 · ✓ valid price points · ✗ risk-reward -0.5 ≥ 1:2 · ✓ strike 24250 not OTM (ATM 24250.0) · ✓ regime 'mixed' allows ['BUY_CE', 'BUY_PE'] · ✗ timeframe confluence for PE (mixed-bull) · ✓ no fresh news-risk block · ✓ daily loss limit (risking ₹3236, day P&L ₹0) · ✓ fresh NIFTY data (2s old)
[2026-07-17 12:12:01] [strategy] NIFTY: BUY_PE 24250.0 conf 80%
[2026-07-17 12:12:01] [strategy] 🔔[MEDIUM] NIFTY: BUY PE 24250.0 signal generated (confidence 80%)
[2026-07-17 12:12:04] [risk] REJECTED — ✓ autopilot not halted (consecutive losses) · ✓ market open · ✓ no open position on NIFTY · ✓ concurrent positions 0/1 · ✓ trades 1/20 · ✓ confidence 80≥80 · ✓ valid price points · ✓ risk-reward 2.0 ≥ 1:2 · ✓ strike 24250.0 not OTM (ATM 24250.0) · ✓ regime 'mixed' allows ['BUY_CE', 'BUY_PE'] · ✗ timeframe confluence for PE (mixed-bull) · ✓ no fresh news-risk block · ✓ daily loss limit (risking ₹1804, day P&L ₹0) · ✓ fresh NIFTY data (0s old)
[2026-07-17 12:12:04] [risk] 🔔[LOW] NIFTY: Signal REJECTED (80% conf): ✗ timeframe confluence for PE (mixed-bull)
[2026-07-17 12:15:05] [strategy] NIFTY: BUY_PE 24300.0 conf 90%
[2026-07-17 12:15:05] [strategy] 🔔[MEDIUM] NIFTY: BUY PE 24300.0 signal generated (confidence 90%)
[2026-07-17 12:15:09] [risk] REJECTED — ✓ autopilot not halted (consecutive losses) · ✓ market open · ✓ no open position on NIFTY · ✓ concurrent positions 0/1 · ✓ trades 1/20 · ✓ confidence 90≥80 · ✓ valid price points · ✗ risk-reward 0.8 ≥ 1:2 · ✓ strike 24300.0 not OTM (ATM 24300.0) · ✓ regime 'mixed' allows ['BUY_CE', 'BUY_PE'] · ✗ timeframe confluence for PE (mixed-bull) · ✓ no fresh news-risk block · ✓ daily loss limit (risking ₹3469, day P&L ₹0) · ✓ fresh NIFTY data (4s old)
[2026-07-17 12:15:09] [risk] 🔔[LOW] NIFTY: Signal REJECTED (90% conf): ✗ risk-reward 0.8 ≥ 1:2; ✗ timeframe confluence for PE (mixed-bull)
[2026-07-17 12:18:07] [strategy] NIFTY: BUY_PE 24250.0 conf 80%
[2026-07-17 12:18:07] [strategy] 🔔[MEDIUM] NIFTY: BUY PE 24250.0 signal generated (confidence 80%)
[2026-07-17 12:18:09] [risk] REJECTED — ✓ autopilot not halted (consecutive losses) · ✓ market open · ✓ no open position on NIFTY · ✓ concurrent positions 0/1 · ✓ trades 1/20 · ✓ confidence 80≥80 · ✓ valid price points · ✓ risk-reward 2.3 ≥ 1:2 · ✓ strike 24250.0 not OTM (ATM 24250.0) · ✗ regime 'trending-up' allows ['BUY_CE'] · ✗ timeframe confluence for PE (mixed-bull) · ✓ no fresh news-risk block · ✓ daily loss limit (risking ₹1744, day P&L ₹0) · ✓ fresh NIFTY data (2s old)
[2026-07-17 12:18:09] [risk] 🔔[LOW] NIFTY: Signal REJECTED (80% conf): ✗ regime 'trending-up' allows ['BUY_CE']; ✗ timeframe confluence for PE (mixed-bull)
[2026-07-17 12:21:04] [strategy] SENSEX: BUY_PE 78000 conf 65%
[2026-07-17 12:21:04] [strategy] 🔔[MEDIUM] SENSEX: BUY PE 78000 signal generated (confidence 65%)
[2026-07-17 12:21:09] [risk] REJECTED — ✓ autopilot not halted (consecutive losses) · ✓ market open · ✓ no open position on SENSEX · ✓ concurrent positions 0/1 · ✓ trades 1/20 · ✗ confidence 65≥80 · ✓ valid price points · ✗ risk-reward 0.8 ≥ 1:2 · ✓ strike 78000 not OTM (ATM 78000.0) · ✗ regime 'trending-up' allows ['BUY_CE'] · ✗ timeframe confluence for PE (mixed-bull) · ✓ no fresh news-risk block · ✓ daily loss limit (risking ₹4200, day P&L ₹0) · ✓ fresh SENSEX data (0s old)
[2026-07-17 12:21:09] [risk] 🔔[LOW] SENSEX: Signal REJECTED (65% conf): ✗ confidence 65≥80; ✗ risk-reward 0.8 ≥ 1:2; ✗ regime 'trending-up' allows ['BUY_CE']; ✗ timeframe confluence for PE (mixed-bull)
[2026-07-17 12:24:00] [strategy] SENSEX: BUY_PE 78000 conf 80%
[2026-07-17 12:24:00] [strategy] 🔔[MEDIUM] SENSEX: BUY PE 78000 signal generated (confidence 80%)
[2026-07-17 12:24:04] [risk] REJECTED — ✓ autopilot not halted (consecutive losses) · ✓ market open · ✓ no open position on SENSEX · ✓ concurrent positions 0/1 · ✓ trades 1/20 · ✓ confidence 80≥80 · ✓ valid price points · ✗ risk-reward 1.0 ≥ 1:2 · ✓ strike 78000 not OTM (ATM 78000.0) · ✗ regime 'trending-up' allows ['BUY_CE'] · ✗ timeframe confluence for PE (mixed-bull) · ✓ no fresh news-risk block · ✓ daily loss limit (risking ₹1965, day P&L ₹0) · ✓ fresh SENSEX data (6s old)
[2026-07-17 12:24:04] [risk] 🔔[LOW] SENSEX: Signal REJECTED (80% conf): ✗ risk-reward 1.0 ≥ 1:2; ✗ regime 'trending-up' allows ['BUY_CE']; ✗ timeframe confluence for PE (mixed-bull)
[2026-07-17 12:26:00] [strategy] SENSEX: BUY_PE 78000.0 conf 80%
[2026-07-17 12:26:00] [strategy] 🔔[MEDIUM] SENSEX: BUY PE 78000.0 signal generated (confidence 80%)
[2026-07-17 12:26:04] [risk] REJECTED — ✓ autopilot not halted (consecutive losses) · ✓ market open · ✓ no open position on SENSEX · ✓ concurrent positions 0/1 · ✓ trades 1/20 · ✓ confidence 80≥80 · ✓ valid price points · ✗ risk-reward 0.7 ≥ 1:2 · ✓ strike 78000.0 not OTM (ATM 78000.0) · ✗ regime 'trending-up' allows ['BUY_CE'] · ✗ timeframe confluence for PE (mixed-bull) · ✓ no fresh news-risk block · ✓ daily loss limit (risking ₹1904, day P&L ₹0) · ✓ fresh SENSEX data (1s old)
[2026-07-17 12:26:04] [risk] 🔔[LOW] SENSEX: Signal REJECTED (80% conf): ✗ risk-reward 0.7 ≥ 1:2; ✗ regime 'trending-up' allows ['BUY_CE']; ✗ timeframe confluence for PE (mixed-bull)
[2026-07-17 12:28:37] [strategy] SENSEX: BUY_PE 78000.0 conf 70%
[2026-07-17 12:28:37] [strategy] 🔔[MEDIUM] SENSEX: BUY PE 78000.0 signal generated (confidence 70%)
[2026-07-17 12:28:39] [risk] REJECTED — ✓ autopilot not halted (consecutive losses) · ✓ market open · ✓ no open position on SENSEX · ✓ concurrent positions 0/1 · ✓ trades 1/20 · ✗ confidence 70≥80 · ✓ valid price points · ✗ risk-reward 1.1 ≥ 1:2 · ✓ strike 78000.0 not OTM (ATM 78000.0) · ✗ regime 'trending-up' allows ['BUY_CE'] · ✗ timeframe confluence for PE (mixed-bull) · ✓ no fresh news-risk block · ✓ daily loss limit (risking ₹1901, day P&L ₹0) · ✓ fresh SENSEX data (5s old)
[2026-07-17 12:28:39] [risk] 🔔[LOW] SENSEX: Signal REJECTED (70% conf): ✗ confidence 70≥80; ✗ risk-reward 1.1 ≥ 1:2; ✗ regime 'trending-up' allows ['BUY_CE']; ✗ timeframe confluence for PE (mixed-bull)
[2026-07-17 12:32:02] [strategy] SENSEX: BUY_CE 78000.0 conf 95%
[2026-07-17 12:32:02] [strategy] 🔔[MEDIUM] SENSEX: BUY CE 78000.0 signal generated (confidence 95%)
[2026-07-17 12:32:05] [risk] APPROVED — ✓ autopilot not halted (consecutive losses) · ✓ market open · ✓ no open position on SENSEX · ✓ concurrent positions 0/1 · ✓ trades 1/20 · ✓ confidence 95≥80 · ✓ valid price points · ✓ risk-reward 2.0 ≥ 1:2 · ✓ strike 78000.0 not OTM (ATM 78000.0) · ✓ regime 'trending-up' allows ['BUY_CE'] · ✓ timeframe confluence for CE (mixed-bull) · ✓ no fresh news-risk block · ✓ daily loss limit (risking ₹2918, day P&L ₹0) · ✓ fresh SENSEX data (2s old)
[2026-07-17 12:32:05] [risk] 🔔[HIGH] SENSEX: Order APPROVED: BUY CE 78000.0 — awaiting execution
[2026-07-17 12:32:07] [execution] 📄 PAPER BUY 20 x SENSEX 78000.0 CE @ ₹486.3
[2026-07-17 12:32:07] [execution] 🔔[HIGH] SENSEX: PAPER entry: BUY 20 x SENSEX 78000.0 CE @ ₹486.3
[2026-07-17 12:56:37] [execution] 📄 PAPER SELL 20 x SENSEX 78000.0 CE @ ₹479.4 — manual exit from dashboard · P&L ₹-138
[2026-07-17 12:56:37] [execution] 🔔[HIGH] SENSEX: Exited 78000.0 CE — manual exit from dashboard — P&L ₹-138
[2026-07-17 12:56:40] [risk] REJECTED manual order — ✓ autopilot not halted (consecutive losses) · ✓ market open · ✓ no open position on SENSEX · ✓ concurrent positions 0/1 · ✓ trades 2/20 · ✓ confidence 85≥80 · ✓ valid price points · ✗ risk-reward 0.9 ≥ 1:2 · ✓ strike 78000 not OTM (ATM 78000.0) · ✓ regime 'mixed' allows ['BUY_CE', 'BUY_PE'] · ✗ timeframe confluence for PE (no-alignment) · ✓ no fresh news-risk block · ✓ daily loss limit (risking ₹2203, day P&L ₹-218) · ✓ fresh SENSEX data (1s old)
[2026-07-17 12:57:55] [strategy] SENSEX: BUY_CE|BUY_PE 78000.0 conf 75%
[2026-07-17 12:57:55] [strategy] 🔔[MEDIUM] SENSEX: BUY CE|BUY PE 78000.0 signal generated (confidence 75%)
[2026-07-17 12:57:56] [risk] REJECTED — ✓ autopilot not halted (consecutive losses) · ✓ market open · ✓ no open position on SENSEX · ✓ concurrent positions 0/1 · ✓ trades 2/20 · ✗ confidence 75≥80 · ✓ valid price points · ✗ risk-reward 1.1 ≥ 1:2 · ✗ regime 'mixed' allows ['BUY_CE', 'BUY_PE'] · ✓ no fresh news-risk block · ✓ daily loss limit (risking ₹2611, day P&L ₹-218) · ✓ fresh SENSEX data (2s old)
[2026-07-17 12:57:56] [risk] 🔔[LOW] SENSEX: Signal REJECTED (75% conf): ✗ confidence 75≥80; ✗ risk-reward 1.1 ≥ 1:2; ✗ regime 'mixed' allows ['BUY_CE', 'BUY_PE']
[2026-07-17 13:00:50] [strategy] SENSEX: BUY_CE|BUY_PE 78000 conf 90%
[2026-07-17 13:00:50] [strategy] 🔔[MEDIUM] SENSEX: BUY CE|BUY PE 78000 signal generated (confidence 90%)
[2026-07-17 13:00:52] [risk] REJECTED — ✓ autopilot not halted (consecutive losses) · ✓ market open · ✓ no open position on SENSEX · ✓ concurrent positions 0/1 · ✓ trades 2/20 · ✓ confidence 90≥80 · ✓ valid price points · ✗ risk-reward -0.3 ≥ 1:2 · ✗ regime is choppy — avoid directional buys · ✓ no fresh news-risk block · ✓ daily loss limit (risking ₹1537, day P&L ₹-218) · ✓ fresh SENSEX data (0s old)
[2026-07-17 13:00:52] [risk] 🔔[LOW] SENSEX: Signal REJECTED (90% conf): ✗ risk-reward -0.3 ≥ 1:2; ✗ regime is choppy — avoid directional buys
[2026-07-17 13:03:55] [strategy] SENSEX: BUY_PE 78000.0 conf 80%
[2026-07-17 13:03:55] [strategy] 🔔[MEDIUM] SENSEX: BUY PE 78000.0 signal generated (confidence 80%)
[2026-07-17 13:03:57] [risk] REJECTED — ✓ autopilot not halted (consecutive losses) · ✓ market open · ✓ no open position on SENSEX · ✓ concurrent positions 0/1 · ✓ trades 2/20 · ✓ confidence 80≥80 · ✓ valid price points · ✓ risk-reward 2.2 ≥ 1:2 · ✓ strike 78000.0 not OTM (ATM 78000.0) · ✗ regime is choppy — avoid directional buys · ✗ timeframe confluence for PE (no-alignment) · ✓ no fresh news-risk block · ✓ daily loss limit (risking ₹891, day P&L ₹-218) · ✓ fresh SENSEX data (2s old)
[2026-07-17 13:03:57] [risk] 🔔[LOW] SENSEX: Signal REJECTED (80% conf): ✗ regime is choppy — avoid directional buys; ✗ timeframe confluence for PE (no-alignment)
[2026-07-17 13:06:20] [strategy] SENSEX: BUY_PE 78000.0 conf 80%
[2026-07-17 13:06:20] [strategy] 🔔[MEDIUM] SENSEX: BUY PE 78000.0 signal generated (confidence 80%)
[2026-07-17 13:06:22] [risk] REJECTED — ✓ autopilot not halted (consecutive losses) · ✓ market open · ✓ no open position on SENSEX · ✓ concurrent positions 0/1 · ✓ trades 2/20 · ✓ confidence 80≥80 · ✓ valid price points · ✓ risk-reward 2.2 ≥ 1:2 · ✓ strike 78000.0 not OTM (ATM 78000.0) · ✗ regime is choppy — avoid directional buys · ✗ timeframe confluence for PE (no-alignment) · ✓ no fresh news-risk block · ✓ daily loss limit (risking ₹891, day P&L ₹-218) · ✓ fresh SENSEX data (2s old)
[2026-07-17 13:06:22] [risk] 🔔[LOW] SENSEX: Signal REJECTED (80% conf): ✗ regime is choppy — avoid directional buys; ✗ timeframe confluence for PE (no-alignment)
[2026-07-17 13:07:01] [risk] REJECTED manual order — ✓ autopilot not halted (consecutive losses) · ✓ market open · ✓ no open position on SENSEX · ✓ concurrent positions 0/1 · ✓ trades 2/20 · ✓ confidence 80≥80 · ✓ valid price points · ✓ risk-reward 2.2 ≥ 1:2 · ✓ strike 78000.0 not OTM (ATM 78000.0) · ✗ regime is choppy — avoid directional buys · ✗ timeframe confluence for PE (no-alignment) · ✓ no fresh news-risk block · ✓ daily loss limit (risking ₹891, day P&L ₹-218) · ✓ fresh SENSEX data (4s old)
[2026-07-17 13:07:06] [risk] REJECTED manual order — ✓ autopilot not halted (consecutive losses) · ✓ market open · ✓ no open position on SENSEX · ✓ concurrent positions 0/1 · ✓ trades 2/20 · ✓ confidence 80≥80 · ✓ valid price points · ✓ risk-reward 2.2 ≥ 1:2 · ✓ strike 78000.0 not OTM (ATM 78000.0) · ✗ regime is choppy — avoid directional buys · ✗ timeframe confluence for PE (no-alignment) · ✓ no fresh news-risk block · ✓ daily loss limit (risking ₹891, day P&L ₹-218) · ✓ fresh SENSEX data (2s old)
[2026-07-17 13:09:14] [strategy] NIFTY: BUY_PE 24300.0 conf 70%
[2026-07-17 13:09:14] [strategy] 🔔[MEDIUM] NIFTY: BUY PE 24300.0 signal generated (confidence 70%)
[2026-07-17 13:09:17] [risk] REJECTED — ✓ autopilot not halted (consecutive losses) · ✓ market open · ✓ no open position on NIFTY · ✓ concurrent positions 0/1 · ✓ trades 2/20 · ✗ confidence 70≥80 · ✓ valid price points · ✗ risk-reward 0.8 ≥ 1:2 · ✓ strike 24300.0 not OTM (ATM 24300.0) · ✗ regime is choppy — avoid directional buys · ✗ timeframe confluence for PE (no-alignment) · ✓ no fresh news-risk block · ✓ daily loss limit (risking ₹3375, day P&L ₹-218) · ✓ fresh NIFTY data (2s old)
[2026-07-17 13:09:17] [risk] 🔔[LOW] NIFTY: Signal REJECTED (70% conf): ✗ confidence 70≥80; ✗ risk-reward 0.8 ≥ 1:2; ✗ regime is choppy — avoid directional buys; ✗ timeframe confluence for PE (no-alignment)
[2026-07-17 13:12:03] [strategy] NIFTY: BUY_PE 24300.0 conf 70%
[2026-07-17 13:12:03] [strategy] 🔔[MEDIUM] NIFTY: BUY PE 24300.0 signal generated (confidence 70%)
[2026-07-17 13:12:08] [risk] REJECTED — ✓ autopilot not halted (consecutive losses) · ✓ market open · ✓ no open position on NIFTY · ✓ concurrent positions 0/1 · ✓ trades 2/20 · ✗ confidence 70≥80 · ✓ valid price points · ✗ risk-reward 1.3 ≥ 1:2 · ✓ strike 24300.0 not OTM (ATM 24300.0) · ✗ regime is choppy — avoid directional buys · ✗ timeframe confluence for PE (no-alignment) · ✓ no fresh news-risk block · ✓ daily loss limit (risking ₹968, day P&L ₹-218) · ✓ fresh NIFTY data (1s old)
[2026-07-17 13:12:08] [risk] 🔔[LOW] NIFTY: Signal REJECTED (70% conf): ✗ confidence 70≥80; ✗ risk-reward 1.3 ≥ 1:2; ✗ regime is choppy — avoid directional buys; ✗ timeframe confluence for PE (no-alignment)
[2026-07-17 13:14:24] [strategy] NIFTY: BUY_PE 24300.0 conf 70%
[2026-07-17 13:14:24] [strategy] 🔔[MEDIUM] NIFTY: BUY PE 24300.0 signal generated (confidence 70%)
[2026-07-17 13:14:28] [risk] REJECTED — ✓ autopilot not halted (consecutive losses) · ✓ market open · ✓ no open position on NIFTY · ✓ concurrent positions 0/1 · ✓ trades 2/20 · ✗ confidence 70≥80 · ✓ valid price points · ✗ risk-reward 1.3 ≥ 1:2 · ✓ strike 24300.0 not OTM (ATM 24300.0) · ✗ regime is choppy — avoid directional buys · ✗ timeframe confluence for PE (no-alignment) · ✓ no fresh news-risk block · ✓ daily loss limit (risking ₹968, day P&L ₹-218) · ✓ fresh NIFTY data (3s old)
[2026-07-17 13:14:28] [risk] 🔔[LOW] NIFTY: Signal REJECTED (70% conf): ✗ confidence 70≥80; ✗ risk-reward 1.3 ≥ 1:2; ✗ regime is choppy — avoid directional buys; ✗ timeframe confluence for PE (no-alignment)
[2026-07-17 13:15:57] [risk] REJECTED manual order — ✓ autopilot not halted (consecutive losses) · ✓ market open · ✓ no open position on NIFTY · ✓ concurrent positions 0/1 · ✓ trades 2/20 · ✗ confidence 70≥80 · ✓ valid price points · ✗ risk-reward 1.3 ≥ 1:2 · ✓ strike 24300.0 not OTM (ATM 24300.0) · ✗ regime is choppy — avoid directional buys · ✗ timeframe confluence for PE (no-alignment) · ✓ no fresh news-risk block · ✓ daily loss limit (risking ₹968, day P&L ₹-218) · ✓ fresh NIFTY data (4s old)
[2026-07-17 13:16:14] [risk] REJECTED manual order — ✓ autopilot not halted (consecutive losses) · ✓ market open · ✓ no open position on NIFTY · ✓ concurrent positions 0/1 · ✓ trades 2/20 · ✓ confidence 80≥80 · ✓ valid price points · ✗ risk-reward 1.0 ≥ 1:2 · ✓ strike 24300.0 not OTM (ATM 24300.0) · ✗ regime is choppy — avoid directional buys · ✗ timeframe confluence for PE (no-alignment) · ✓ no fresh news-risk block · ✓ daily loss limit (risking ₹2625, day P&L ₹-218) · ✓ fresh NIFTY data (2s old)
[2026-07-17 13:16:24] [strategy] NIFTY: BUY_PE 24300.0 conf 80%
[2026-07-17 13:16:24] [strategy] 🔔[MEDIUM] NIFTY: BUY PE 24300.0 signal generated (confidence 80%)
[2026-07-17 13:16:28] [risk] REJECTED — ✓ autopilot not halted (consecutive losses) · ✓ market open · ✓ no open position on NIFTY · ✓ concurrent positions 0/1 · ✓ trades 2/20 · ✓ confidence 80≥80 · ✓ valid price points · ✗ risk-reward 1.0 ≥ 1:2 · ✓ strike 24300.0 not OTM (ATM 24250.0) · ✗ regime is choppy — avoid directional buys · ✗ timeframe confluence for PE (no-alignment) · ✓ no fresh news-risk block · ✓ daily loss limit (risking ₹2625, day P&L ₹-218) · ✓ fresh NIFTY data (4s old)
[2026-07-17 13:16:28] [risk] 🔔[LOW] NIFTY: Signal REJECTED (80% conf): ✗ risk-reward 1.0 ≥ 1:2; ✗ regime is choppy — avoid directional buys; ✗ timeframe confluence for PE (no-alignment)
[2026-07-17 13:19:24] [strategy] FINNIFTY: BUY_CE 26800.0 conf 95%
[2026-07-17 13:19:24] [strategy] 🔔[MEDIUM] FINNIFTY: BUY CE 26800.0 signal generated (confidence 95%)
[2026-07-17 13:19:28] [risk] REJECTED — ✓ autopilot not halted (consecutive losses) · ✓ market open · ✓ no open position on FINNIFTY · ✓ concurrent positions 0/1 · ✓ trades 2/20 · ✓ confidence 95≥80 · ✓ valid price points · ✓ risk-reward 2.0 ≥ 1:2 · ✓ strike 26800.0 not OTM (ATM 26800.0) · ✓ regime 'mixed' allows ['BUY_CE', 'BUY_PE'] · ✗ timeframe confluence for CE (no-alignment) · ✓ no fresh news-risk block · ✓ daily loss limit (risking ₹6318, day P&L ₹-218) · ✓ fresh FINNIFTY data (4s old)
[2026-07-17 13:19:28] [risk] 🔔[LOW] FINNIFTY: Signal REJECTED (95% conf): ✗ timeframe confluence for CE (no-alignment)
[2026-07-17 13:21:46] [strategy] FINNIFTY: BUY_CE|BUY_PE 26800.0 conf 80%
[2026-07-17 13:21:46] [strategy] 🔔[MEDIUM] FINNIFTY: BUY CE|BUY PE 26800.0 signal generated (confidence 80%)
[2026-07-17 13:21:48] [risk] REJECTED — ✓ autopilot not halted (consecutive losses) · ✓ market open · ✓ no open position on FINNIFTY · ✓ concurrent positions 0/1 · ✓ trades 2/20 · ✓ confidence 80≥80 · ✓ valid price points · ✗ risk-reward 0.9 ≥ 1:2 · ✗ regime 'trending-up' allows ['BUY_CE'] · ✓ no fresh news-risk block · ✗ daily loss limit (risking ₹11089, day P&L ₹-218) · ✓ fresh FINNIFTY data (5s old)
[2026-07-17 13:21:48] [risk] 🔔[LOW] FINNIFTY: Signal REJECTED (80% conf): ✗ risk-reward 0.9 ≥ 1:2; ✗ regime 'trending-up' allows ['BUY_CE']; ✗ daily loss limit (risking ₹11089, day P&L ₹-218)
[2026-07-17 13:24:27] [strategy] hard-reject reason present; 15-min backoff
[2026-07-17 13:39:39] [strategy] hard-reject reason present; 15-min backoff
[2026-07-17 13:41:09] [orchestrator] restored 9 historical trades (2 today, ₹-1933 realized today)
[2026-07-17 13:41:24] [orchestrator] all 10 agents started on NIFTY+BANKNIFTY+FINNIFTY+SENSEX (PAPER)
[2026-07-17 13:42:07] [execution] 📄 PAPER SPREAD bull_put_spread NIFTY: SELL 24200 PE @ ₹124.4 · BUY 24100 PE @ ₹84.8 · credit ₹39.6 x 75
[2026-07-17 13:42:07] [execution] 🔔[MEDIUM] NIFTY: Spread opened: bull_put_spread credit ₹39.6
[2026-07-17 13:42:25] [strategy] NIFTY: BUY_PE 24250.0 conf 90%
[2026-07-17 13:42:25] [strategy] 🔔[MEDIUM] NIFTY: BUY PE 24250.0 signal generated (confidence 90%)
[2026-07-17 13:42:30] [risk] REJECTED — ✓ autopilot not halted (consecutive losses) · ✓ market open · ✓ no open position on NIFTY · ✓ concurrent positions 0/1 · ✓ trades 2/20 · ✓ confidence 90≥80 · ✓ valid price points · ✓ risk-reward 271.7 ≥ 1:2 · ✓ strike 24250.0 not OTM (ATM 24250.0) · ✗ regime 'trending-up' allows ['BUY_CE'] · ✗ timeframe confluence for PE (no-alignment) · ✓ no fresh news-risk block · ✓ daily loss limit (risking ₹6611, day P&L ₹0) · ✓ fresh NIFTY data (0s old)
[2026-07-17 13:42:30] [risk] 🔔[LOW] NIFTY: Signal REJECTED (90% conf): ✗ regime 'trending-up' allows ['BUY_CE']; ✗ timeframe confluence for PE (no-alignment)
[2026-07-17 13:44:41] [strategy] NIFTY: BUY_PE 24250.0 conf 80%
[2026-07-17 13:44:41] [strategy] 🔔[MEDIUM] NIFTY: BUY PE 24250.0 signal generated (confidence 80%)
[2026-07-17 13:44:45] [risk] REJECTED — ✓ autopilot not halted (consecutive losses) · ✓ market open · ✓ no open position on NIFTY · ✓ concurrent positions 0/1 · ✓ trades 2/20 · ✓ confidence 80≥80 · ✓ valid price points · ✗ risk-reward 0.7 ≥ 1:2 · ✓ strike 24250.0 not OTM (ATM 24250.0) · ✗ regime 'trending-up' allows ['BUY_CE'] · ✗ timeframe confluence for PE (no-alignment) · ✓ no fresh news-risk block · ✓ daily loss limit (risking ₹5531, day P&L ₹0) · ✓ fresh NIFTY data (4s old)
[2026-07-17 13:44:45] [risk] 🔔[LOW] NIFTY: Signal REJECTED (80% conf): ✗ risk-reward 0.7 ≥ 1:2; ✗ regime 'trending-up' allows ['BUY_CE']; ✗ timeframe confluence for PE (no-alignment)
[2026-07-17 13:47:26] [strategy] NIFTY: BUY_PE 24250.0 conf 70%
[2026-07-17 13:47:26] [strategy] 🔔[MEDIUM] NIFTY: BUY PE 24250.0 signal generated (confidence 70%)
[2026-07-17 13:47:30] [risk] REJECTED — ✓ autopilot not halted (consecutive losses) · ✓ market open · ✓ no open position on NIFTY · ✓ concurrent positions 0/1 · ✓ trades 2/20 · ✗ confidence 70≥80 · ✓ valid price points · ✗ risk-reward 0.8 ≥ 1:2 · ✓ strike 24250.0 not OTM (ATM 24250.0) · ✗ regime 'trending-up' allows ['BUY_CE'] · ✗ timeframe confluence for PE (no-alignment) · ✓ no fresh news-risk block · ✓ daily loss limit (risking ₹4886, day P&L ₹0) · ✓ fresh NIFTY data (5s old)
[2026-07-17 13:47:30] [risk] 🔔[LOW] NIFTY: Signal REJECTED (70% conf): ✗ confidence 70≥80; ✗ risk-reward 0.8 ≥ 1:2; ✗ regime 'trending-up' allows ['BUY_CE']; ✗ timeframe confluence for PE (no-alignment)
[2026-07-17 13:49:37] [execution] 📄 SPREAD CLOSED bull_put_spread NIFTY — manual exit from Strategies tab · gross ₹-142 - fees ₹160 = net ₹-302
[2026-07-17 13:49:37] [execution] 🔔[HIGH] NIFTY: Spread closed — manual exit from Strategies tab — net ₹-302
[2026-07-17 13:49:39] [execution] 📄 PAPER SPREAD bull_put_spread NIFTY: SELL 24200 PE @ ₹127.7 · BUY 24100 PE @ ₹86.35 · credit ₹41.35 x 75
[2026-07-17 13:49:39] [execution] 🔔[MEDIUM] NIFTY: Spread opened: bull_put_spread credit ₹41.35
[2026-07-17 13:49:40] [strategy] NIFTY: BUY_PE 24250.0 conf 80%
[2026-07-17 13:49:40] [strategy] 🔔[MEDIUM] NIFTY: BUY PE 24250.0 signal generated (confidence 80%)
[2026-07-17 13:49:40] [risk] REJECTED — ✓ autopilot not halted (consecutive losses) · ✓ market open · ✓ no open position on NIFTY · ✓ concurrent positions 0/1 · ✓ trades 2/20 · ✓ confidence 80≥80 · ✓ valid price points · ✗ risk-reward 0.7 ≥ 1:2 · ✓ strike 24250.0 not OTM (ATM 24250.0) · ✗ regime 'trending-up' allows ['BUY_CE'] · ✗ timeframe confluence for PE (no-alignment) · ✓ no fresh news-risk block · ✓ daily loss limit (risking ₹3570, day P&L ₹-302) · ✓ fresh NIFTY data (4s old)
[2026-07-17 13:49:40] [risk] 🔔[LOW] NIFTY: Signal REJECTED (80% conf): ✗ risk-reward 0.7 ≥ 1:2; ✗ regime 'trending-up' allows ['BUY_CE']; ✗ timeframe confluence for PE (no-alignment)
[2026-07-17 13:51:17] [orchestrator] restored 10 historical trades (3 today, ₹-2235 realized today)
[2026-07-17 13:51:35] [orchestrator] all 10 agents started on NIFTY+BANKNIFTY+FINNIFTY+SENSEX (PAPER)
[2026-07-17 13:52:52] [strategy] SENSEX: BUY_CE 77800.0 conf 90%
[2026-07-17 13:52:52] [strategy] 🔔[MEDIUM] SENSEX: BUY CE 77800.0 signal generated (confidence 90%)
[2026-07-17 13:52:55] [risk] REJECTED — ✓ autopilot not halted (consecutive losses) · ✓ market open · ✓ no open position on SENSEX · ✓ concurrent positions 0/1 · ✓ trades 3/20 · ✓ confidence 90≥80 · ✓ valid price points · ✗ risk-reward 1.2 ≥ 1:2 · ✓ strike 77800.0 not OTM (ATM 77800.0) · ✓ regime 'trending-up' allows ['BUY_CE'] · ✗ timeframe confluence for CE (mixed-bear) · ✓ no fresh news-risk block · ✓ daily loss limit (risking ₹2571, day P&L ₹0) · ✓ fresh SENSEX data (0s old)
[2026-07-17 13:52:55] [risk] 🔔[LOW] SENSEX: Signal REJECTED (90% conf): ✗ risk-reward 1.2 ≥ 1:2; ✗ timeframe confluence for CE (mixed-bear)
[2026-07-17 13:53:02] [execution] 📄 PAPER SPREAD bull_put_spread SENSEX: SELL 77500 PE @ ₹462.7 · BUY 77300 PE @ ₹385.1 · credit ₹77.6 x 20
[2026-07-17 13:53:02] [execution] 🔔[MEDIUM] SENSEX: Spread opened: bull_put_spread credit ₹77.6
[2026-07-17 13:55:43] [strategy] SENSEX: BUY_CE 77800.0 conf 80%
[2026-07-17 13:55:43] [strategy] 🔔[MEDIUM] SENSEX: BUY CE 77800.0 signal generated (confidence 80%)
[2026-07-17 13:55:45] [risk] REJECTED — ✓ autopilot not halted (consecutive losses) · ✓ market open · ✓ no open position on SENSEX · ✓ concurrent positions 0/1 · ✓ trades 3/20 · ✓ confidence 80≥80 · ✓ valid price points · ✗ risk-reward 0.4 ≥ 1:2 · ✓ strike 77800.0 not OTM (ATM 77800.0) · ✓ regime 'trending-up' allows ['BUY_CE'] · ✗ timeframe confluence for CE (mixed-bear) · ✓ no fresh news-risk block · ✓ daily loss limit (risking ₹2607, day P&L ₹0) · ✓ fresh SENSEX data (1s old)
[2026-07-17 13:55:45] [risk] 🔔[LOW] SENSEX: Signal REJECTED (80% conf): ✗ risk-reward 0.4 ≥ 1:2; ✗ timeframe confluence for CE (mixed-bear)
[2026-07-17 13:58:46] [strategy] SENSEX: BUY_CE|BUY_PE 77800.0 conf 80%
[2026-07-17 13:58:46] [strategy] 🔔[MEDIUM] SENSEX: BUY CE|BUY PE 77800.0 signal generated (confidence 80%)
[2026-07-17 13:58:51] [risk] REJECTED — ✓ autopilot not halted (consecutive losses) · ✓ market open · ✓ no open position on SENSEX · ✓ concurrent positions 0/1 · ✓ trades 3/20 · ✓ confidence 80≥80 · ✓ valid price points · ✗ risk-reward 0.8 ≥ 1:2 · ✗ regime 'trending-up' allows ['BUY_CE'] · ✓ no fresh news-risk block · ✓ daily loss limit (risking ₹3111, day P&L ₹0) · ✓ fresh SENSEX data (4s old)
[2026-07-17 13:58:51] [risk] 🔔[LOW] SENSEX: Signal REJECTED (80% conf): ✗ risk-reward 0.8 ≥ 1:2; ✗ regime 'trending-up' allows ['BUY_CE']
[2026-07-17 14:01:47] [strategy] SENSEX: BUY_PE 77800.0 conf 80%
[2026-07-17 14:01:47] [strategy] 🔔[MEDIUM] SENSEX: BUY PE 77800.0 signal generated (confidence 80%)
[2026-07-17 14:01:51] [risk] REJECTED — ✓ autopilot not halted (consecutive losses) · ✓ market open · ✓ no open position on SENSEX · ✓ concurrent positions 0/1 · ✓ trades 3/20 · ✓ confidence 80≥80 · ✓ valid price points · ✗ risk-reward 0.8 ≥ 1:2 · ✗ strike 77800.0 not OTM (ATM 77900.0) · ✗ regime 'trending-up' allows ['BUY_CE'] · ✗ timeframe confluence for PE (no-alignment) · ✓ no fresh news-risk block · ✓ daily loss limit (risking ₹3055, day P&L ₹0) · ✓ fresh SENSEX data (0s old)
[2026-07-17 14:01:51] [risk] 🔔[LOW] SENSEX: Signal REJECTED (80% conf): ✗ risk-reward 0.8 ≥ 1:2; ✗ strike 77800.0 not OTM (ATM 77900.0); ✗ regime 'trending-up' allows ['BUY_CE']; ✗ timeframe confluence for PE (no-alignment)
[2026-07-17 14:04:49] [strategy] SENSEX: BUY_CE|BUY_PE 77800.0 conf 80%
[2026-07-17 14:04:49] [strategy] 🔔[MEDIUM] SENSEX: BUY CE|BUY PE 77800.0 signal generated (confidence 80%)
[2026-07-17 14:04:51] [risk] REJECTED — ✓ autopilot not halted (consecutive losses) · ✓ market open · ✓ no open position on SENSEX · ✓ concurrent positions 0/1 · ✓ trades 3/20 · ✓ confidence 80≥80 · ✓ valid price points · ✗ risk-reward 1.8 ≥ 1:2 · ✗ regime 'trending-up' allows ['BUY_CE'] · ✓ no fresh news-risk block · ✓ daily loss limit (risking ₹1772, day P&L ₹0) · ✓ fresh SENSEX data (4s old)
[2026-07-17 14:04:51] [risk] 🔔[LOW] SENSEX: Signal REJECTED (80% conf): ✗ risk-reward 1.8 ≥ 1:2; ✗ regime 'trending-up' allows ['BUY_CE']
[2026-07-17 14:07:52] [strategy] SENSEX: BUY_PE 77800.0 conf 85%
[2026-07-17 14:07:52] [strategy] 🔔[MEDIUM] SENSEX: BUY PE 77800.0 signal generated (confidence 85%)
[2026-07-17 14:07:56] [risk] REJECTED — ✓ autopilot not halted (consecutive losses) · ✓ market open · ✓ no open position on SENSEX · ✓ concurrent positions 0/1 · ✓ trades 3/20 · ✓ confidence 85≥80 · ✓ valid price points · ✗ risk-reward 0.2 ≥ 1:2 · ✗ strike 77800.0 not OTM (ATM 77900.0) · ✗ regime 'trending-up' allows ['BUY_CE'] · ✗ timeframe confluence for PE (no-alignment) · ✓ no fresh news-risk block · ✓ daily loss limit (risking ₹4012, day P&L ₹0) · ✓ fresh SENSEX data (1s old)
[2026-07-17 14:07:56] [risk] 🔔[LOW] SENSEX: Signal REJECTED (85% conf): ✗ risk-reward 0.2 ≥ 1:2; ✗ strike 77800.0 not OTM (ATM 77900.0); ✗ regime 'trending-up' allows ['BUY_CE']; ✗ timeframe confluence for PE (no-alignment)
[2026-07-17 14:10:49] [strategy] SENSEX: BUY_PE 77800 conf 80%
[2026-07-17 14:10:49] [strategy] 🔔[MEDIUM] SENSEX: BUY PE 77800 signal generated (confidence 80%)
[2026-07-17 14:10:51] [risk] REJECTED — ✓ autopilot not halted (consecutive losses) · ✓ market open · ✓ no open position on SENSEX · ✓ concurrent positions 0/1 · ✓ trades 3/20 · ✓ confidence 80≥80 · ✓ valid price points · ✗ risk-reward 0.7 ≥ 1:2 · ✗ strike 77800 not OTM (ATM 77900.0) · ✗ regime 'trending-up' allows ['BUY_CE'] · ✗ timeframe confluence for PE (no-alignment) · ✓ no fresh news-risk block · ✓ daily loss limit (risking ₹1364, day P&L ₹0) · ✓ fresh SENSEX data (6s old)
[2026-07-17 14:10:51] [risk] 🔔[LOW] SENSEX: Signal REJECTED (80% conf): ✗ risk-reward 0.7 ≥ 1:2; ✗ strike 77800 not OTM (ATM 77900.0); ✗ regime 'trending-up' allows ['BUY_CE']; ✗ timeframe confluence for PE (no-alignment)
[2026-07-17 14:13:50] [strategy] SENSEX: BUY_CE|BUY_PE 78000 conf 80%
[2026-07-17 14:13:50] [strategy] 🔔[MEDIUM] SENSEX: BUY CE|BUY PE 78000 signal generated (confidence 80%)
[2026-07-17 14:13:51] [risk] REJECTED — ✓ autopilot not halted (consecutive losses) · ✓ market open · ✓ no open position on SENSEX · ✓ concurrent positions 0/1 · ✓ trades 3/20 · ✓ confidence 80≥80 · ✓ valid price points · ✗ risk-reward 1.4 ≥ 1:2 · ✗ regime 'trending-up' allows ['BUY_CE'] · ✓ no fresh news-risk block · ✓ daily loss limit (risking ₹2532, day P&L ₹0) · ✓ fresh SENSEX data (3s old)
[2026-07-17 14:13:51] [risk] 🔔[LOW] SENSEX: Signal REJECTED (80% conf): ✗ risk-reward 1.4 ≥ 1:2; ✗ regime 'trending-up' allows ['BUY_CE']
[2026-07-17 14:16:48] [execution] 📄 PAPER SPREAD bear_call_spread SENSEX: SELL 79000 CE @ ₹233.7 · BUY 79200 CE @ ₹180.85 · credit ₹52.85 x 20
[2026-07-17 14:16:48] [execution] 🔔[MEDIUM] SENSEX: Spread opened: bear_call_spread credit ₹52.85
[2026-07-17 14:16:52] [strategy] SENSEX: BUY_CE 78200 conf 80%
[2026-07-17 14:16:52] [strategy] 🔔[MEDIUM] SENSEX: BUY CE 78200 signal generated (confidence 80%)
[2026-07-17 14:16:57] [risk] REJECTED — ✓ autopilot not halted (consecutive losses) · ✓ market open · ✓ no open position on SENSEX · ✓ concurrent positions 0/1 · ✓ trades 3/20 · ✓ confidence 80≥80 · ✓ valid price points · ✗ risk-reward 1.0 ≥ 1:2 · ✓ strike 78200 not OTM (ATM 78200.0) · ✓ regime 'mixed' allows ['BUY_CE', 'BUY_PE'] · ✓ timeframe confluence for CE (mixed-bull) · ✓ no fresh news-risk block · ✓ daily loss limit (risking ₹2106, day P&L ₹0) · ✓ fresh SENSEX data (6s old)
[2026-07-17 14:16:57] [risk] 🔔[LOW] SENSEX: Signal REJECTED (80% conf): ✗ risk-reward 1.0 ≥ 1:2
[2026-07-17 14:19:53] [strategy] SENSEX: BUY_CE|BUY_PE 78100.0 conf 80%
[2026-07-17 14:19:53] [strategy] 🔔[MEDIUM] SENSEX: BUY CE|BUY PE 78100.0 signal generated (confidence 80%)
[2026-07-17 14:19:57] [risk] REJECTED — ✓ autopilot not halted (consecutive losses) · ✓ market open · ✓ no open position on SENSEX · ✓ concurrent positions 0/1 · ✓ trades 3/20 · ✓ confidence 80≥80 · ✓ valid price points · ✓ risk-reward 2.0 ≥ 1:2 · ✗ regime 'trending-up' allows ['BUY_CE'] · ✓ no fresh news-risk block · ✓ daily loss limit (risking ₹1090, day P&L ₹0) · ✓ fresh SENSEX data (4s old)
[2026-07-17 14:19:57] [risk] 🔔[LOW] SENSEX: Signal REJECTED (80% conf): ✗ regime 'trending-up' allows ['BUY_CE']
[2026-07-17 14:20:04] [risk] REJECTED manual order — ✓ autopilot not halted (consecutive losses) · ✓ market open · ✓ no open position on SENSEX · ✓ concurrent positions 0/1 · ✓ trades 3/20 · ✓ confidence 80≥80 · ✓ valid price points · ✓ risk-reward 2.0 ≥ 1:2 · ✗ regime 'trending-up' allows ['BUY_CE'] · ✓ no fresh news-risk block · ✓ daily loss limit (risking ₹1090, day P&L ₹0) · ✓ fresh SENSEX data (5s old)
[2026-07-17 14:20:12] [risk] REJECTED manual order — ✓ autopilot not halted (consecutive losses) · ✓ market open · ✓ no open position on SENSEX · ✓ concurrent positions 0/1 · ✓ trades 3/20 · ✓ confidence 80≥80 · ✓ valid price points · ✓ risk-reward 2.0 ≥ 1:2 · ✗ regime 'trending-up' allows ['BUY_CE'] · ✓ no fresh news-risk block · ✓ daily loss limit (risking ₹1090, day P&L ₹0) · ✓ fresh SENSEX data (0s old)
[2026-07-17 14:21:48] [risk] REJECTED manual order — ✓ autopilot not halted (consecutive losses) · ✓ market open · ✓ no open position on SENSEX · ✓ concurrent positions 0/1 · ✓ trades 3/20 · ✓ confidence 80≥80 · ✓ valid price points · ✗ risk-reward 0.7 ≥ 1:2 · ✗ regime 'trending-up' allows ['BUY_CE'] · ✓ no fresh news-risk block · ✓ daily loss limit (risking ₹2935, day P&L ₹0) · ✓ fresh SENSEX data (9s old)
[2026-07-17 14:22:55] [strategy] SENSEX: BUY_CE|BUY_PE 78100.0 conf 80%
[2026-07-17 14:22:55] [strategy] 🔔[MEDIUM] SENSEX: BUY CE|BUY PE 78100.0 signal generated (confidence 80%)
[2026-07-17 14:22:57] [risk] REJECTED — ✓ autopilot not halted (consecutive losses) · ✓ market open · ✓ no open position on SENSEX · ✓ concurrent positions 0/1 · ✓ trades 3/20 · ✓ confidence 80≥80 · ✓ valid price points · ✗ risk-reward 1.8 ≥ 1:2 · ✗ regime 'trending-up' allows ['BUY_CE'] · ✓ no fresh news-risk block · ✓ daily loss limit (risking ₹1860, day P&L ₹0) · ✓ fresh SENSEX data (2s old)
[2026-07-17 14:22:57] [risk] 🔔[LOW] SENSEX: Signal REJECTED (80% conf): ✗ risk-reward 1.8 ≥ 1:2; ✗ regime 'trending-up' allows ['BUY_CE']
[2026-07-17 14:25:57] [strategy] SENSEX: BUY_CE|BUY_PE 78100.0 conf 80%
[2026-07-17 14:25:57] [strategy] 🔔[MEDIUM] SENSEX: BUY CE|BUY PE 78100.0 signal generated (confidence 80%)
[2026-07-17 14:26:02] [risk] REJECTED — ✓ autopilot not halted (consecutive losses) · ✓ market open · ✓ no open position on SENSEX · ✓ concurrent positions 0/1 · ✓ trades 3/20 · ✓ confidence 80≥80 · ✓ valid price points · ✗ risk-reward 1.7 ≥ 1:2 · ✗ regime 'trending-up' allows ['BUY_CE'] · ✓ no fresh news-risk block · ✓ daily loss limit (risking ₹1725, day P&L ₹0) · ✓ fresh SENSEX data (5s old)
[2026-07-17 14:26:02] [risk] 🔔[LOW] SENSEX: Signal REJECTED (80% conf): ✗ risk-reward 1.7 ≥ 1:2; ✗ regime 'trending-up' allows ['BUY_CE']
[2026-07-17 14:27:58] [execution] 📄 SPREAD CLOSED bull_put_spread SENSEX — manual exit from Strategies tab · gross ₹399 - fees ₹160 = net ₹239
[2026-07-17 14:27:58] [execution] 🔔[HIGH] SENSEX: Spread closed — manual exit from Strategies tab — net ₹239
[2026-07-17 14:28:02] [execution] 📄 PAPER SPREAD bull_put_spread SENSEX: SELL 77500 PE @ ₹351.95 · BUY 77300 PE @ ₹293.15 · credit ₹58.8 x 20
[2026-07-17 14:28:02] [execution] 🔔[MEDIUM] SENSEX: Spread opened: bull_put_spread credit ₹58.8
[2026-07-17 14:28:59] [strategy] SENSEX: BUY_CE|BUY_PE 78100.0 conf 80%
[2026-07-17 14:28:59] [strategy] 🔔[MEDIUM] SENSEX: BUY CE|BUY PE 78100.0 signal generated (confidence 80%)
[2026-07-17 14:29:02] [risk] REJECTED — ✓ autopilot not halted (consecutive losses) · ✓ market open · ✓ no open position on SENSEX · ✓ concurrent positions 0/1 · ✓ trades 3/20 · ✓ confidence 80≥80 · ✓ valid price points · ✓ risk-reward 2.2 ≥ 1:2 · ✗ regime 'trending-up' allows ['BUY_CE'] · ✓ no fresh news-risk block · ✓ daily loss limit (risking ₹1003, day P&L ₹239) · ✓ fresh SENSEX data (3s old)
[2026-07-17 14:29:02] [risk] 🔔[LOW] SENSEX: Signal REJECTED (80% conf): ✗ regime 'trending-up' allows ['BUY_CE']
[2026-07-17 14:32:00] [strategy] SENSEX: BUY_PE 78000 conf 80%
[2026-07-17 14:32:00] [strategy] 🔔[MEDIUM] SENSEX: BUY PE 78000 signal generated (confidence 80%)
[2026-07-17 14:32:02] [risk] REJECTED — ✓ autopilot not halted (consecutive losses) · ✓ market open · ✓ no open position on SENSEX · ✓ concurrent positions 0/1 · ✓ trades 3/20 · ✓ confidence 80≥80 · ✓ valid price points · ✗ risk-reward 0.8 ≥ 1:2 · ✗ strike 78000 not OTM (ATM 78100.0) · ✗ regime 'trending-up' allows ['BUY_CE'] · ✗ timeframe confluence for PE (no-alignment) · ✓ no fresh news-risk block · ✓ daily loss limit (risking ₹3738, day P&L ₹239) · ✓ fresh SENSEX data (1s old)
[2026-07-17 14:32:02] [risk] 🔔[LOW] SENSEX: Signal REJECTED (80% conf): ✗ risk-reward 0.8 ≥ 1:2; ✗ strike 78000 not OTM (ATM 78100.0); ✗ regime 'trending-up' allows ['BUY_CE']; ✗ timeframe confluence for PE (no-alignment)
[2026-07-17 14:35:02] [strategy] SENSEX: BUY_PE 78100.0 conf 75%
[2026-07-17 14:35:02] [strategy] 🔔[MEDIUM] SENSEX: BUY PE 78100.0 signal generated (confidence 75%)
[2026-07-17 14:35:03] [risk] REJECTED — ✓ autopilot not halted (consecutive losses) · ✓ market open · ✓ no open position on SENSEX · ✓ concurrent positions 0/1 · ✓ trades 3/20 · ✗ confidence 75≥80 · ✓ valid price points · ✗ risk-reward -1.3 ≥ 1:2 · ✓ strike 78100.0 not OTM (ATM 78100.0) · ✗ regime 'trending-up' allows ['BUY_CE'] · ✗ timeframe confluence for PE (mixed-bull) · ✓ no fresh news-risk block · ✓ daily loss limit (risking ₹3050, day P&L ₹239) · ✓ fresh SENSEX data (4s old)
[2026-07-17 14:35:03] [risk] 🔔[LOW] SENSEX: Signal REJECTED (75% conf): ✗ confidence 75≥80; ✗ risk-reward -1.3 ≥ 1:2; ✗ regime 'trending-up' allows ['BUY_CE']; ✗ timeframe confluence for PE (mixed-bull)
[2026-07-17 14:37:59] [strategy] SENSEX: BUY_CE|BUY_PE 78000 conf 75%
[2026-07-17 14:37:59] [strategy] 🔔[MEDIUM] SENSEX: BUY CE|BUY PE 78000 signal generated (confidence 75%)
[2026-07-17 14:38:03] [risk] REJECTED — ✓ autopilot not halted (consecutive losses) · ✓ market open · ✓ no open position on SENSEX · ✓ concurrent positions 0/1 · ✓ trades 3/20 · ✗ confidence 75≥80 · ✓ valid price points · ✓ risk-reward 2.2 ≥ 1:2 · ✗ regime 'trending-up' allows ['BUY_CE'] · ✓ no fresh news-risk block · ✓ daily loss limit (risking ₹1012, day P&L ₹239) · ✓ fresh SENSEX data (2s old)
[2026-07-17 14:38:03] [risk] 🔔[LOW] SENSEX: Signal REJECTED (75% conf): ✗ confidence 75≥80; ✗ regime 'trending-up' allows ['BUY_CE']
[2026-07-17 14:41:00] [strategy] SENSEX: BUY_PE 78100.0 conf 80%
[2026-07-17 14:41:00] [strategy] 🔔[MEDIUM] SENSEX: BUY PE 78100.0 signal generated (confidence 80%)
[2026-07-17 14:41:03] [risk] REJECTED — ✓ autopilot not halted (consecutive losses) · ✓ market open · ✓ no open position on SENSEX · ✓ concurrent positions 0/1 · ✓ trades 3/20 · ✓ confidence 80≥80 · ✓ valid price points · ✗ risk-reward 0.4 ≥ 1:2 · ✓ strike 78100.0 not OTM (ATM 78100.0) · ✗ regime 'trending-up' allows ['BUY_CE'] · ✗ timeframe confluence for PE (mixed-bull) · ✓ no fresh news-risk block · ✓ daily loss limit (risking ₹2657, day P&L ₹239) · ✓ fresh SENSEX data (6s old)
[2026-07-17 14:41:03] [risk] 🔔[LOW] SENSEX: Signal REJECTED (80% conf): ✗ risk-reward 0.4 ≥ 1:2; ✗ regime 'trending-up' allows ['BUY_CE']; ✗ timeframe confluence for PE (mixed-bull)
[2026-07-17 14:44:04] [strategy] SENSEX: BUY_PE 78100 conf 90%
[2026-07-17 14:44:04] [strategy] 🔔[MEDIUM] SENSEX: BUY PE 78100 signal generated (confidence 90%)
[2026-07-17 14:44:08] [risk] REJECTED — ✓ autopilot not halted (consecutive losses) · ✓ market open · ✓ no open position on SENSEX · ✓ concurrent positions 0/1 · ✓ trades 3/20 · ✓ confidence 90≥80 · ✓ valid price points · ✗ risk-reward -1.9 ≥ 1:2 · ✓ strike 78100 not OTM (ATM 78100.0) · ✗ regime 'trending-up' allows ['BUY_CE'] · ✗ timeframe confluence for PE (mixed-bull) · ✓ no fresh news-risk block · ✓ daily loss limit (risking ₹1017, day P&L ₹239) · ✓ fresh SENSEX data (3s old)
[2026-07-17 14:44:08] [risk] 🔔[LOW] SENSEX: Signal REJECTED (90% conf): ✗ risk-reward -1.9 ≥ 1:2; ✗ regime 'trending-up' allows ['BUY_CE']; ✗ timeframe confluence for PE (mixed-bull)
[2026-07-17 14:47:07] [strategy] SENSEX: BUY_PE 78100 conf 80%
[2026-07-17 14:47:07] [strategy] 🔔[MEDIUM] SENSEX: BUY PE 78100 signal generated (confidence 80%)
[2026-07-17 14:47:08] [risk] REJECTED — ✓ autopilot not halted (consecutive losses) · ✓ market open · ✓ no open position on SENSEX · ✓ concurrent positions 0/1 · ✓ trades 3/20 · ✓ confidence 80≥80 · ✓ valid price points · ✓ risk-reward 2.1 ≥ 1:2 · ✓ strike 78100 not OTM (ATM 78100.0) · ✗ regime 'trending-up' allows ['BUY_CE'] · ✗ timeframe confluence for PE (mixed-bull) · ✓ no fresh news-risk block · ✓ daily loss limit (risking ₹1056, day P&L ₹239) · ✓ fresh SENSEX data (1s old)
[2026-07-17 14:47:08] [risk] 🔔[LOW] SENSEX: Signal REJECTED (80% conf): ✗ regime 'trending-up' allows ['BUY_CE']; ✗ timeframe confluence for PE (mixed-bull)
[2026-07-17 14:48:01] [execution] 📄 SPREAD CLOSED bear_call_spread SENSEX — manual exit from Strategies tab · gross ₹175 - fees ₹160 = net ₹15
[2026-07-17 14:48:01] [execution] 🔔[HIGH] SENSEX: Spread closed — manual exit from Strategies tab — net ₹15
[2026-07-17 14:48:36] [execution] 📄 SPREAD CLOSED bull_put_spread SENSEX — manual exit from Strategies tab · gross ₹21 - fees ₹160 = net ₹-139
[2026-07-17 14:48:36] [execution] 🔔[HIGH] SENSEX: Spread closed — manual exit from Strategies tab — net ₹-139
[2026-07-17 14:48:38] [execution] 📄 PAPER SPREAD bull_put_spread SENSEX: SELL 77500 PE @ ₹343.15 · BUY 77300 PE @ ₹287.05 · credit ₹56.1 x 20
[2026-07-17 14:48:38] [execution] 🔔[MEDIUM] SENSEX: Spread opened: bull_put_spread credit ₹56.1
[2026-07-17 14:49:57] [strategy] NIFTY: BUY_PE 24300.0 conf 80%
[2026-07-17 14:49:57] [strategy] 🔔[MEDIUM] NIFTY: BUY PE 24300.0 signal generated (confidence 80%)
[2026-07-17 14:49:58] [risk] REJECTED — ✓ autopilot not halted (consecutive losses) · ✓ market open · ✓ no open position on NIFTY · ✓ concurrent positions 0/1 · ✓ trades 3/20 · ✓ confidence 80≥80 · ✓ valid price points · ✗ risk-reward 0.6 ≥ 1:2 · ✓ strike 24300.0 not OTM (ATM 24300.0) · ✗ regime 'trending-up' allows ['BUY_CE'] · ✗ timeframe confluence for PE (strong-bull) · ✓ no fresh news-risk block · ✓ daily loss limit (risking ₹3097, day P&L ₹115) · ✓ fresh NIFTY data (2s old)
[2026-07-17 14:49:58] [risk] 🔔[LOW] NIFTY: Signal REJECTED (80% conf): ✗ risk-reward 0.6 ≥ 1:2; ✗ regime 'trending-up' allows ['BUY_CE']; ✗ timeframe confluence for PE (strong-bull)
[2026-07-17 14:52:02] [strategy] NIFTY: BUY_PE 24300.0 conf 80%
[2026-07-17 14:52:02] [strategy] 🔔[MEDIUM] NIFTY: BUY PE 24300.0 signal generated (confidence 80%)
[2026-07-17 14:52:04] [risk] REJECTED — ✓ autopilot not halted (consecutive losses) · ✓ market open · ✓ no open position on NIFTY · ✓ concurrent positions 0/1 · ✓ trades 3/20 · ✓ confidence 80≥80 · ✓ valid price points · ✗ risk-reward 0.6 ≥ 1:2 · ✓ strike 24300.0 not OTM (ATM 24300.0) · ✗ regime 'trending-up' allows ['BUY_CE'] · ✗ timeframe confluence for PE (mixed-bull) · ✓ no fresh news-risk block · ✓ daily loss limit (risking ₹3097, day P&L ₹115) · ✓ fresh NIFTY data (5s old)
[2026-07-17 14:52:04] [risk] 🔔[LOW] NIFTY: Signal REJECTED (80% conf): ✗ risk-reward 0.6 ≥ 1:2; ✗ regime 'trending-up' allows ['BUY_CE']; ✗ timeframe confluence for PE (mixed-bull)
[2026-07-17 14:54:02] [strategy] NIFTY: BUY_PE 24300.0 conf 80%
[2026-07-17 14:54:02] [strategy] 🔔[MEDIUM] NIFTY: BUY PE 24300.0 signal generated (confidence 80%)
[2026-07-17 14:54:04] [risk] REJECTED — ✓ autopilot not halted (consecutive losses) · ✓ market open · ✓ no open position on NIFTY · ✓ concurrent positions 0/1 · ✓ trades 3/20 · ✓ confidence 80≥80 · ✓ valid price points · ✗ risk-reward 0.6 ≥ 1:2 · ✓ strike 24300.0 not OTM (ATM 24300.0) · ✗ regime 'trending-up' allows ['BUY_CE'] · ✗ timeframe confluence for PE (mixed-bull) · ✓ no fresh news-risk block · ✓ daily loss limit (risking ₹3097, day P&L ₹115) · ✓ fresh NIFTY data (2s old)
[2026-07-17 14:54:04] [risk] 🔔[LOW] NIFTY: Signal REJECTED (80% conf): ✗ risk-reward 0.6 ≥ 1:2; ✗ regime 'trending-up' allows ['BUY_CE']; ✗ timeframe confluence for PE (mixed-bull)
[2026-07-17 14:56:11] [strategy] NIFTY: BUY_PE 24350.0 conf 90%
[2026-07-17 14:56:11] [strategy] 🔔[MEDIUM] NIFTY: BUY PE 24350.0 signal generated (confidence 90%)
[2026-07-17 14:56:14] [risk] REJECTED — ✓ autopilot not halted (consecutive losses) · ✓ market open · ✓ no open position on NIFTY · ✓ concurrent positions 0/1 · ✓ trades 3/20 · ✓ confidence 90≥80 · ✓ valid price points · ✗ risk-reward 0.8 ≥ 1:2 · ✓ strike 24350.0 not OTM (ATM 24350.0) · ✗ regime 'trending-up' allows ['BUY_CE'] · ✗ timeframe confluence for PE (mixed-bull) · ✓ no fresh news-risk block · ✓ daily loss limit (risking ₹5025, day P&L ₹115) · ✓ fresh NIFTY data (6s old)
[2026-07-17 14:56:14] [risk] 🔔[LOW] NIFTY: Signal REJECTED (90% conf): ✗ risk-reward 0.8 ≥ 1:2; ✗ regime 'trending-up' allows ['BUY_CE']; ✗ timeframe confluence for PE (mixed-bull)
[2026-07-17 14:59:09] [strategy] NIFTY: BUY_PE 24300.0 conf 80%
[2026-07-17 14:59:09] [strategy] 🔔[MEDIUM] NIFTY: BUY PE 24300.0 signal generated (confidence 80%)
[2026-07-17 14:59:09] [risk] REJECTED — ✓ autopilot not halted (consecutive losses) · ✓ market open · ✓ no open position on NIFTY · ✓ concurrent positions 0/1 · ✓ trades 3/20 · ✓ confidence 80≥80 · ✓ valid price points · ✗ risk-reward 1.0 ≥ 1:2 · ✓ strike 24300.0 not OTM (ATM 24300.0) · ✗ regime 'trending-up' allows ['BUY_CE'] · ✗ timeframe confluence for PE (mixed-bull) · ✓ no fresh news-risk block · ✓ daily loss limit (risking ₹3120, day P&L ₹115) · ✓ fresh NIFTY data (6s old)
[2026-07-17 14:59:09] [risk] 🔔[LOW] NIFTY: Signal REJECTED (80% conf): ✗ risk-reward 1.0 ≥ 1:2; ✗ regime 'trending-up' allows ['BUY_CE']; ✗ timeframe confluence for PE (mixed-bull)
[2026-07-17 15:02:11] [strategy] NIFTY: BUY_PE 24350.0 conf 80%
[2026-07-17 15:02:11] [strategy] 🔔[MEDIUM] NIFTY: BUY PE 24350.0 signal generated (confidence 80%)
[2026-07-17 15:02:14] [risk] REJECTED — ✓ autopilot not halted (consecutive losses) · ✓ market open · ✓ no open position on NIFTY · ✓ concurrent positions 0/1 · ✓ trades 3/20 · ✓ confidence 80≥80 · ✓ valid price points · ✗ risk-reward 0.8 ≥ 1:2 · ✓ strike 24350.0 not OTM (ATM 24350.0) · ✗ regime 'trending-up' allows ['BUY_CE'] · ✗ timeframe confluence for PE (mixed-bull) · ✓ no fresh news-risk block · ✓ daily loss limit (risking ₹4541, day P&L ₹115) · ✓ fresh NIFTY data (2s old)
[2026-07-17 15:02:14] [risk] 🔔[LOW] NIFTY: Signal REJECTED (80% conf): ✗ risk-reward 0.8 ≥ 1:2; ✗ regime 'trending-up' allows ['BUY_CE']; ✗ timeframe confluence for PE (mixed-bull)
[2026-07-17 15:05:06] [strategy] NIFTY: BUY_PE 24300.0 conf 60%
[2026-07-17 15:05:06] [strategy] 🔔[MEDIUM] NIFTY: BUY PE 24300.0 signal generated (confidence 60%)
[2026-07-17 15:05:09] [risk] REJECTED — ✓ autopilot not halted (consecutive losses) · ✓ market open · ✓ no open position on NIFTY · ✓ concurrent positions 0/1 · ✓ trades 3/20 · ✗ confidence 60≥80 · ✓ valid price points · ✗ risk-reward 1.3 ≥ 1:2 · ✓ strike 24300.0 not OTM (ATM 24300.0) · ✗ regime 'trending-up' allows ['BUY_CE'] · ✗ timeframe confluence for PE (mixed-bull) · ✓ no fresh news-risk block · ✓ daily loss limit (risking ₹3034, day P&L ₹115) · ✓ fresh NIFTY data (2s old)
[2026-07-17 15:05:09] [risk] 🔔[LOW] NIFTY: Signal REJECTED (60% conf): ✗ confidence 60≥80; ✗ risk-reward 1.3 ≥ 1:2; ✗ regime 'trending-up' allows ['BUY_CE']; ✗ timeframe confluence for PE (mixed-bull)
[2026-07-17 15:07:06] [strategy] NIFTY: BUY_PE 24350.0 conf 70%
[2026-07-17 15:07:06] [strategy] 🔔[MEDIUM] NIFTY: BUY PE 24350.0 signal generated (confidence 70%)
[2026-07-17 15:07:10] [risk] REJECTED — ✓ autopilot not halted (consecutive losses) · ✓ market open · ✓ no open position on NIFTY · ✓ concurrent positions 0/1 · ✓ trades 3/20 · ✗ confidence 70≥80 · ✓ valid price points · ✗ risk-reward 0.7 ≥ 1:2 · ✓ strike 24350.0 not OTM (ATM 24350.0) · ✗ regime 'trending-up' allows ['BUY_CE'] · ✗ timeframe confluence for PE (mixed-bull) · ✓ no fresh news-risk block · ✓ daily loss limit (risking ₹5250, day P&L ₹115) · ✓ fresh NIFTY data (2s old)
[2026-07-17 15:07:10] [risk] 🔔[LOW] NIFTY: Signal REJECTED (70% conf): ✗ confidence 70≥80; ✗ risk-reward 0.7 ≥ 1:2; ✗ regime 'trending-up' allows ['BUY_CE']; ✗ timeframe confluence for PE (mixed-bull)
[2026-07-17 15:09:07] [strategy] NIFTY: BUY_PE 24350.0 conf 70%
[2026-07-17 15:09:07] [strategy] 🔔[MEDIUM] NIFTY: BUY PE 24350.0 signal generated (confidence 70%)
[2026-07-17 15:09:10] [risk] REJECTED — ✓ autopilot not halted (consecutive losses) · ✓ market open · ✓ no open position on NIFTY · ✓ concurrent positions 0/1 · ✓ trades 3/20 · ✗ confidence 70≥80 · ✓ valid price points · ✗ risk-reward 0.7 ≥ 1:2 · ✓ strike 24350.0 not OTM (ATM 24350.0) · ✗ regime 'trending-up' allows ['BUY_CE'] · ✗ timeframe confluence for PE (mixed-bull) · ✓ no fresh news-risk block · ✓ daily loss limit (risking ₹5250, day P&L ₹115) · ✓ fresh NIFTY data (2s old)
[2026-07-17 15:09:10] [risk] 🔔[LOW] NIFTY: Signal REJECTED (70% conf): ✗ confidence 70≥80; ✗ risk-reward 0.7 ≥ 1:2; ✗ regime 'trending-up' allows ['BUY_CE']; ✗ timeframe confluence for PE (mixed-bull)
[2026-07-17 15:11:07] [strategy] NIFTY: BUY_PE 24350.0 conf 70%
[2026-07-17 15:11:07] [strategy] 🔔[MEDIUM] NIFTY: BUY PE 24350.0 signal generated (confidence 70%)
[2026-07-17 15:11:10] [risk] REJECTED — ✓ autopilot not halted (consecutive losses) · ✓ market open · ✓ no open position on NIFTY · ✓ concurrent positions 0/1 · ✓ trades 3/20 · ✗ confidence 70≥80 · ✓ valid price points · ✗ risk-reward 0.7 ≥ 1:2 · ✓ strike 24350.0 not OTM (ATM 24350.0) · ✗ regime 'trending-up' allows ['BUY_CE'] · ✗ timeframe confluence for PE (mixed-bull) · ✓ no fresh news-risk block · ✓ daily loss limit (risking ₹5250, day P&L ₹115) · ✓ fresh NIFTY data (3s old)
[2026-07-17 15:11:10] [risk] 🔔[LOW] NIFTY: Signal REJECTED (70% conf): ✗ confidence 70≥80; ✗ risk-reward 0.7 ≥ 1:2; ✗ regime 'trending-up' allows ['BUY_CE']; ✗ timeframe confluence for PE (mixed-bull)
[2026-07-17 15:13:15] [strategy] NIFTY: BUY_PE 24350.0 conf 80%
[2026-07-17 15:13:15] [strategy] 🔔[MEDIUM] NIFTY: BUY PE 24350.0 signal generated (confidence 80%)
[2026-07-17 15:13:20] [risk] REJECTED — ✓ autopilot not halted (consecutive losses) · ✓ market open · ✓ no open position on NIFTY · ✓ concurrent positions 0/1 · ✓ trades 3/20 · ✓ confidence 80≥80 · ✓ valid price points · ✗ risk-reward 0.2 ≥ 1:2 · ✓ strike 24350.0 not OTM (ATM 24350.0) · ✗ regime 'trending-up' allows ['BUY_CE'] · ✗ timeframe confluence for PE (mixed-bull) · ✓ no fresh news-risk block · ✓ daily loss limit (risking ₹3435, day P&L ₹115) · ✓ fresh NIFTY data (1s old)
[2026-07-17 15:13:20] [risk] 🔔[LOW] NIFTY: Signal REJECTED (80% conf): ✗ risk-reward 0.2 ≥ 1:2; ✗ regime 'trending-up' allows ['BUY_CE']; ✗ timeframe confluence for PE (mixed-bull)
[2026-07-17 15:16:11] [strategy] NIFTY: BUY_PE 24350.0 conf 70%
[2026-07-17 15:16:11] [strategy] 🔔[MEDIUM] NIFTY: BUY PE 24350.0 signal generated (confidence 70%)
[2026-07-17 15:16:15] [risk] REJECTED — ✓ autopilot not halted (consecutive losses) · ✓ market open · ✓ no open position on NIFTY · ✓ concurrent positions 0/1 · ✓ trades 3/20 · ✗ confidence 70≥80 · ✓ valid price points · ✗ risk-reward 0.9 ≥ 1:2 · ✓ strike 24350.0 not OTM (ATM 24300.0) · ✗ regime 'trending-up' allows ['BUY_CE'] · ✗ timeframe confluence for PE (mixed-bull) · ✓ no fresh news-risk block · ✓ daily loss limit (risking ₹5051, day P&L ₹115) · ✓ fresh NIFTY data (0s old)
[2026-07-17 15:16:15] [risk] 🔔[LOW] NIFTY: Signal REJECTED (70% conf): ✗ confidence 70≥80; ✗ risk-reward 0.9 ≥ 1:2; ✗ regime 'trending-up' allows ['BUY_CE']; ✗ timeframe confluence for PE (mixed-bull)
[2026-07-17 15:18:11] [strategy] NIFTY: BUY_PE 24350.0 conf 70%
[2026-07-17 15:18:11] [strategy] 🔔[MEDIUM] NIFTY: BUY PE 24350.0 signal generated (confidence 70%)
[2026-07-17 15:18:15] [risk] REJECTED — ✓ autopilot not halted (consecutive losses) · ✓ market open · ✓ no open position on NIFTY · ✓ concurrent positions 0/1 · ✓ trades 3/20 · ✗ confidence 70≥80 · ✓ valid price points · ✗ risk-reward 0.9 ≥ 1:2 · ✓ strike 24350.0 not OTM (ATM 24350.0) · ✗ regime 'trending-up' allows ['BUY_CE'] · ✗ timeframe confluence for PE (mixed-bull) · ✓ no fresh news-risk block · ✓ daily loss limit (risking ₹5051, day P&L ₹115) · ✓ fresh NIFTY data (1s old)
[2026-07-17 15:18:15] [risk] 🔔[LOW] NIFTY: Signal REJECTED (70% conf): ✗ confidence 70≥80; ✗ risk-reward 0.9 ≥ 1:2; ✗ regime 'trending-up' allows ['BUY_CE']; ✗ timeframe confluence for PE (mixed-bull)
[2026-07-17 15:20:11] [strategy] NIFTY: BUY_PE 24350.0 conf 70%
[2026-07-17 15:20:11] [strategy] 🔔[MEDIUM] NIFTY: BUY PE 24350.0 signal generated (confidence 70%)
[2026-07-17 15:20:16] [risk] REJECTED — ✓ autopilot not halted (consecutive losses) · ✓ market open · ✓ no open position on NIFTY · ✓ concurrent positions 0/1 · ✓ trades 3/20 · ✗ confidence 70≥80 · ✓ valid price points · ✗ risk-reward 0.9 ≥ 1:2 · ✓ strike 24350.0 not OTM (ATM 24350.0) · ✗ regime 'trending-up' allows ['BUY_CE'] · ✗ timeframe confluence for PE (mixed-bull) · ✓ no fresh news-risk block · ✓ daily loss limit (risking ₹5051, day P&L ₹115) · ✓ fresh NIFTY data (2s old)
[2026-07-17 15:20:16] [risk] 🔔[LOW] NIFTY: Signal REJECTED (70% conf): ✗ confidence 70≥80; ✗ risk-reward 0.9 ≥ 1:2; ✗ regime 'trending-up' allows ['BUY_CE']; ✗ timeframe confluence for PE (mixed-bull)
[2026-07-17 15:22:11] [strategy] NIFTY: BUY_PE 24350.0 conf 80%
[2026-07-17 15:22:11] [strategy] 🔔[MEDIUM] NIFTY: BUY PE 24350.0 signal generated (confidence 80%)
[2026-07-17 15:22:16] [risk] REJECTED — ✓ autopilot not halted (consecutive losses) · ✓ market open · ✓ no open position on NIFTY · ✓ concurrent positions 0/1 · ✓ trades 3/20 · ✓ confidence 80≥80 · ✓ valid price points · ✗ risk-reward 0.3 ≥ 1:2 · ✓ strike 24350.0 not OTM (ATM 24350.0) · ✗ regime 'trending-up' allows ['BUY_CE'] · ✗ timeframe confluence for PE (mixed-bull) · ✓ no fresh news-risk block · ✓ daily loss limit (risking ₹4972, day P&L ₹115) · ✓ fresh NIFTY data (6s old)
[2026-07-17 15:22:16] [risk] 🔔[LOW] NIFTY: Signal REJECTED (80% conf): ✗ risk-reward 0.3 ≥ 1:2; ✗ regime 'trending-up' allows ['BUY_CE']; ✗ timeframe confluence for PE (mixed-bull)
[2026-07-17 15:24:18] [strategy] NIFTY: BUY_PE 24350.0 conf 90%
[2026-07-17 15:24:18] [strategy] 🔔[MEDIUM] NIFTY: BUY PE 24350.0 signal generated (confidence 90%)
[2026-07-17 15:24:21] [risk] REJECTED — ✓ autopilot not halted (consecutive losses) · ✓ market open · ✓ no open position on NIFTY · ✓ concurrent positions 0/1 · ✓ trades 3/20 · ✓ confidence 90≥80 · ✓ valid price points · ✗ risk-reward 0.9 ≥ 1:2 · ✓ strike 24350.0 not OTM (ATM 24350.0) · ✗ regime 'trending-up' allows ['BUY_CE'] · ✗ timeframe confluence for PE (mixed-bull) · ✓ no fresh news-risk block · ✓ daily loss limit (risking ₹4759, day P&L ₹115) · ✓ fresh NIFTY data (2s old)
[2026-07-17 15:24:21] [risk] 🔔[LOW] NIFTY: Signal REJECTED (90% conf): ✗ risk-reward 0.9 ≥ 1:2; ✗ regime 'trending-up' allows ['BUY_CE']; ✗ timeframe confluence for PE (mixed-bull)
[2026-07-17 15:24:39] [execution] 📄 SPREAD CLOSED bull_put_spread SENSEX — manual exit from Strategies tab · gross ₹18 - fees ₹160 = net ₹-142
[2026-07-17 15:24:39] [execution] 🔔[HIGH] SENSEX: Spread closed — manual exit from Strategies tab — net ₹-142
[2026-07-17 15:24:42] [execution] 📄 PAPER SPREAD bull_put_spread NIFTY: SELL 24200 PE @ ₹82.15 · BUY 24100 PE @ ₹54.7 · credit ₹27.45 x 75
[2026-07-17 15:24:42] [execution] 🔔[MEDIUM] NIFTY: Spread opened: bull_put_spread credit ₹27.45
[2026-07-17 15:27:13] [strategy] NIFTY: BUY_PE 24350.0 conf 90%
[2026-07-17 15:27:13] [strategy] 🔔[MEDIUM] NIFTY: BUY PE 24350.0 signal generated (confidence 90%)
[2026-07-17 15:27:16] [risk] REJECTED — ✓ autopilot not halted (consecutive losses) · ✓ market open · ✓ no open position on NIFTY · ✓ concurrent positions 0/1 · ✓ trades 3/20 · ✓ confidence 90≥80 · ✓ valid price points · ✗ risk-reward 0.9 ≥ 1:2 · ✓ strike 24350.0 not OTM (ATM 24350.0) · ✗ regime 'trending-up' allows ['BUY_CE'] · ✗ timeframe confluence for PE (mixed-bull) · ✓ no fresh news-risk block · ✓ daily loss limit (risking ₹4759, day P&L ₹-27) · ✓ fresh NIFTY data (1s old)
[2026-07-17 15:27:16] [risk] 🔔[LOW] NIFTY: Signal REJECTED (90% conf): ✗ risk-reward 0.9 ≥ 1:2; ✗ regime 'trending-up' allows ['BUY_CE']; ✗ timeframe confluence for PE (mixed-bull)
[2026-07-17 15:29:21] [strategy] NIFTY: BUY_PE 24350.0 conf 70%
[2026-07-17 15:29:21] [strategy] 🔔[MEDIUM] NIFTY: BUY PE 24350.0 signal generated (confidence 70%)
[2026-07-17 15:29:21] [risk] REJECTED — ✓ autopilot not halted (consecutive losses) · ✓ market open · ✓ no open position on NIFTY · ✓ concurrent positions 0/1 · ✓ trades 3/20 · ✗ confidence 70≥80 · ✓ valid price points · ✓ risk-reward 2.1 ≥ 1:2 · ✓ strike 24350.0 not OTM (ATM 24350.0) · ✗ regime 'trending-up' allows ['BUY_CE'] · ✗ timeframe confluence for PE (mixed-bull) · ✓ no fresh news-risk block · ✓ daily loss limit (risking ₹1804, day P&L ₹-27) · ✓ fresh NIFTY data (1s old)
[2026-07-17 15:29:21] [risk] 🔔[LOW] NIFTY: Signal REJECTED (70% conf): ✗ confidence 70≥80; ✗ regime 'trending-up' allows ['BUY_CE']; ✗ timeframe confluence for PE (mixed-bull)
[2026-07-17 15:31:00] [execution] 📄 SPREAD CLOSED bull_put_spread NIFTY — market closing — squaring off spread · gross ₹251 - fees ₹160 = net ₹91
[2026-07-17 15:31:00] [execution] 🔔[HIGH] NIFTY: Spread closed — market closing — squaring off spread — net ₹91
[2026-07-17 15:36:40] [learning] journal: 15 trades, P&L ₹-4922
[2026-07-17 16:19:10] [market_data] ⚠ 500 Server Error: Internal Server Error for url: https://api.dhan.co/v2/optionchain
[2026-07-17 16:19:14] [market_data] ⚠ 500 Server Error: Internal Server Error for url: https://api.dhan.co/v2/optionchain
[2026-07-17 16:19:17] [market_data] ⚠ 500 Server Error: Internal Server Error for url: https://api.dhan.co/v2/optionchain
[2026-07-17 16:19:20] [market_data] ⚠ 500 Server Error: Internal Server Error for url: https://api.dhan.co/v2/optionchain
[2026-07-17 16:20:45] [market_data] ⚠ 500 Server Error: Internal Server Error for url: https://api.dhan.co/v2/optionchain
[2026-07-17 16:21:04] [market_data] ⚠ 500 Server Error: Internal Server Error for url: https://api.dhan.co/v2/optionchain
[2026-07-17 16:31:57] [orchestrator] restored 15 historical trades (8 today, ₹-2171 realized today)
[2026-07-17 16:32:12] [orchestrator] all 10 agents started on NIFTY+BANKNIFTY+FINNIFTY+SENSEX (PAPER)
[2026-07-17 16:32:23] [learning] journal: 15 trades, P&L ₹-4922
[2026-07-17 18:45:19] [market_data] ⚠ ('Connection aborted.', ConnectionResetError(54, 'Connection reset by peer'))
[2026-07-17 21:17:10] [market_data] ⚠ ("Connection broken: ConnectionResetError(54, 'Connection reset by peer')", ConnectionResetError(54, 'Connection reset by peer'))
[2026-07-18 02:47:55] [market_data] ⚠ HTTPSConnectionPool(host='api.dhan.co', port=443): Max retries exceeded with url: /v2/optionchain/expirylist (Caused by NameResolutionError("HTTPSConnection(host='api.dhan.co', port=443): Failed to resolve 'api.dhan.co' ([Errno 8] nodename nor servname provided, or not known)"))
[2026-07-18 03:04:56] [market_data] ⚠ HTTPSConnectionPool(host='api.dhan.co', port=443): Max retries exceeded with url: /v2/optionchain/expirylist (Caused by NameResolutionError("HTTPSConnection(host='api.dhan.co', port=443): Failed to resolve 'api.dhan.co' ([Errno 8] nodename nor servname provided, or not known)"))
[2026-07-18 03:22:01] [market_data] ⚠ HTTPSConnectionPool(host='api.dhan.co', port=443): Max retries exceeded with url: /v2/optionchain/expirylist (Caused by NameResolutionError("HTTPSConnection(host='api.dhan.co', port=443): Failed to resolve 'api.dhan.co' ([Errno 8] nodename nor servname provided, or not known)"))
[2026-07-18 03:26:05] [market_data] ⚠ HTTPSConnectionPool(host='api.dhan.co', port=443): Max retries exceeded with url: /v2/optionchain/expirylist (Caused by NameResolutionError("HTTPSConnection(host='api.dhan.co', port=443): Failed to resolve 'api.dhan.co' ([Errno 8] nodename nor servname provided, or not known)"))
[2026-07-18 03:54:12] [market_data] ⚠ HTTPSConnectionPool(host='api.dhan.co', port=443): Max retries exceeded with url: /v2/optionchain (Caused by NameResolutionError("HTTPSConnection(host='api.dhan.co', port=443): Failed to resolve 'api.dhan.co' ([Errno 8] nodename nor servname provided, or not known)"))
[2026-07-18 03:54:15] [market_data] ⚠ HTTPSConnectionPool(host='api.dhan.co', port=443): Max retries exceeded with url: /v2/optionchain (Caused by NameResolutionError("HTTPSConnection(host='api.dhan.co', port=443): Failed to resolve 'api.dhan.co' ([Errno 8] nodename nor servname provided, or not known)"))
[2026-07-18 03:54:18] [market_data] ⚠ HTTPSConnectionPool(host='api.dhan.co', port=443): Max retries exceeded with url: /v2/optionchain (Caused by NameResolutionError("HTTPSConnection(host='api.dhan.co', port=443): Failed to resolve 'api.dhan.co' ([Errno 8] nodename nor servname provided, or not known)"))
[2026-07-18 03:54:21] [market_data] ⚠ HTTPSConnectionPool(host='api.dhan.co', port=443): Max retries exceeded with url: /v2/optionchain (Caused by NameResolutionError("HTTPSConnection(host='api.dhan.co', port=443): Failed to resolve 'api.dhan.co' ([Errno 8] nodename nor servname provided, or not known)"))
[2026-07-18 03:54:24] [market_data] ⚠ HTTPSConnectionPool(host='api.dhan.co', port=443): Max retries exceeded with url: /v2/optionchain (Caused by NameResolutionError("HTTPSConnection(host='api.dhan.co', port=443): Failed to resolve 'api.dhan.co' ([Errno 8] nodename nor servname provided, or not known)"))
[2026-07-18 03:54:28] [market_data] ⚠ HTTPSConnectionPool(host='api.dhan.co', port=443): Max retries exceeded with url: /v2/optionchain (Caused by NameResolutionError("HTTPSConnection(host='api.dhan.co', port=443): Failed to resolve 'api.dhan.co' ([Errno 8] nodename nor servname provided, or not known)"))
[2026-07-18 03:54:31] [market_data] ⚠ HTTPSConnectionPool(host='api.dhan.co', port=443): Max retries exceeded with url: /v2/optionchain (Caused by NameResolutionError("HTTPSConnection(host='api.dhan.co', port=443): Failed to resolve 'api.dhan.co' ([Errno 8] nodename nor servname provided, or not known)"))
[2026-07-18 03:54:34] [market_data] ⚠ HTTPSConnectionPool(host='api.dhan.co', port=443): Max retries exceeded with url: /v2/optionchain (Caused by NameResolutionError("HTTPSConnection(host='api.dhan.co', port=443): Failed to resolve 'api.dhan.co' ([Errno 8] nodename nor servname provided, or not known)"))
[2026-07-18 03:54:37] [market_data] ⚠ HTTPSConnectionPool(host='api.dhan.co', port=443): Max retries exceeded with url: /v2/optionchain (Caused by NameResolutionError("HTTPSConnection(host='api.dhan.co', port=443): Failed to resolve 'api.dhan.co' ([Errno 8] nodename nor servname provided, or not known)"))
[2026-07-18 03:54:40] [market_data] ⚠ HTTPSConnectionPool(host='api.dhan.co', port=443): Max retries exceeded with url: /v2/optionchain (Caused by NameResolutionError("HTTPSConnection(host='api.dhan.co', port=443): Failed to resolve 'api.dhan.co' ([Errno 8] nodename nor servname provided, or not known)"))
[2026-07-18 03:54:47] [market_data] ⚠ HTTPSConnectionPool(host='api.dhan.co', port=443): Max retries exceeded with url: /v2/optionchain (Caused by NameResolutionError("HTTPSConnection(host='api.dhan.co', port=443): Failed to resolve 'api.dhan.co' ([Errno 8] nodename nor servname provided, or not known)"))
[2026-07-18 03:54:50] [market_data] ⚠ HTTPSConnectionPool(host='api.dhan.co', port=443): Max retries exceeded with url: /v2/optionchain (Caused by NameResolutionError("HTTPSConnection(host='api.dhan.co', port=443): Failed to resolve 'api.dhan.co' ([Errno 8] nodename nor servname provided, or not known)"))
[2026-07-18 03:54:53] [market_data] ⚠ HTTPSConnectionPool(host='api.dhan.co', port=443): Max retries exceeded with url: /v2/optionchain (Caused by NameResolutionError("HTTPSConnection(host='api.dhan.co', port=443): Failed to resolve 'api.dhan.co' ([Errno 8] nodename nor servname provided, or not known)"))
[2026-07-18 03:54:56] [market_data] ⚠ HTTPSConnectionPool(host='api.dhan.co', port=443): Max retries exceeded with url: /v2/optionchain (Caused by NameResolutionError("HTTPSConnection(host='api.dhan.co', port=443): Failed to resolve 'api.dhan.co' ([Errno 8] nodename nor servname provided, or not known)"))
[2026-07-18 03:55:51] [market_data] ⚠ HTTPSConnectionPool(host='api.dhan.co', port=443): Max retries exceeded with url: /v2/optionchain (Caused by NameResolutionError("HTTPSConnection(host='api.dhan.co', port=443): Failed to resolve 'api.dhan.co' ([Errno 8] nodename nor servname provided, or not known)"))
[2026-07-18 08:30:03] [market_data] ⚠ 502 Server Error: Bad Gateway for url: https://api.dhan.co/v2/optionchain
[2026-07-18 09:43:44] [market_data] ⚠ ("Connection broken: ConnectionResetError(54, 'Connection reset by peer')", ConnectionResetError(54, 'Connection reset by peer'))
[2026-07-18 09:43:48] [market_data] ⚠ Dhan says 401 Unauthorized — your access token has expired; generate a new one at web.dhan.co and update DHAN_ACCESS_TOKEN.
[2026-07-18 09:43:52] [market_data] ⚠ Dhan says 401 Unauthorized — your access token has expired; generate a new one at web.dhan.co and update DHAN_ACCESS_TOKEN.
[2026-07-18 09:43:54] [volatility] 🔔[HIGH] SENSEX: IV jumped 22% in ~15m (now 41.0%) alongside a spot move of +252.0 — possible news/event-driven volatility spike. Widen stops / reduce size.
[2026-07-18 09:43:55] [market_data] ⚠ Dhan says 401 Unauthorized — your access token has expired; generate a new one at web.dhan.co and update DHAN_ACCESS_TOKEN.
[2026-07-18 09:43:59] [market_data] ⚠ Dhan says 401 Unauthorized — your access token has expired; generate a new one at web.dhan.co and update DHAN_ACCESS_TOKEN.
[2026-07-18 09:44:02] [market_data] ⚠ Dhan says 401 Unauthorized — your access token has expired; generate a new one at web.dhan.co and update DHAN_ACCESS_TOKEN.
[2026-07-18 09:44:05] [market_data] ⚠ Dhan says 401 Unauthorized — your access token has expired; generate a new one at web.dhan.co and update DHAN_ACCESS_TOKEN.
[2026-07-18 09:44:08] [market_data] ⚠ Dhan says 401 Unauthorized — your access token has expired; generate a new one at web.dhan.co and update DHAN_ACCESS_TOKEN.
[2026-07-18 09:44:11] [market_data] ⚠ Dhan says 401 Unauthorized — your access token has expired; generate a new one at web.dhan.co and update DHAN_ACCESS_TOKEN.
[2026-07-18 09:44:15] [market_data] ⚠ Dhan says 401 Unauthorized — your access token has expired; generate a new one at web.dhan.co and update DHAN_ACCESS_TOKEN.
[2026-07-18 09:44:21] [market_data] ⚠ Dhan says 401 Unauthorized — your access token has expired; generate a new one at web.dhan.co and update DHAN_ACCESS_TOKEN.
[2026-07-18 09:44:24] [market_data] ⚠ Dhan says 401 Unauthorized — your access token has expired; generate a new one at web.dhan.co and update DHAN_ACCESS_TOKEN.
[2026-07-18 09:44:27] [market_data] ⚠ Dhan says 401 Unauthorized — your access token has expired; generate a new one at web.dhan.co and update DHAN_ACCESS_TOKEN.
[2026-07-18 09:44:31] [market_data] ⚠ Dhan says 401 Unauthorized — your access token has expired; generate a new one at web.dhan.co and update DHAN_ACCESS_TOKEN.
[2026-07-18 09:44:34] [market_data] ⚠ Dhan says 401 Unauthorized — your access token has expired; generate a new one at web.dhan.co and update DHAN_ACCESS_TOKEN.
[2026-07-18 09:44:37] [market_data] ⚠ Dhan says 401 Unauthorized — your access token has expired; generate a new one at web.dhan.co and update DHAN_ACCESS_TOKEN.
[2026-07-18 09:47:16] [market_data] ⚠ Dhan says 401 Unauthorized — your access token has expired; generate a new one at web.dhan.co and update DHAN_ACCESS_TOKEN.
[2026-07-18 09:47:19] [market_data] ⚠ Dhan says 401 Unauthorized — your access token has expired; generate a new one at web.dhan.co and update DHAN_ACCESS_TOKEN.
[2026-07-18 09:47:22] [market_data] ⚠ Dhan says 401 Unauthorized — your access token has expired; generate a new one at web.dhan.co and update DHAN_ACCESS_TOKEN.
[2026-07-18 09:47:26] [market_data] ⚠ Dhan says 401 Unauthorized — your access token has expired; generate a new one at web.dhan.co and update DHAN_ACCESS_TOKEN.
[2026-07-18 09:47:29] [market_data] ⚠ Dhan says 401 Unauthorized — your access token has expired; generate a new one at web.dhan.co and update DHAN_ACCESS_TOKEN.
[2026-07-18 09:47:32] [market_data] ⚠ Dhan says 401 Unauthorized — your access token has expired; generate a new one at web.dhan.co and update DHAN_ACCESS_TOKEN.
[2026-07-18 09:47:35] [market_data] ⚠ Dhan says 401 Unauthorized — your access token has expired; generate a new one at web.dhan.co and update DHAN_ACCESS_TOKEN.
[2026-07-18 09:47:39] [market_data] ⚠ Dhan says 401 Unauthorized — your access token has expired; generate a new one at web.dhan.co and update DHAN_ACCESS_TOKEN.
[2026-07-18 09:47:42] [market_data] ⚠ Dhan says 401 Unauthorized — your access token has expired; generate a new one at web.dhan.co and update DHAN_ACCESS_TOKEN.
[2026-07-18 09:47:45] [market_data] ⚠ Dhan says 401 Unauthorized — your access token has expired; generate a new one at web.dhan.co and update DHAN_ACCESS_TOKEN.
[2026-07-18 09:47:48] [market_data] ⚠ Dhan says 401 Unauthorized — your access token has expired; generate a new one at web.dhan.co and update DHAN_ACCESS_TOKEN.
[2026-07-18 09:47:51] [market_data] ⚠ Dhan says 401 Unauthorized — your access token has expired; generate a new one at web.dhan.co and update DHAN_ACCESS_TOKEN.
[2026-07-18 09:56:22] [market_data] ⚠ Dhan says 401 Unauthorized — your access token has expired; generate a new one at web.dhan.co and update DHAN_ACCESS_TOKEN.
[2026-07-18 09:56:26] [market_data] ⚠ Dhan says 401 Unauthorized — your access token has expired; generate a new one at web.dhan.co and update DHAN_ACCESS_TOKEN.
[2026-07-18 09:56:29] [market_data] ⚠ Dhan says 401 Unauthorized — your access token has expired; generate a new one at web.dhan.co and update DHAN_ACCESS_TOKEN.
[2026-07-18 09:56:32] [market_data] ⚠ Dhan says 401 Unauthorized — your access token has expired; generate a new one at web.dhan.co and update DHAN_ACCESS_TOKEN.
[2026-07-18 09:56:35] [market_data] ⚠ Dhan says 401 Unauthorized — your access token has expired; generate a new one at web.dhan.co and update DHAN_ACCESS_TOKEN.
[2026-07-18 09:56:38] [market_data] ⚠ Dhan says 401 Unauthorized — your access token has expired; generate a new one at web.dhan.co and update DHAN_ACCESS_TOKEN.
[2026-07-18 09:56:42] [market_data] ⚠ Dhan says 401 Unauthorized — your access token has expired; generate a new one at web.dhan.co and update DHAN_ACCESS_TOKEN.
[2026-07-18 09:56:45] [market_data] ⚠ Dhan says 401 Unauthorized — your access token has expired; generate a new one at web.dhan.co and update DHAN_ACCESS_TOKEN.
[2026-07-18 09:56:49] [market_data] ⚠ Dhan says 401 Unauthorized — your access token has expired; generate a new one at web.dhan.co and update DHAN_ACCESS_TOKEN.
[2026-07-18 09:56:52] [market_data] ⚠ Dhan says 401 Unauthorized — your access token has expired; generate a new one at web.dhan.co and update DHAN_ACCESS_TOKEN.
[2026-07-18 09:56:55] [market_data] ⚠ Dhan says 401 Unauthorized — your access token has expired; generate a new one at web.dhan.co and update DHAN_ACCESS_TOKEN.
[2026-07-18 09:56:58] [market_data] ⚠ Dhan says 401 Unauthorized — your access token has expired; generate a new one at web.dhan.co and update DHAN_ACCESS_TOKEN.
[2026-07-18 09:57:01] [market_data] ⚠ Dhan says 401 Unauthorized — your access token has expired; generate a new one at web.dhan.co and update DHAN_ACCESS_TOKEN.
[2026-07-18 09:57:05] [market_data] ⚠ Dhan says 401 Unauthorized — your access token has expired; generate a new one at web.dhan.co and update DHAN_ACCESS_TOKEN.
[2026-07-18 09:57:08] [market_data] ⚠ Dhan says 401 Unauthorized — your access token has expired; generate a new one at web.dhan.co and update DHAN_ACCESS_TOKEN.
[2026-07-18 09:58:16] [market_data] ⚠ Dhan says 401 Unauthorized — your access token has expired; generate a new one at web.dhan.co and update DHAN_ACCESS_TOKEN.
[2026-07-18 09:58:23] [market_data] ⚠ Dhan says 401 Unauthorized — your access token has expired; generate a new one at web.dhan.co and update DHAN_ACCESS_TOKEN.
[2026-07-18 09:58:26] [market_data] ⚠ Dhan says 401 Unauthorized — your access token has expired; generate a new one at web.dhan.co and update DHAN_ACCESS_TOKEN.
[2026-07-18 09:58:29] [market_data] ⚠ Dhan says 401 Unauthorized — your access token has expired; generate a new one at web.dhan.co and update DHAN_ACCESS_TOKEN.
[2026-07-18 09:58:32] [market_data] ⚠ Dhan says 401 Unauthorized — your access token has expired; generate a new one at web.dhan.co and update DHAN_ACCESS_TOKEN.
[2026-07-18 09:58:36] [market_data] ⚠ Dhan says 401 Unauthorized — your access token has expired; generate a new one at web.dhan.co and update DHAN_ACCESS_TOKEN.
[2026-07-18 09:58:39] [market_data] ⚠ Dhan says 401 Unauthorized — your access token has expired; generate a new one at web.dhan.co and update DHAN_ACCESS_TOKEN.
[2026-07-18 09:58:42] [market_data] ⚠ Dhan says 401 Unauthorized — your access token has expired; generate a new one at web.dhan.co and update DHAN_ACCESS_TOKEN.
[2026-07-18 09:58:45] [market_data] ⚠ Dhan says 401 Unauthorized — your access token has expired; generate a new one at web.dhan.co and update DHAN_ACCESS_TOKEN.
[2026-07-18 09:58:49] [market_data] ⚠ Dhan says 401 Unauthorized — your access token has expired; generate a new one at web.dhan.co and update DHAN_ACCESS_TOKEN.
[2026-07-18 09:58:52] [market_data] ⚠ Dhan says 401 Unauthorized — your access token has expired; generate a new one at web.dhan.co and update DHAN_ACCESS_TOKEN.
[2026-07-18 09:58:55] [market_data] ⚠ Dhan says 401 Unauthorized — your access token has expired; generate a new one at web.dhan.co and update DHAN_ACCESS_TOKEN.
[2026-07-18 09:58:58] [market_data] ⚠ Dhan says 401 Unauthorized — your access token has expired; generate a new one at web.dhan.co and update DHAN_ACCESS_TOKEN.
[2026-07-18 09:59:04] [market_data] ⚠ Dhan says 401 Unauthorized — your access token has expired; generate a new one at web.dhan.co and update DHAN_ACCESS_TOKEN.
[2026-07-18 09:59:07] [market_data] ⚠ Dhan says 401 Unauthorized — your access token has expired; generate a new one at web.dhan.co and update DHAN_ACCESS_TOKEN.
[2026-07-18 09:59:11] [market_data] ⚠ Dhan says 401 Unauthorized — your access token has expired; generate a new one at web.dhan.co and update DHAN_ACCESS_TOKEN.
[2026-07-18 09:59:14] [market_data] ⚠ Dhan says 401 Unauthorized — your access token has expired; generate a new one at web.dhan.co and update DHAN_ACCESS_TOKEN.
[2026-07-18 09:59:17] [market_data] ⚠ Dhan says 401 Unauthorized — your access token has expired; generate a new one at web.dhan.co and update DHAN_ACCESS_TOKEN.
[2026-07-18 09:59:20] [market_data] ⚠ Dhan says 401 Unauthorized — your access token has expired; generate a new one at web.dhan.co and update DHAN_ACCESS_TOKEN.
[2026-07-18 09:59:27] [market_data] ⚠ Dhan says 401 Unauthorized — your access token has expired; generate a new one at web.dhan.co and update DHAN_ACCESS_TOKEN.
[2026-07-18 09:59:30] [market_data] ⚠ Dhan says 401 Unauthorized — your access token has expired; generate a new one at web.dhan.co and update DHAN_ACCESS_TOKEN.
[2026-07-18 09:59:33] [market_data] ⚠ Dhan says 401 Unauthorized — your access token has expired; generate a new one at web.dhan.co and update DHAN_ACCESS_TOKEN.
[2026-07-18 09:59:36] [market_data] ⚠ Dhan says 401 Unauthorized — your access token has expired; generate a new one at web.dhan.co and update DHAN_ACCESS_TOKEN.
[2026-07-18 09:59:40] [market_data] ⚠ Dhan says 401 Unauthorized — your access token has expired; generate a new one at web.dhan.co and update DHAN_ACCESS_TOKEN.
[2026-07-18 09:59:43] [market_data] ⚠ Dhan says 401 Unauthorized — your access token has expired; generate a new one at web.dhan.co and update DHAN_ACCESS_TOKEN.
[2026-07-18 09:59:46] [market_data] ⚠ Dhan says 401 Unauthorized — your access token has expired; generate a new one at web.dhan.co and update DHAN_ACCESS_TOKEN.
[2026-07-18 09:59:49] [market_data] ⚠ Dhan says 401 Unauthorized — your access token has expired; generate a new one at web.dhan.co and update DHAN_ACCESS_TOKEN.
[2026-07-18 10:04:21] [market_data] ⚠ Dhan says 401 Unauthorized — your access token has expired; generate a new one at web.dhan.co and update DHAN_ACCESS_TOKEN.
[2026-07-18 10:04:24] [market_data] ⚠ Dhan says 401 Unauthorized — your access token has expired; generate a new one at web.dhan.co and update DHAN_ACCESS_TOKEN.
[2026-07-18 10:04:27] [market_data] ⚠ Dhan says 401 Unauthorized — your access token has expired; generate a new one at web.dhan.co and update DHAN_ACCESS_TOKEN.
[2026-07-18 10:04:30] [market_data] ⚠ Dhan says 401 Unauthorized — your access token has expired; generate a new one at web.dhan.co and update DHAN_ACCESS_TOKEN.
[2026-07-18 10:04:34] [market_data] ⚠ Dhan says 401 Unauthorized — your access token has expired; generate a new one at web.dhan.co and update DHAN_ACCESS_TOKEN.
[2026-07-18 10:04:37] [market_data] ⚠ Dhan says 401 Unauthorized — your access token has expired; generate a new one at web.dhan.co and update DHAN_ACCESS_TOKEN.
[2026-07-18 10:04:40] [market_data] ⚠ Dhan says 401 Unauthorized — your access token has expired; generate a new one at web.dhan.co and update DHAN_ACCESS_TOKEN.
[2026-07-18 10:04:43] [market_data] ⚠ Dhan says 401 Unauthorized — your access token has expired; generate a new one at web.dhan.co and update DHAN_ACCESS_TOKEN.
[2026-07-18 10:04:46] [market_data] ⚠ Dhan says 401 Unauthorized — your access token has expired; generate a new one at web.dhan.co and update DHAN_ACCESS_TOKEN.
[2026-07-18 10:04:56] [market_data] ⚠ Dhan says 401 Unauthorized — your access token has expired; generate a new one at web.dhan.co and update DHAN_ACCESS_TOKEN.
[2026-07-18 10:04:59] [market_data] ⚠ Dhan says 401 Unauthorized — your access token has expired; generate a new one at web.dhan.co and update DHAN_ACCESS_TOKEN.
[2026-07-18 10:05:02] [market_data] ⚠ Dhan says 401 Unauthorized — your access token has expired; generate a new one at web.dhan.co and update DHAN_ACCESS_TOKEN.
[2026-07-18 10:29:38] [market_data] ⚠ HTTPSConnectionPool(host='api.dhan.co', port=443): Read timed out. (read timeout=15)
[2026-07-18 10:29:41] [market_data] ⚠ Dhan says 401 Unauthorized — your access token has expired; generate a new one at web.dhan.co and update DHAN_ACCESS_TOKEN.
[2026-07-18 10:29:44] [market_data] ⚠ Dhan says 401 Unauthorized — your access token has expired; generate a new one at web.dhan.co and update DHAN_ACCESS_TOKEN.
[2026-07-18 10:29:48] [market_data] ⚠ Dhan says 401 Unauthorized — your access token has expired; generate a new one at web.dhan.co and update DHAN_ACCESS_TOKEN.
[2026-07-18 10:29:51] [market_data] ⚠ Dhan says 401 Unauthorized — your access token has expired; generate a new one at web.dhan.co and update DHAN_ACCESS_TOKEN.
[2026-07-18 10:29:54] [market_data] ⚠ Dhan says 401 Unauthorized — your access token has expired; generate a new one at web.dhan.co and update DHAN_ACCESS_TOKEN.
[2026-07-18 10:29:57] [market_data] ⚠ Dhan says 401 Unauthorized — your access token has expired; generate a new one at web.dhan.co and update DHAN_ACCESS_TOKEN.
[2026-07-18 10:30:01] [market_data] ⚠ Dhan says 401 Unauthorized — your access token has expired; generate a new one at web.dhan.co and update DHAN_ACCESS_TOKEN.
[2026-07-18 10:30:04] [market_data] ⚠ Dhan says 401 Unauthorized — your access token has expired; generate a new one at web.dhan.co and update DHAN_ACCESS_TOKEN.
[2026-07-18 10:30:10] [market_data] ⚠ Dhan says 401 Unauthorized — your access token has expired; generate a new one at web.dhan.co and update DHAN_ACCESS_TOKEN.
[2026-07-18 10:30:13] [market_data] ⚠ Dhan says 401 Unauthorized — your access token has expired; generate a new one at web.dhan.co and update DHAN_ACCESS_TOKEN.
[2026-07-18 10:34:26] [market_data] ⚠ Dhan says 401 Unauthorized — your access token has expired; generate a new one at web.dhan.co and update DHAN_ACCESS_TOKEN.
[2026-07-18 10:34:29] [market_data] ⚠ Dhan says 401 Unauthorized — your access token has expired; generate a new one at web.dhan.co and update DHAN_ACCESS_TOKEN.
[2026-07-18 10:34:32] [market_data] ⚠ Dhan says 401 Unauthorized — your access token has expired; generate a new one at web.dhan.co and update DHAN_ACCESS_TOKEN.
[2026-07-18 10:34:36] [market_data] ⚠ Dhan says 401 Unauthorized — your access token has expired; generate a new one at web.dhan.co and update DHAN_ACCESS_TOKEN.
[2026-07-18 10:34:39] [market_data] ⚠ Dhan says 401 Unauthorized — your access token has expired; generate a new one at web.dhan.co and update DHAN_ACCESS_TOKEN.
[2026-07-18 10:34:42] [market_data] ⚠ Dhan says 401 Unauthorized — your access token has expired; generate a new one at web.dhan.co and update DHAN_ACCESS_TOKEN.
[2026-07-18 10:34:45] [market_data] ⚠ Dhan says 401 Unauthorized — your access token has expired; generate a new one at web.dhan.co and update DHAN_ACCESS_TOKEN.
[2026-07-18 10:34:49] [market_data] ⚠ Dhan says 401 Unauthorized — your access token has expired; generate a new one at web.dhan.co and update DHAN_ACCESS_TOKEN.
[2026-07-18 10:34:52] [market_data] ⚠ Dhan says 401 Unauthorized — your access token has expired; generate a new one at web.dhan.co and update DHAN_ACCESS_TOKEN.
[2026-07-18 10:34:55] [market_data] ⚠ Dhan says 401 Unauthorized — your access token has expired; generate a new one at web.dhan.co and update DHAN_ACCESS_TOKEN.
[2026-07-18 10:34:58] [market_data] ⚠ Dhan says 401 Unauthorized — your access token has expired; generate a new one at web.dhan.co and update DHAN_ACCESS_TOKEN.
[2026-07-18 10:35:02] [market_data] ⚠ Dhan says 401 Unauthorized — your access token has expired; generate a new one at web.dhan.co and update DHAN_ACCESS_TOKEN.
[2026-07-18 10:35:05] [market_data] ⚠ Dhan says 401 Unauthorized — your access token has expired; generate a new one at web.dhan.co and update DHAN_ACCESS_TOKEN.
[2026-07-18 10:35:08] [market_data] ⚠ Dhan says 401 Unauthorized — your access token has expired; generate a new one at web.dhan.co and update DHAN_ACCESS_TOKEN.
[2026-07-18 10:35:11] [market_data] ⚠ Dhan says 401 Unauthorized — your access token has expired; generate a new one at web.dhan.co and update DHAN_ACCESS_TOKEN.
[2026-07-18 10:44:53] [market_data] ⚠ Dhan says 401 Unauthorized — your access token has expired; generate a new one at web.dhan.co and update DHAN_ACCESS_TOKEN.
[2026-07-18 10:45:00] [market_data] ⚠ Dhan says 401 Unauthorized — your access token has expired; generate a new one at web.dhan.co and update DHAN_ACCESS_TOKEN.
[2026-07-18 10:45:03] [market_data] ⚠ Dhan says 401 Unauthorized — your access token has expired; generate a new one at web.dhan.co and update DHAN_ACCESS_TOKEN.
[2026-07-18 10:45:06] [market_data] ⚠ Dhan says 401 Unauthorized — your access token has expired; generate a new one at web.dhan.co and update DHAN_ACCESS_TOKEN.
[2026-07-18 10:45:09] [market_data] ⚠ Dhan says 401 Unauthorized — your access token has expired; generate a new one at web.dhan.co and update DHAN_ACCESS_TOKEN.
[2026-07-18 10:45:12] [market_data] ⚠ Dhan says 401 Unauthorized — your access token has expired; generate a new one at web.dhan.co and update DHAN_ACCESS_TOKEN.
[2026-07-18 10:45:16] [market_data] ⚠ Dhan says 401 Unauthorized — your access token has expired; generate a new one at web.dhan.co and update DHAN_ACCESS_TOKEN.
[2026-07-18 10:45:19] [market_data] ⚠ Dhan says 401 Unauthorized — your access token has expired; generate a new one at web.dhan.co and update DHAN_ACCESS_TOKEN.
[2026-07-18 10:45:22] [market_data] ⚠ Dhan says 401 Unauthorized — your access token has expired; generate a new one at web.dhan.co and update DHAN_ACCESS_TOKEN.
[2026-07-18 10:45:25] [market_data] ⚠ Dhan says 401 Unauthorized — your access token has expired; generate a new one at web.dhan.co and update DHAN_ACCESS_TOKEN.
[2026-07-18 10:45:28] [market_data] ⚠ Dhan says 401 Unauthorized — your access token has expired; generate a new one at web.dhan.co and update DHAN_ACCESS_TOKEN.
[2026-07-18 10:45:32] [market_data] ⚠ Dhan says 401 Unauthorized — your access token has expired; generate a new one at web.dhan.co and update DHAN_ACCESS_TOKEN.
[2026-07-18 10:45:35] [market_data] ⚠ Dhan says 401 Unauthorized — your access token has expired; generate a new one at web.dhan.co and update DHAN_ACCESS_TOKEN.
[2026-07-18 10:50:00] [market_data] ⚠ Dhan says 401 Unauthorized — your access token has expired; generate a new one at web.dhan.co and update DHAN_ACCESS_TOKEN.
[2026-07-18 10:50:03] [market_data] ⚠ Dhan says 401 Unauthorized — your access token has expired; generate a new one at web.dhan.co and update DHAN_ACCESS_TOKEN.
[2026-07-18 10:50:06] [market_data] ⚠ Dhan says 401 Unauthorized — your access token has expired; generate a new one at web.dhan.co and update DHAN_ACCESS_TOKEN.
[2026-07-18 10:50:09] [market_data] ⚠ Dhan says 401 Unauthorized — your access token has expired; generate a new one at web.dhan.co and update DHAN_ACCESS_TOKEN.
[2026-07-18 10:50:13] [market_data] ⚠ Dhan says 401 Unauthorized — your access token has expired; generate a new one at web.dhan.co and update DHAN_ACCESS_TOKEN.
[2026-07-18 10:50:22] [market_data] ⚠ Dhan says 401 Unauthorized — your access token has expired; generate a new one at web.dhan.co and update DHAN_ACCESS_TOKEN.
[2026-07-18 10:50:26] [market_data] ⚠ Dhan says 401 Unauthorized — your access token has expired; generate a new one at web.dhan.co and update DHAN_ACCESS_TOKEN.
[2026-07-18 10:50:29] [market_data] ⚠ Dhan says 401 Unauthorized — your access token has expired; generate a new one at web.dhan.co and update DHAN_ACCESS_TOKEN.
[2026-07-18 10:50:32] [market_data] ⚠ Dhan says 401 Unauthorized — your access token has expired; generate a new one at web.dhan.co and update DHAN_ACCESS_TOKEN.
[2026-07-18 10:50:35] [market_data] ⚠ Dhan says 401 Unauthorized — your access token has expired; generate a new one at web.dhan.co and update DHAN_ACCESS_TOKEN.
[2026-07-18 10:50:38] [market_data] ⚠ Dhan says 401 Unauthorized — your access token has expired; generate a new one at web.dhan.co and update DHAN_ACCESS_TOKEN.
[2026-07-18 10:50:42] [market_data] ⚠ Dhan says 401 Unauthorized — your access token has expired; generate a new one at web.dhan.co and update DHAN_ACCESS_TOKEN.
[2026-07-18 10:50:45] [market_data] ⚠ Dhan says 401 Unauthorized — your access token has expired; generate a new one at web.dhan.co and update DHAN_ACCESS_TOKEN.
[2026-07-18 10:54:43] [market_data] ⚠ Dhan says 401 Unauthorized — your access token has expired; generate a new one at web.dhan.co and update DHAN_ACCESS_TOKEN.
[2026-07-18 10:54:46] [market_data] ⚠ Dhan says 401 Unauthorized — your access token has expired; generate a new one at web.dhan.co and update DHAN_ACCESS_TOKEN.
[2026-07-18 10:54:49] [market_data] ⚠ Dhan says 401 Unauthorized — your access token has expired; generate a new one at web.dhan.co and update DHAN_ACCESS_TOKEN.
[2026-07-18 10:54:52] [market_data] ⚠ Dhan says 401 Unauthorized — your access token has expired; generate a new one at web.dhan.co and update DHAN_ACCESS_TOKEN.
[2026-07-18 10:54:56] [market_data] ⚠ Dhan says 401 Unauthorized — your access token has expired; generate a new one at web.dhan.co and update DHAN_ACCESS_TOKEN.
[2026-07-18 10:54:59] [market_data] ⚠ Dhan says 401 Unauthorized — your access token has expired; generate a new one at web.dhan.co and update DHAN_ACCESS_TOKEN.
[2026-07-18 10:55:02] [market_data] ⚠ Dhan says 401 Unauthorized — your access token has expired; generate a new one at web.dhan.co and update DHAN_ACCESS_TOKEN.
[2026-07-18 10:55:05] [market_data] ⚠ Dhan says 401 Unauthorized — your access token has expired; generate a new one at web.dhan.co and update DHAN_ACCESS_TOKEN.
[2026-07-18 10:55:08] [market_data] ⚠ Dhan says 401 Unauthorized — your access token has expired; generate a new one at web.dhan.co and update DHAN_ACCESS_TOKEN.
[2026-07-18 10:55:15] [market_data] ⚠ Dhan says 401 Unauthorized — your access token has expired; generate a new one at web.dhan.co and update DHAN_ACCESS_TOKEN.
[2026-07-18 10:55:18] [market_data] ⚠ Dhan says 401 Unauthorized — your access token has expired; generate a new one at web.dhan.co and update DHAN_ACCESS_TOKEN.
[2026-07-18 10:55:21] [market_data] ⚠ Dhan says 401 Unauthorized — your access token has expired; generate a new one at web.dhan.co and update DHAN_ACCESS_TOKEN.
[2026-07-18 10:55:25] [market_data] ⚠ Dhan says 401 Unauthorized — your access token has expired; generate a new one at web.dhan.co and update DHAN_ACCESS_TOKEN.
[2026-07-18 10:55:36] [market_data] ⚠ Dhan says 401 Unauthorized — your access token has expired; generate a new one at web.dhan.co and update DHAN_ACCESS_TOKEN.
[2026-07-18 10:55:39] [market_data] ⚠ Dhan says 401 Unauthorized — your access token has expired; generate a new one at web.dhan.co and update DHAN_ACCESS_TOKEN.
[2026-07-18 10:55:43] [market_data] ⚠ Dhan says 401 Unauthorized — your access token has expired; generate a new one at web.dhan.co and update DHAN_ACCESS_TOKEN.
[2026-07-18 10:55:46] [market_data] ⚠ Dhan says 401 Unauthorized — your access token has expired; generate a new one at web.dhan.co and update DHAN_ACCESS_TOKEN.
[2026-07-18 10:55:49] [market_data] ⚠ Dhan says 401 Unauthorized — your access token has expired; generate a new one at web.dhan.co and update DHAN_ACCESS_TOKEN.
[2026-07-18 10:55:52] [market_data] ⚠ Dhan says 401 Unauthorized — your access token has expired; generate a new one at web.dhan.co and update DHAN_ACCESS_TOKEN.
[2026-07-18 10:55:55] [market_data] ⚠ Dhan says 401 Unauthorized — your access token has expired; generate a new one at web.dhan.co and update DHAN_ACCESS_TOKEN.
[2026-07-18 10:55:59] [market_data] ⚠ Dhan says 401 Unauthorized — your access token has expired; generate a new one at web.dhan.co and update DHAN_ACCESS_TOKEN.
[2026-07-18 10:56:02] [market_data] ⚠ Dhan says 401 Unauthorized — your access token has expired; generate a new one at web.dhan.co and update DHAN_ACCESS_TOKEN.
[2026-07-18 10:56:05] [market_data] ⚠ Dhan says 401 Unauthorized — your access token has expired; generate a new one at web.dhan.co and update DHAN_ACCESS_TOKEN.
[2026-07-18 10:56:08] [market_data] ⚠ Dhan says 401 Unauthorized — your access token has expired; generate a new one at web.dhan.co and update DHAN_ACCESS_TOKEN.
[2026-07-18 10:56:12] [market_data] ⚠ Dhan says 401 Unauthorized — your access token has expired; generate a new one at web.dhan.co and update DHAN_ACCESS_TOKEN.
[2026-07-18 10:56:15] [market_data] ⚠ Dhan says 401 Unauthorized — your access token has expired; generate a new one at web.dhan.co and update DHAN_ACCESS_TOKEN.
[2026-07-18 10:56:21] [market_data] ⚠ Dhan says 401 Unauthorized — your access token has expired; generate a new one at web.dhan.co and update DHAN_ACCESS_TOKEN.
[2026-07-18 10:56:30] [market_data] ⚠ Dhan says 401 Unauthorized — your access token has expired; generate a new one at web.dhan.co and update DHAN_ACCESS_TOKEN.
[2026-07-18 10:56:33] [market_data] ⚠ Dhan says 401 Unauthorized — your access token has expired; generate a new one at web.dhan.co and update DHAN_ACCESS_TOKEN.
[2026-07-18 10:56:36] [market_data] ⚠ Dhan says 401 Unauthorized — your access token has expired; generate a new one at web.dhan.co and update DHAN_ACCESS_TOKEN.
[2026-07-18 10:56:40] [market_data] ⚠ Dhan says 401 Unauthorized — your access token has expired; generate a new one at web.dhan.co and update DHAN_ACCESS_TOKEN.
[2026-07-18 10:56:43] [market_data] ⚠ Dhan says 401 Unauthorized — your access token has expired; generate a new one at web.dhan.co and update DHAN_ACCESS_TOKEN.
[2026-07-18 10:56:46] [market_data] ⚠ Dhan says 401 Unauthorized — your access token has expired; generate a new one at web.dhan.co and update DHAN_ACCESS_TOKEN.
[2026-07-18 10:56:49] [market_data] ⚠ Dhan says 401 Unauthorized — your access token has expired; generate a new one at web.dhan.co and update DHAN_ACCESS_TOKEN.
[2026-07-18 10:56:53] [market_data] ⚠ Dhan says 401 Unauthorized — your access token has expired; generate a new one at web.dhan.co and update DHAN_ACCESS_TOKEN.
[2026-07-18 10:56:56] [market_data] ⚠ Dhan says 401 Unauthorized — your access token has expired; generate a new one at web.dhan.co and update DHAN_ACCESS_TOKEN.
[2026-07-18 10:56:59] [market_data] ⚠ Dhan says 401 Unauthorized — your access token has expired; generate a new one at web.dhan.co and update DHAN_ACCESS_TOKEN.
[2026-07-18 10:57:02] [market_data] ⚠ Dhan says 401 Unauthorized — your access token has expired; generate a new one at web.dhan.co and update DHAN_ACCESS_TOKEN.
[2026-07-18 10:57:06] [market_data] ⚠ Dhan says 401 Unauthorized — your access token has expired; generate a new one at web.dhan.co and update DHAN_ACCESS_TOKEN.
[2026-07-18 10:57:09] [market_data] ⚠ Dhan says 401 Unauthorized — your access token has expired; generate a new one at web.dhan.co and update DHAN_ACCESS_TOKEN.
[2026-07-18 10:57:12] [market_data] ⚠ Dhan says 401 Unauthorized — your access token has expired; generate a new one at web.dhan.co and update DHAN_ACCESS_TOKEN.
[2026-07-18 11:07:52] [market_data] ⚠ Dhan says 401 Unauthorized — your access token has expired; generate a new one at web.dhan.co and update DHAN_ACCESS_TOKEN.
[2026-07-18 11:07:55] [market_data] ⚠ Dhan says 401 Unauthorized — your access token has expired; generate a new one at web.dhan.co and update DHAN_ACCESS_TOKEN.
[2026-07-18 11:07:58] [market_data] ⚠ Dhan says 401 Unauthorized — your access token has expired; generate a new one at web.dhan.co and update DHAN_ACCESS_TOKEN.
[2026-07-18 11:08:08] [market_data] ⚠ Dhan says 401 Unauthorized — your access token has expired; generate a new one at web.dhan.co and update DHAN_ACCESS_TOKEN.
[2026-07-18 11:08:11] [market_data] ⚠ Dhan says 401 Unauthorized — your access token has expired; generate a new one at web.dhan.co and update DHAN_ACCESS_TOKEN.
[2026-07-18 11:08:14] [market_data] ⚠ Dhan says 401 Unauthorized — your access token has expired; generate a new one at web.dhan.co and update DHAN_ACCESS_TOKEN.
[2026-07-18 11:08:18] [market_data] ⚠ Dhan says 401 Unauthorized — your access token has expired; generate a new one at web.dhan.co and update DHAN_ACCESS_TOKEN.
[2026-07-18 11:08:21] [market_data] ⚠ Dhan says 401 Unauthorized — your access token has expired; generate a new one at web.dhan.co and update DHAN_ACCESS_TOKEN.
[2026-07-18 11:08:24] [market_data] ⚠ Dhan says 401 Unauthorized — your access token has expired; generate a new one at web.dhan.co and update DHAN_ACCESS_TOKEN.
[2026-07-18 11:08:27] [market_data] ⚠ Dhan says 401 Unauthorized — your access token has expired; generate a new one at web.dhan.co and update DHAN_ACCESS_TOKEN.
[2026-07-18 11:08:30] [market_data] ⚠ Dhan says 401 Unauthorized — your access token has expired; generate a new one at web.dhan.co and update DHAN_ACCESS_TOKEN.
[2026-07-18 11:08:34] [market_data] ⚠ Dhan says 401 Unauthorized — your access token has expired; generate a new one at web.dhan.co and update DHAN_ACCESS_TOKEN.
[2026-07-18 11:08:37] [market_data] ⚠ Dhan says 401 Unauthorized — your access token has expired; generate a new one at web.dhan.co and update DHAN_ACCESS_TOKEN.
[2026-07-18 11:09:41] [market_data] ⚠ Dhan says 401 Unauthorized — your access token has expired; generate a new one at web.dhan.co and update DHAN_ACCESS_TOKEN.
[2026-07-18 11:09:44] [market_data] ⚠ Dhan says 401 Unauthorized — your access token has expired; generate a new one at web.dhan.co and update DHAN_ACCESS_TOKEN.
[2026-07-18 11:09:47] [market_data] ⚠ Dhan says 401 Unauthorized — your access token has expired; generate a new one at web.dhan.co and update DHAN_ACCESS_TOKEN.
[2026-07-18 11:09:51] [market_data] ⚠ Dhan says 401 Unauthorized — your access token has expired; generate a new one at web.dhan.co and update DHAN_ACCESS_TOKEN.
[2026-07-18 11:09:54] [market_data] ⚠ Dhan says 401 Unauthorized — your access token has expired; generate a new one at web.dhan.co and update DHAN_ACCESS_TOKEN.
[2026-07-18 11:09:57] [market_data] ⚠ Dhan says 401 Unauthorized — your access token has expired; generate a new one at web.dhan.co and update DHAN_ACCESS_TOKEN.
[2026-07-18 11:10:00] [market_data] ⚠ Dhan says 401 Unauthorized — your access token has expired; generate a new one at web.dhan.co and update DHAN_ACCESS_TOKEN.
[2026-07-18 11:10:07] [market_data] ⚠ Dhan says 401 Unauthorized — your access token has expired; generate a new one at web.dhan.co and update DHAN_ACCESS_TOKEN.
[2026-07-18 11:10:10] [market_data] ⚠ Dhan says 401 Unauthorized — your access token has expired; generate a new one at web.dhan.co and update DHAN_ACCESS_TOKEN.
[2026-07-18 11:10:13] [market_data] ⚠ Dhan says 401 Unauthorized — your access token has expired; generate a new one at web.dhan.co and update DHAN_ACCESS_TOKEN.
[2026-07-18 11:10:16] [market_data] ⚠ Dhan says 401 Unauthorized — your access token has expired; generate a new one at web.dhan.co and update DHAN_ACCESS_TOKEN.
[2026-07-18 11:10:19] [market_data] ⚠ Dhan says 401 Unauthorized — your access token has expired; generate a new one at web.dhan.co and update DHAN_ACCESS_TOKEN.
[2026-07-18 11:10:23] [market_data] ⚠ Dhan says 401 Unauthorized — your access token has expired; generate a new one at web.dhan.co and update DHAN_ACCESS_TOKEN.
[2026-07-18 11:16:42] [market_data] ⚠ Dhan says 401 Unauthorized — your access token has expired; generate a new one at web.dhan.co and update DHAN_ACCESS_TOKEN.
[2026-07-18 11:16:45] [market_data] ⚠ Dhan says 401 Unauthorized — your access token has expired; generate a new one at web.dhan.co and update DHAN_ACCESS_TOKEN.
[2026-07-18 11:16:48] [market_data] ⚠ Dhan says 401 Unauthorized — your access token has expired; generate a new one at web.dhan.co and update DHAN_ACCESS_TOKEN.
[2026-07-18 11:16:52] [market_data] ⚠ Dhan says 401 Unauthorized — your access token has expired; generate a new one at web.dhan.co and update DHAN_ACCESS_TOKEN.
[2026-07-18 11:16:55] [market_data] ⚠ Dhan says 401 Unauthorized — your access token has expired; generate a new one at web.dhan.co and update DHAN_ACCESS_TOKEN.
[2026-07-18 11:16:58] [market_data] ⚠ Dhan says 401 Unauthorized — your access token has expired; generate a new one at web.dhan.co and update DHAN_ACCESS_TOKEN.
[2026-07-18 11:17:01] [market_data] ⚠ Dhan says 401 Unauthorized — your access token has expired; generate a new one at web.dhan.co and update DHAN_ACCESS_TOKEN.
[2026-07-18 11:17:05] [market_data] ⚠ Dhan says 401 Unauthorized — your access token has expired; generate a new one at web.dhan.co and update DHAN_ACCESS_TOKEN.
[2026-07-18 11:17:08] [market_data] ⚠ Dhan says 401 Unauthorized — your access token has expired; generate a new one at web.dhan.co and update DHAN_ACCESS_TOKEN.
[2026-07-18 11:17:11] [market_data] ⚠ Dhan says 401 Unauthorized — your access token has expired; generate a new one at web.dhan.co and update DHAN_ACCESS_TOKEN.
[2026-07-18 11:17:14] [market_data] ⚠ Dhan says 401 Unauthorized — your access token has expired; generate a new one at web.dhan.co and update DHAN_ACCESS_TOKEN.
[2026-07-18 11:17:21] [market_data] ⚠ Dhan says 401 Unauthorized — your access token has expired; generate a new one at web.dhan.co and update DHAN_ACCESS_TOKEN.
[2026-07-18 11:17:24] [market_data] ⚠ Dhan says 401 Unauthorized — your access token has expired; generate a new one at web.dhan.co and update DHAN_ACCESS_TOKEN.
[2026-07-18 11:17:27] [market_data] ⚠ Dhan says 401 Unauthorized — your access token has expired; generate a new one at web.dhan.co and update DHAN_ACCESS_TOKEN.
[2026-07-18 11:17:56] [market_data] ⚠ Dhan says 401 Unauthorized — your access token has expired; generate a new one at web.dhan.co and update DHAN_ACCESS_TOKEN.
[2026-07-18 11:17:59] [market_data] ⚠ Dhan says 401 Unauthorized — your access token has expired; generate a new one at web.dhan.co and update DHAN_ACCESS_TOKEN.
[2026-07-18 11:18:02] [market_data] ⚠ Dhan says 401 Unauthorized — your access token has expired; generate a new one at web.dhan.co and update DHAN_ACCESS_TOKEN.
[2026-07-18 11:18:05] [market_data] ⚠ Dhan says 401 Unauthorized — your access token has expired; generate a new one at web.dhan.co and update DHAN_ACCESS_TOKEN.
[2026-07-18 11:18:09] [market_data] ⚠ Dhan says 401 Unauthorized — your access token has expired; generate a new one at web.dhan.co and update DHAN_ACCESS_TOKEN.
[2026-07-18 11:18:12] [market_data] ⚠ Dhan says 401 Unauthorized — your access token has expired; generate a new one at web.dhan.co and update DHAN_ACCESS_TOKEN.
[2026-07-18 11:18:15] [market_data] ⚠ Dhan says 401 Unauthorized — your access token has expired; generate a new one at web.dhan.co and update DHAN_ACCESS_TOKEN.
[2026-07-18 11:18:19] [market_data] ⚠ Dhan says 401 Unauthorized — your access token has expired; generate a new one at web.dhan.co and update DHAN_ACCESS_TOKEN.
[2026-07-18 11:18:22] [market_data] ⚠ Dhan says 401 Unauthorized — your access token has expired; generate a new one at web.dhan.co and update DHAN_ACCESS_TOKEN.
[2026-07-18 11:18:25] [market_data] ⚠ Dhan says 401 Unauthorized — your access token has expired; generate a new one at web.dhan.co and update DHAN_ACCESS_TOKEN.
[2026-07-18 11:18:28] [market_data] ⚠ Dhan says 401 Unauthorized — your access token has expired; generate a new one at web.dhan.co and update DHAN_ACCESS_TOKEN.
[2026-07-18 11:18:31] [market_data] ⚠ Dhan says 401 Unauthorized — your access token has expired; generate a new one at web.dhan.co and update DHAN_ACCESS_TOKEN.
[2026-07-18 11:18:35] [market_data] ⚠ Dhan says 401 Unauthorized — your access token has expired; generate a new one at web.dhan.co and update DHAN_ACCESS_TOKEN.
[2026-07-18 11:18:38] [market_data] ⚠ Dhan says 401 Unauthorized — your access token has expired; generate a new one at web.dhan.co and update DHAN_ACCESS_TOKEN.
[2026-07-18 11:21:14] [market_data] ⚠ Dhan says 401 Unauthorized — your access token has expired; generate a new one at web.dhan.co and update DHAN_ACCESS_TOKEN.
[2026-07-18 11:21:23] [market_data] ⚠ Dhan says 401 Unauthorized — your access token has expired; generate a new one at web.dhan.co and update DHAN_ACCESS_TOKEN.
[2026-07-18 11:21:26] [market_data] ⚠ Dhan says 401 Unauthorized — your access token has expired; generate a new one at web.dhan.co and update DHAN_ACCESS_TOKEN.
[2026-07-18 11:21:29] [market_data] ⚠ Dhan says 401 Unauthorized — your access token has expired; generate a new one at web.dhan.co and update DHAN_ACCESS_TOKEN.
[2026-07-18 11:21:33] [market_data] ⚠ Dhan says 401 Unauthorized — your access token has expired; generate a new one at web.dhan.co and update DHAN_ACCESS_TOKEN.
[2026-07-18 11:21:36] [market_data] ⚠ Dhan says 401 Unauthorized — your access token has expired; generate a new one at web.dhan.co and update DHAN_ACCESS_TOKEN.
[2026-07-18 11:21:39] [market_data] ⚠ Dhan says 401 Unauthorized — your access token has expired; generate a new one at web.dhan.co and update DHAN_ACCESS_TOKEN.
[2026-07-18 11:21:43] [market_data] ⚠ Dhan says 401 Unauthorized — your access token has expired; generate a new one at web.dhan.co and update DHAN_ACCESS_TOKEN.
[2026-07-18 11:21:46] [market_data] ⚠ Dhan says 401 Unauthorized — your access token has expired; generate a new one at web.dhan.co and update DHAN_ACCESS_TOKEN.
[2026-07-18 11:21:49] [market_data] ⚠ Dhan says 401 Unauthorized — your access token has expired; generate a new one at web.dhan.co and update DHAN_ACCESS_TOKEN.
[2026-07-18 11:21:52] [market_data] ⚠ Dhan says 401 Unauthorized — your access token has expired; generate a new one at web.dhan.co and update DHAN_ACCESS_TOKEN.
[2026-07-18 11:21:55] [market_data] ⚠ Dhan says 401 Unauthorized — your access token has expired; generate a new one at web.dhan.co and update DHAN_ACCESS_TOKEN.
[2026-07-18 11:21:59] [market_data] ⚠ Dhan says 401 Unauthorized — your access token has expired; generate a new one at web.dhan.co and update DHAN_ACCESS_TOKEN.
[2026-07-18 11:37:48] [market_data] ⚠ Dhan says 401 Unauthorized — your access token has expired; generate a new one at web.dhan.co and update DHAN_ACCESS_TOKEN.
[2026-07-18 11:37:52] [market_data] ⚠ Dhan says 401 Unauthorized — your access token has expired; generate a new one at web.dhan.co and update DHAN_ACCESS_TOKEN.
[2026-07-18 11:37:56] [market_data] ⚠ Dhan says 401 Unauthorized — your access token has expired; generate a new one at web.dhan.co and update DHAN_ACCESS_TOKEN.
[2026-07-18 11:37:59] [market_data] ⚠ Dhan says 401 Unauthorized — your access token has expired; generate a new one at web.dhan.co and update DHAN_ACCESS_TOKEN.
[2026-07-18 11:38:05] [market_data] ⚠ Dhan says 401 Unauthorized — your access token has expired; generate a new one at web.dhan.co and update DHAN_ACCESS_TOKEN.
[2026-07-18 11:38:08] [market_data] ⚠ Dhan says 401 Unauthorized — your access token has expired; generate a new one at web.dhan.co and update DHAN_ACCESS_TOKEN.
[2026-07-18 11:38:12] [market_data] ⚠ Dhan says 401 Unauthorized — your access token has expired; generate a new one at web.dhan.co and update DHAN_ACCESS_TOKEN.
[2026-07-18 11:38:15] [market_data] ⚠ Dhan says 401 Unauthorized — your access token has expired; generate a new one at web.dhan.co and update DHAN_ACCESS_TOKEN.
[2026-07-18 11:38:18] [market_data] ⚠ Dhan says 401 Unauthorized — your access token has expired; generate a new one at web.dhan.co and update DHAN_ACCESS_TOKEN.
[2026-07-18 11:38:21] [market_data] ⚠ Dhan says 401 Unauthorized — your access token has expired; generate a new one at web.dhan.co and update DHAN_ACCESS_TOKEN.
[2026-07-18 11:38:25] [market_data] ⚠ Dhan says 401 Unauthorized — your access token has expired; generate a new one at web.dhan.co and update DHAN_ACCESS_TOKEN.
[2026-07-18 11:38:28] [market_data] ⚠ Dhan says 401 Unauthorized — your access token has expired; generate a new one at web.dhan.co and update DHAN_ACCESS_TOKEN.
[2026-07-18 11:38:31] [market_data] ⚠ Dhan says 401 Unauthorized — your access token has expired; generate a new one at web.dhan.co and update DHAN_ACCESS_TOKEN.
[2026-07-18 11:38:34] [market_data] ⚠ Dhan says 401 Unauthorized — your access token has expired; generate a new one at web.dhan.co and update DHAN_ACCESS_TOKEN.
[2026-07-18 11:38:37] [market_data] ⚠ Dhan says 401 Unauthorized — your access token has expired; generate a new one at web.dhan.co and update DHAN_ACCESS_TOKEN.
[2026-07-18 11:40:52] [market_data] ⚠ Dhan says 401 Unauthorized — your access token has expired; generate a new one at web.dhan.co and update DHAN_ACCESS_TOKEN.
[2026-07-18 11:40:56] [market_data] ⚠ Dhan says 401 Unauthorized — your access token has expired; generate a new one at web.dhan.co and update DHAN_ACCESS_TOKEN.
[2026-07-18 11:40:59] [market_data] ⚠ Dhan says 401 Unauthorized — your access token has expired; generate a new one at web.dhan.co and update DHAN_ACCESS_TOKEN.
[2026-07-18 11:41:02] [market_data] ⚠ Dhan says 401 Unauthorized — your access token has expired; generate a new one at web.dhan.co and update DHAN_ACCESS_TOKEN.
[2026-07-18 11:41:05] [market_data] ⚠ Dhan says 401 Unauthorized — your access token has expired; generate a new one at web.dhan.co and update DHAN_ACCESS_TOKEN.
[2026-07-18 11:41:08] [market_data] ⚠ Dhan says 401 Unauthorized — your access token has expired; generate a new one at web.dhan.co and update DHAN_ACCESS_TOKEN.
[2026-07-18 11:41:12] [market_data] ⚠ Dhan says 401 Unauthorized — your access token has expired; generate a new one at web.dhan.co and update DHAN_ACCESS_TOKEN.
[2026-07-18 11:41:18] [market_data] ⚠ Dhan says 401 Unauthorized — your access token has expired; generate a new one at web.dhan.co and update DHAN_ACCESS_TOKEN.
[2026-07-18 11:41:21] [market_data] ⚠ Dhan says 401 Unauthorized — your access token has expired; generate a new one at web.dhan.co and update DHAN_ACCESS_TOKEN.
[2026-07-18 11:41:24] [market_data] ⚠ Dhan says 401 Unauthorized — your access token has expired; generate a new one at web.dhan.co and update DHAN_ACCESS_TOKEN.
[2026-07-18 11:41:28] [market_data] ⚠ Dhan says 401 Unauthorized — your access token has expired; generate a new one at web.dhan.co and update DHAN_ACCESS_TOKEN.
[2026-07-18 11:41:31] [market_data] ⚠ Dhan says 401 Unauthorized — your access token has expired; generate a new one at web.dhan.co and update DHAN_ACCESS_TOKEN.
[2026-07-18 11:41:34] [market_data] ⚠ Dhan says 401 Unauthorized — your access token has expired; generate a new one at web.dhan.co and update DHAN_ACCESS_TOKEN.
[2026-07-18 11:41:37] [market_data] ⚠ Dhan says 401 Unauthorized — your access token has expired; generate a new one at web.dhan.co and update DHAN_ACCESS_TOKEN.
[2026-07-18 11:45:53] [market_data] ⚠ Dhan says 401 Unauthorized — your access token has expired; generate a new one at web.dhan.co and update DHAN_ACCESS_TOKEN.
[2026-07-18 11:45:56] [market_data] ⚠ Dhan says 401 Unauthorized — your access token has expired; generate a new one at web.dhan.co and update DHAN_ACCESS_TOKEN.
[2026-07-18 11:45:59] [market_data] ⚠ Dhan says 401 Unauthorized — your access token has expired; generate a new one at web.dhan.co and update DHAN_ACCESS_TOKEN.
[2026-07-18 11:46:02] [market_data] ⚠ Dhan says 401 Unauthorized — your access token has expired; generate a new one at web.dhan.co and update DHAN_ACCESS_TOKEN.
[2026-07-18 11:46:06] [market_data] ⚠ Dhan says 401 Unauthorized — your access token has expired; generate a new one at web.dhan.co and update DHAN_ACCESS_TOKEN.
[2026-07-18 11:46:09] [market_data] ⚠ Dhan says 401 Unauthorized — your access token has expired; generate a new one at web.dhan.co and update DHAN_ACCESS_TOKEN.
[2026-07-18 11:46:12] [market_data] ⚠ Dhan says 401 Unauthorized — your access token has expired; generate a new one at web.dhan.co and update DHAN_ACCESS_TOKEN.
[2026-07-18 11:46:15] [market_data] ⚠ Dhan says 401 Unauthorized — your access token has expired; generate a new one at web.dhan.co and update DHAN_ACCESS_TOKEN.
[2026-07-18 11:46:19] [market_data] ⚠ Dhan says 401 Unauthorized — your access token has expired; generate a new one at web.dhan.co and update DHAN_ACCESS_TOKEN.
[2026-07-18 11:46:22] [market_data] ⚠ Dhan says 401 Unauthorized — your access token has expired; generate a new one at web.dhan.co and update DHAN_ACCESS_TOKEN.
[2026-07-18 11:46:25] [market_data] ⚠ Dhan says 401 Unauthorized — your access token has expired; generate a new one at web.dhan.co and update DHAN_ACCESS_TOKEN.
[2026-07-18 11:46:35] [market_data] ⚠ Dhan says 401 Unauthorized — your access token has expired; generate a new one at web.dhan.co and update DHAN_ACCESS_TOKEN.
[2026-07-18 11:56:25] [market_data] ⚠ Dhan says 401 Unauthorized — your access token has expired; generate a new one at web.dhan.co and update DHAN_ACCESS_TOKEN.
[2026-07-18 11:56:28] [market_data] ⚠ Dhan says 401 Unauthorized — your access token has expired; generate a new one at web.dhan.co and update DHAN_ACCESS_TOKEN.
[2026-07-18 11:56:31] [market_data] ⚠ Dhan says 401 Unauthorized — your access token has expired; generate a new one at web.dhan.co and update DHAN_ACCESS_TOKEN.
[2026-07-18 11:56:35] [market_data] ⚠ Dhan says 401 Unauthorized — your access token has expired; generate a new one at web.dhan.co and update DHAN_ACCESS_TOKEN.
[2026-07-18 11:56:38] [market_data] ⚠ Dhan says 401 Unauthorized — your access token has expired; generate a new one at web.dhan.co and update DHAN_ACCESS_TOKEN.
[2026-07-18 11:56:41] [market_data] ⚠ Dhan says 401 Unauthorized — your access token has expired; generate a new one at web.dhan.co and update DHAN_ACCESS_TOKEN.
[2026-07-18 11:56:44] [market_data] ⚠ Dhan says 401 Unauthorized — your access token has expired; generate a new one at web.dhan.co and update DHAN_ACCESS_TOKEN.
[2026-07-18 11:56:48] [market_data] ⚠ Dhan says 401 Unauthorized — your access token has expired; generate a new one at web.dhan.co and update DHAN_ACCESS_TOKEN.
[2026-07-18 11:56:51] [market_data] ⚠ Dhan says 401 Unauthorized — your access token has expired; generate a new one at web.dhan.co and update DHAN_ACCESS_TOKEN.
[2026-07-18 11:56:54] [market_data] ⚠ Dhan says 401 Unauthorized — your access token has expired; generate a new one at web.dhan.co and update DHAN_ACCESS_TOKEN.
[2026-07-18 11:56:57] [market_data] ⚠ Dhan says 401 Unauthorized — your access token has expired; generate a new one at web.dhan.co and update DHAN_ACCESS_TOKEN.
[2026-07-18 11:57:01] [market_data] ⚠ Dhan says 401 Unauthorized — your access token has expired; generate a new one at web.dhan.co and update DHAN_ACCESS_TOKEN.
[2026-07-18 11:57:04] [market_data] ⚠ Dhan says 401 Unauthorized — your access token has expired; generate a new one at web.dhan.co and update DHAN_ACCESS_TOKEN.
[2026-07-18 11:57:07] [market_data] ⚠ Dhan says 401 Unauthorized — your access token has expired; generate a new one at web.dhan.co and update DHAN_ACCESS_TOKEN.
[2026-07-18 11:57:10] [market_data] ⚠ Dhan says 401 Unauthorized — your access token has expired; generate a new one at web.dhan.co and update DHAN_ACCESS_TOKEN.
[2026-07-18 11:57:21] [market_data] ⚠ Dhan says 401 Unauthorized — your access token has expired; generate a new one at web.dhan.co and update DHAN_ACCESS_TOKEN.
[2026-07-18 11:57:24] [market_data] ⚠ Dhan says 401 Unauthorized — your access token has expired; generate a new one at web.dhan.co and update DHAN_ACCESS_TOKEN.
[2026-07-18 11:57:28] [market_data] ⚠ Dhan says 401 Unauthorized — your access token has expired; generate a new one at web.dhan.co and update DHAN_ACCESS_TOKEN.
[2026-07-18 11:57:31] [market_data] ⚠ Dhan says 401 Unauthorized — your access token has expired; generate a new one at web.dhan.co and update DHAN_ACCESS_TOKEN.
[2026-07-18 11:57:34] [market_data] ⚠ Dhan says 401 Unauthorized — your access token has expired; generate a new one at web.dhan.co and update DHAN_ACCESS_TOKEN.
[2026-07-18 11:57:37] [market_data] ⚠ Dhan says 401 Unauthorized — your access token has expired; generate a new one at web.dhan.co and update DHAN_ACCESS_TOKEN.
[2026-07-18 11:57:41] [market_data] ⚠ Dhan says 401 Unauthorized — your access token has expired; generate a new one at web.dhan.co and update DHAN_ACCESS_TOKEN.
[2026-07-18 11:57:44] [market_data] ⚠ Dhan says 401 Unauthorized — your access token has expired; generate a new one at web.dhan.co and update DHAN_ACCESS_TOKEN.
[2026-07-18 11:57:47] [market_data] ⚠ Dhan says 401 Unauthorized — your access token has expired; generate a new one at web.dhan.co and update DHAN_ACCESS_TOKEN.
[2026-07-18 11:57:50] [market_data] ⚠ Dhan says 401 Unauthorized — your access token has expired; generate a new one at web.dhan.co and update DHAN_ACCESS_TOKEN.
[2026-07-18 11:57:54] [market_data] ⚠ Dhan says 401 Unauthorized — your access token has expired; generate a new one at web.dhan.co and update DHAN_ACCESS_TOKEN.
[2026-07-18 11:57:57] [market_data] ⚠ Dhan says 401 Unauthorized — your access token has expired; generate a new one at web.dhan.co and update DHAN_ACCESS_TOKEN.
[2026-07-18 11:58:00] [market_data] ⚠ Dhan says 401 Unauthorized — your access token has expired; generate a new one at web.dhan.co and update DHAN_ACCESS_TOKEN.
[2026-07-18 11:58:03] [market_data] ⚠ Dhan says 401 Unauthorized — your access token has expired; generate a new one at web.dhan.co and update DHAN_ACCESS_TOKEN.
[2026-07-18 11:59:44] [market_data] ⚠ Dhan says 401 Unauthorized — your access token has expired; generate a new one at web.dhan.co and update DHAN_ACCESS_TOKEN.
[2026-07-18 11:59:47] [market_data] ⚠ Dhan says 401 Unauthorized — your access token has expired; generate a new one at web.dhan.co and update DHAN_ACCESS_TOKEN.
[2026-07-18 11:59:50] [market_data] ⚠ Dhan says 401 Unauthorized — your access token has expired; generate a new one at web.dhan.co and update DHAN_ACCESS_TOKEN.
[2026-07-18 11:59:53] [market_data] ⚠ Dhan says 401 Unauthorized — your access token has expired; generate a new one at web.dhan.co and update DHAN_ACCESS_TOKEN.
[2026-07-18 12:00:00] [market_data] ⚠ Dhan says 401 Unauthorized — your access token has expired; generate a new one at web.dhan.co and update DHAN_ACCESS_TOKEN.
[2026-07-18 12:00:03] [market_data] ⚠ Dhan says 401 Unauthorized — your access token has expired; generate a new one at web.dhan.co and update DHAN_ACCESS_TOKEN.
[2026-07-18 12:00:06] [market_data] ⚠ Dhan says 401 Unauthorized — your access token has expired; generate a new one at web.dhan.co and update DHAN_ACCESS_TOKEN.
[2026-07-18 12:00:10] [market_data] ⚠ Dhan says 401 Unauthorized — your access token has expired; generate a new one at web.dhan.co and update DHAN_ACCESS_TOKEN.
[2026-07-18 12:00:13] [market_data] ⚠ Dhan says 401 Unauthorized — your access token has expired; generate a new one at web.dhan.co and update DHAN_ACCESS_TOKEN.
[2026-07-18 12:00:16] [market_data] ⚠ Dhan says 401 Unauthorized — your access token has expired; generate a new one at web.dhan.co and update DHAN_ACCESS_TOKEN.
[2026-07-18 12:00:19] [market_data] ⚠ Dhan says 401 Unauthorized — your access token has expired; generate a new one at web.dhan.co and update DHAN_ACCESS_TOKEN.
[2026-07-18 12:00:22] [market_data] ⚠ Dhan says 401 Unauthorized — your access token has expired; generate a new one at web.dhan.co and update DHAN_ACCESS_TOKEN.
[2026-07-18 12:00:26] [market_data] ⚠ Dhan says 401 Unauthorized — your access token has expired; generate a new one at web.dhan.co and update DHAN_ACCESS_TOKEN.
[2026-07-18 12:02:38] [market_data] ⚠ Dhan says 401 Unauthorized — your access token has expired; generate a new one at web.dhan.co and update DHAN_ACCESS_TOKEN.
[2026-07-18 12:02:42] [market_data] ⚠ Dhan says 401 Unauthorized — your access token has expired; generate a new one at web.dhan.co and update DHAN_ACCESS_TOKEN.
[2026-07-18 12:02:45] [market_data] ⚠ Dhan says 401 Unauthorized — your access token has expired; generate a new one at web.dhan.co and update DHAN_ACCESS_TOKEN.
[2026-07-18 12:02:48] [market_data] ⚠ Dhan says 401 Unauthorized — your access token has expired; generate a new one at web.dhan.co and update DHAN_ACCESS_TOKEN.
[2026-07-18 12:02:51] [market_data] ⚠ Dhan says 401 Unauthorized — your access token has expired; generate a new one at web.dhan.co and update DHAN_ACCESS_TOKEN.
[2026-07-18 12:02:54] [market_data] ⚠ Dhan says 401 Unauthorized — your access token has expired; generate a new one at web.dhan.co and update DHAN_ACCESS_TOKEN.
[2026-07-18 12:02:58] [market_data] ⚠ Dhan says 401 Unauthorized — your access token has expired; generate a new one at web.dhan.co and update DHAN_ACCESS_TOKEN.
[2026-07-18 12:03:01] [market_data] ⚠ Dhan says 401 Unauthorized — your access token has expired; generate a new one at web.dhan.co and update DHAN_ACCESS_TOKEN.
[2026-07-18 12:03:10] [market_data] ⚠ Dhan says 401 Unauthorized — your access token has expired; generate a new one at web.dhan.co and update DHAN_ACCESS_TOKEN.
[2026-07-18 12:03:14] [market_data] ⚠ Dhan says 401 Unauthorized — your access token has expired; generate a new one at web.dhan.co and update DHAN_ACCESS_TOKEN.
[2026-07-18 12:03:17] [market_data] ⚠ Dhan says 401 Unauthorized — your access token has expired; generate a new one at web.dhan.co and update DHAN_ACCESS_TOKEN.
[2026-07-18 12:03:20] [market_data] ⚠ Dhan says 401 Unauthorized — your access token has expired; generate a new one at web.dhan.co and update DHAN_ACCESS_TOKEN.
[2026-07-18 12:03:23] [market_data] ⚠ Dhan says 401 Unauthorized — your access token has expired; generate a new one at web.dhan.co and update DHAN_ACCESS_TOKEN.
[2026-07-18 12:03:30] [market_data] ⚠ Dhan says 401 Unauthorized — your access token has expired; generate a new one at web.dhan.co and update DHAN_ACCESS_TOKEN.
[2026-07-18 12:03:33] [market_data] ⚠ Dhan says 401 Unauthorized — your access token has expired; generate a new one at web.dhan.co and update DHAN_ACCESS_TOKEN.
[2026-07-18 12:03:36] [market_data] ⚠ Dhan says 401 Unauthorized — your access token has expired; generate a new one at web.dhan.co and update DHAN_ACCESS_TOKEN.
[2026-07-18 12:03:43] [market_data] ⚠ Dhan says 401 Unauthorized — your access token has expired; generate a new one at web.dhan.co and update DHAN_ACCESS_TOKEN.
[2026-07-18 12:03:49] [market_data] ⚠ Dhan says 401 Unauthorized — your access token has expired; generate a new one at web.dhan.co and update DHAN_ACCESS_TOKEN.
[2026-07-18 12:03:52] [market_data] ⚠ Dhan says 401 Unauthorized — your access token has expired; generate a new one at web.dhan.co and update DHAN_ACCESS_TOKEN.
[2026-07-18 12:03:59] [market_data] ⚠ Dhan says 401 Unauthorized — your access token has expired; generate a new one at web.dhan.co and update DHAN_ACCESS_TOKEN.
[2026-07-18 12:04:02] [market_data] ⚠ Dhan says 401 Unauthorized — your access token has expired; generate a new one at web.dhan.co and update DHAN_ACCESS_TOKEN.
[2026-07-18 12:04:08] [market_data] ⚠ Dhan says 401 Unauthorized — your access token has expired; generate a new one at web.dhan.co and update DHAN_ACCESS_TOKEN.
[2026-07-18 12:04:12] [market_data] ⚠ Dhan says 401 Unauthorized — your access token has expired; generate a new one at web.dhan.co and update DHAN_ACCESS_TOKEN.
[2026-07-18 12:04:15] [market_data] ⚠ Dhan says 401 Unauthorized — your access token has expired; generate a new one at web.dhan.co and update DHAN_ACCESS_TOKEN.
[2026-07-18 12:04:21] [market_data] ⚠ Dhan says 401 Unauthorized — your access token has expired; generate a new one at web.dhan.co and update DHAN_ACCESS_TOKEN.
[2026-07-18 12:04:24] [market_data] ⚠ Dhan says 401 Unauthorized — your access token has expired; generate a new one at web.dhan.co and update DHAN_ACCESS_TOKEN.
[2026-07-18 12:04:31] [market_data] ⚠ Dhan says 401 Unauthorized — your access token has expired; generate a new one at web.dhan.co and update DHAN_ACCESS_TOKEN.
[2026-07-18 12:04:34] [market_data] ⚠ Dhan says 401 Unauthorized — your access token has expired; generate a new one at web.dhan.co and update DHAN_ACCESS_TOKEN.
[2026-07-18 12:04:40] [market_data] ⚠ Dhan says 401 Unauthorized — your access token has expired; generate a new one at web.dhan.co and update DHAN_ACCESS_TOKEN.
[2026-07-18 12:04:44] [market_data] ⚠ Dhan says 401 Unauthorized — your access token has expired; generate a new one at web.dhan.co and update DHAN_ACCESS_TOKEN.
[2026-07-18 12:04:50] [market_data] ⚠ Dhan says 401 Unauthorized — your access token has expired; generate a new one at web.dhan.co and update DHAN_ACCESS_TOKEN.
[2026-07-18 12:04:53] [market_data] ⚠ Dhan says 401 Unauthorized — your access token has expired; generate a new one at web.dhan.co and update DHAN_ACCESS_TOKEN.
[2026-07-18 12:05:00] [market_data] ⚠ Dhan says 401 Unauthorized — your access token has expired; generate a new one at web.dhan.co and update DHAN_ACCESS_TOKEN.
[2026-07-18 12:05:03] [market_data] ⚠ Dhan says 401 Unauthorized — your access token has expired; generate a new one at web.dhan.co and update DHAN_ACCESS_TOKEN.
[2026-07-18 12:05:09] [market_data] ⚠ Dhan says 401 Unauthorized — your access token has expired; generate a new one at web.dhan.co and update DHAN_ACCESS_TOKEN.
[2026-07-18 12:05:13] [market_data] ⚠ Dhan says 401 Unauthorized — your access token has expired; generate a new one at web.dhan.co and update DHAN_ACCESS_TOKEN.
[2026-07-18 12:05:19] [market_data] ⚠ Dhan says 401 Unauthorized — your access token has expired; generate a new one at web.dhan.co and update DHAN_ACCESS_TOKEN.
[2026-07-18 12:05:22] [market_data] ⚠ Dhan says 401 Unauthorized — your access token has expired; generate a new one at web.dhan.co and update DHAN_ACCESS_TOKEN.
[2026-07-18 12:05:29] [market_data] ⚠ Dhan says 401 Unauthorized — your access token has expired; generate a new one at web.dhan.co and update DHAN_ACCESS_TOKEN.
[2026-07-18 12:05:32] [market_data] ⚠ Dhan says 401 Unauthorized — your access token has expired; generate a new one at web.dhan.co and update DHAN_ACCESS_TOKEN.
[2026-07-18 12:05:35] [market_data] ⚠ Dhan says 401 Unauthorized — your access token has expired; generate a new one at web.dhan.co and update DHAN_ACCESS_TOKEN.
[2026-07-18 12:05:45] [market_data] ⚠ Dhan says 401 Unauthorized — your access token has expired; generate a new one at web.dhan.co and update DHAN_ACCESS_TOKEN.
[2026-07-18 12:05:51] [market_data] ⚠ Dhan says 401 Unauthorized — your access token has expired; generate a new one at web.dhan.co and update DHAN_ACCESS_TOKEN.
[2026-07-18 12:05:54] [market_data] ⚠ Dhan says 401 Unauthorized — your access token has expired; generate a new one at web.dhan.co and update DHAN_ACCESS_TOKEN.
[2026-07-18 12:06:01] [market_data] ⚠ Dhan says 401 Unauthorized — your access token has expired; generate a new one at web.dhan.co and update DHAN_ACCESS_TOKEN.
[2026-07-18 12:06:04] [market_data] ⚠ Dhan says 401 Unauthorized — your access token has expired; generate a new one at web.dhan.co and update DHAN_ACCESS_TOKEN.
[2026-07-18 12:06:05] [orchestrator] agents stopped
[2026-07-18 12:43:22] [orchestrator] restored 15 historical trades (0 today, ₹0 realized today)
[2026-07-18 13:07:31] [orchestrator] restored 15 historical trades (0 today, ₹0 realized today)
[2026-07-18 13:09:48] [market_data] ⚠ Kotak Neo option-chain polling isn't wired yet — Kotak's REST quote API requires a scrip-master token map that must be fetched with your credentials on first login. Run once with Dhan or Zerodha selected, or use Kotak for orders only (broker_orders=kotak) while another broker feeds data.
[2026-07-18 13:09:48] [orchestrator] all 10 agents started on NIFTY+BANKNIFTY+FINNIFTY+SENSEX (PAPER)
[2026-07-18 13:09:51] [market_data] ⚠ Kotak Neo option-chain polling isn't wired yet — Kotak's REST quote API requires a scrip-master token map that must be fetched with your credentials on first login. Run once with Dhan or Zerodha selected, or use Kotak for orders only (broker_orders=kotak) while another broker feeds data.
[2026-07-18 13:09:54] [market_data] ⚠ Kotak Neo option-chain polling isn't wired yet — Kotak's REST quote API requires a scrip-master token map that must be fetched with your credentials on first login. Run once with Dhan or Zerodha selected, or use Kotak for orders only (broker_orders=kotak) while another broker feeds data.
[2026-07-18 13:09:57] [market_data] ⚠ Kotak Neo option-chain polling isn't wired yet — Kotak's REST quote API requires a scrip-master token map that must be fetched with your credentials on first login. Run once with Dhan or Zerodha selected, or use Kotak for orders only (broker_orders=kotak) while another broker feeds data.
[2026-07-18 13:10:00] [market_data] ⚠ Kotak Neo option-chain polling isn't wired yet — Kotak's REST quote API requires a scrip-master token map that must be fetched with your credentials on first login. Run once with Dhan or Zerodha selected, or use Kotak for orders only (broker_orders=kotak) while another broker feeds data.
[2026-07-18 13:10:03] [market_data] ⚠ Kotak Neo option-chain polling isn't wired yet — Kotak's REST quote API requires a scrip-master token map that must be fetched with your credentials on first login. Run once with Dhan or Zerodha selected, or use Kotak for orders only (broker_orders=kotak) while another broker feeds data.
[2026-07-18 13:10:06] [market_data] ⚠ Kotak Neo option-chain polling isn't wired yet — Kotak's REST quote API requires a scrip-master token map that must be fetched with your credentials on first login. Run once with Dhan or Zerodha selected, or use Kotak for orders only (broker_orders=kotak) while another broker feeds data.
[2026-07-18 13:10:09] [market_data] ⚠ Kotak Neo option-chain polling isn't wired yet — Kotak's REST quote API requires a scrip-master token map that must be fetched with your credentials on first login. Run once with Dhan or Zerodha selected, or use Kotak for orders only (broker_orders=kotak) while another broker feeds data.
[2026-07-18 13:10:12] [market_data] ⚠ Kotak Neo option-chain polling isn't wired yet — Kotak's REST quote API requires a scrip-master token map that must be fetched with your credentials on first login. Run once with Dhan or Zerodha selected, or use Kotak for orders only (broker_orders=kotak) while another broker feeds data.
[2026-07-18 13:10:15] [market_data] ⚠ Kotak Neo option-chain polling isn't wired yet — Kotak's REST quote API requires a scrip-master token map that must be fetched with your credentials on first login. Run once with Dhan or Zerodha selected, or use Kotak for orders only (broker_orders=kotak) while another broker feeds data.
[2026-07-18 13:10:18] [market_data] ⚠ Kotak Neo option-chain polling isn't wired yet — Kotak's REST quote API requires a scrip-master token map that must be fetched with your credentials on first login. Run once with Dhan or Zerodha selected, or use Kotak for orders only (broker_orders=kotak) while another broker feeds data.
[2026-07-18 13:10:21] [market_data] ⚠ Kotak Neo option-chain polling isn't wired yet — Kotak's REST quote API requires a scrip-master token map that must be fetched with your credentials on first login. Run once with Dhan or Zerodha selected, or use Kotak for orders only (broker_orders=kotak) while another broker feeds data.
[2026-07-18 13:10:24] [market_data] ⚠ Kotak Neo option-chain polling isn't wired yet — Kotak's REST quote API requires a scrip-master token map that must be fetched with your credentials on first login. Run once with Dhan or Zerodha selected, or use Kotak for orders only (broker_orders=kotak) while another broker feeds data.
[2026-07-18 13:10:27] [market_data] ⚠ Kotak Neo option-chain polling isn't wired yet — Kotak's REST quote API requires a scrip-master token map that must be fetched with your credentials on first login. Run once with Dhan or Zerodha selected, or use Kotak for orders only (broker_orders=kotak) while another broker feeds data.
[2026-07-18 13:10:30] [market_data] ⚠ Kotak Neo option-chain polling isn't wired yet — Kotak's REST quote API requires a scrip-master token map that must be fetched with your credentials on first login. Run once with Dhan or Zerodha selected, or use Kotak for orders only (broker_orders=kotak) while another broker feeds data.
[2026-07-18 13:10:33] [market_data] ⚠ Kotak Neo option-chain polling isn't wired yet — Kotak's REST quote API requires a scrip-master token map that must be fetched with your credentials on first login. Run once with Dhan or Zerodha selected, or use Kotak for orders only (broker_orders=kotak) while another broker feeds data.
[2026-07-18 13:10:36] [market_data] ⚠ Kotak Neo option-chain polling isn't wired yet — Kotak's REST quote API requires a scrip-master token map that must be fetched with your credentials on first login. Run once with Dhan or Zerodha selected, or use Kotak for orders only (broker_orders=kotak) while another broker feeds data.
[2026-07-18 13:10:39] [market_data] ⚠ Kotak Neo option-chain polling isn't wired yet — Kotak's REST quote API requires a scrip-master token map that must be fetched with your credentials on first login. Run once with Dhan or Zerodha selected, or use Kotak for orders only (broker_orders=kotak) while another broker feeds data.
[2026-07-18 13:10:42] [market_data] ⚠ Kotak Neo option-chain polling isn't wired yet — Kotak's REST quote API requires a scrip-master token map that must be fetched with your credentials on first login. Run once with Dhan or Zerodha selected, or use Kotak for orders only (broker_orders=kotak) while another broker feeds data.
[2026-07-18 13:10:45] [market_data] ⚠ Kotak Neo option-chain polling isn't wired yet — Kotak's REST quote API requires a scrip-master token map that must be fetched with your credentials on first login. Run once with Dhan or Zerodha selected, or use Kotak for orders only (broker_orders=kotak) while another broker feeds data.
[2026-07-18 13:10:48] [market_data] ⚠ Kotak Neo option-chain polling isn't wired yet — Kotak's REST quote API requires a scrip-master token map that must be fetched with your credentials on first login. Run once with Dhan or Zerodha selected, or use Kotak for orders only (broker_orders=kotak) while another broker feeds data.
[2026-07-18 13:10:51] [market_data] ⚠ Kotak Neo option-chain polling isn't wired yet — Kotak's REST quote API requires a scrip-master token map that must be fetched with your credentials on first login. Run once with Dhan or Zerodha selected, or use Kotak for orders only (broker_orders=kotak) while another broker feeds data.
[2026-07-18 13:10:54] [market_data] ⚠ Kotak Neo option-chain polling isn't wired yet — Kotak's REST quote API requires a scrip-master token map that must be fetched with your credentials on first login. Run once with Dhan or Zerodha selected, or use Kotak for orders only (broker_orders=kotak) while another broker feeds data.
[2026-07-18 13:10:57] [market_data] ⚠ Kotak Neo option-chain polling isn't wired yet — Kotak's REST quote API requires a scrip-master token map that must be fetched with your credentials on first login. Run once with Dhan or Zerodha selected, or use Kotak for orders only (broker_orders=kotak) while another broker feeds data.
[2026-07-18 13:11:00] [market_data] ⚠ Kotak Neo option-chain polling isn't wired yet — Kotak's REST quote API requires a scrip-master token map that must be fetched with your credentials on first login. Run once with Dhan or Zerodha selected, or use Kotak for orders only (broker_orders=kotak) while another broker feeds data.
[2026-07-18 13:11:03] [market_data] ⚠ Kotak Neo option-chain polling isn't wired yet — Kotak's REST quote API requires a scrip-master token map that must be fetched with your credentials on first login. Run once with Dhan or Zerodha selected, or use Kotak for orders only (broker_orders=kotak) while another broker feeds data.
[2026-07-18 13:11:06] [market_data] ⚠ Kotak Neo option-chain polling isn't wired yet — Kotak's REST quote API requires a scrip-master token map that must be fetched with your credentials on first login. Run once with Dhan or Zerodha selected, or use Kotak for orders only (broker_orders=kotak) while another broker feeds data.
[2026-07-18 13:11:09] [market_data] ⚠ Kotak Neo option-chain polling isn't wired yet — Kotak's REST quote API requires a scrip-master token map that must be fetched with your credentials on first login. Run once with Dhan or Zerodha selected, or use Kotak for orders only (broker_orders=kotak) while another broker feeds data.
[2026-07-18 13:11:12] [market_data] ⚠ Kotak Neo option-chain polling isn't wired yet — Kotak's REST quote API requires a scrip-master token map that must be fetched with your credentials on first login. Run once with Dhan or Zerodha selected, or use Kotak for orders only (broker_orders=kotak) while another broker feeds data.
[2026-07-18 13:11:15] [market_data] ⚠ Kotak Neo option-chain polling isn't wired yet — Kotak's REST quote API requires a scrip-master token map that must be fetched with your credentials on first login. Run once with Dhan or Zerodha selected, or use Kotak for orders only (broker_orders=kotak) while another broker feeds data.
[2026-07-18 13:11:18] [market_data] ⚠ Kotak Neo option-chain polling isn't wired yet — Kotak's REST quote API requires a scrip-master token map that must be fetched with your credentials on first login. Run once with Dhan or Zerodha selected, or use Kotak for orders only (broker_orders=kotak) while another broker feeds data.
[2026-07-18 13:11:21] [market_data] ⚠ Kotak Neo option-chain polling isn't wired yet — Kotak's REST quote API requires a scrip-master token map that must be fetched with your credentials on first login. Run once with Dhan or Zerodha selected, or use Kotak for orders only (broker_orders=kotak) while another broker feeds data.
[2026-07-18 13:23:00] [orchestrator] restored 15 historical trades (0 today, ₹0 realized today)
[2026-07-18 14:10:55] [orchestrator] restored 15 historical trades (0 today, ₹0 realized today)
[2026-07-18 14:12:54] [orchestrator] all 10 agents started on NIFTY+BANKNIFTY+FINNIFTY+SENSEX (PAPER)
[2026-07-18 14:12:58] [market_data] ⚠ Dhan says 401 Unauthorized — your access token has expired; generate a new one at web.dhan.co and update DHAN_ACCESS_TOKEN.
[2026-07-18 14:13:04] [market_data] ⚠ Dhan says 401 Unauthorized — your access token has expired; generate a new one at web.dhan.co and update DHAN_ACCESS_TOKEN.
[2026-07-18 14:13:11] [market_data] ⚠ Dhan says 401 Unauthorized — your access token has expired; generate a new one at web.dhan.co and update DHAN_ACCESS_TOKEN.
[2026-07-18 14:13:17] [market_data] ⚠ Dhan says 401 Unauthorized — your access token has expired; generate a new one at web.dhan.co and update DHAN_ACCESS_TOKEN.
[2026-07-18 14:13:23] [market_data] ⚠ Dhan says 401 Unauthorized — your access token has expired; generate a new one at web.dhan.co and update DHAN_ACCESS_TOKEN.
[2026-07-18 14:13:30] [market_data] ⚠ Dhan says 401 Unauthorized — your access token has expired; generate a new one at web.dhan.co and update DHAN_ACCESS_TOKEN.
[2026-07-18 14:13:36] [market_data] ⚠ Dhan says 401 Unauthorized — your access token has expired; generate a new one at web.dhan.co and update DHAN_ACCESS_TOKEN.
[2026-07-18 14:39:58] [orchestrator] restored 15 historical trades (0 today, ₹0 realized today)
[2026-07-18 15:03:54] [orchestrator] restored 15 historical trades (0 today, ₹0 realized today)
[2026-07-18 15:17:18] [orchestrator] restored 15 historical trades (0 today, ₹0 realized today)
[2026-07-18 15:19:30] [orchestrator] all 10 agents started on NIFTY+BANKNIFTY+FINNIFTY+SENSEX (PAPER)
[2026-07-18 15:28:48] [orchestrator] restored 15 historical trades (0 today, ₹0 realized today)
[2026-07-18 15:29:28] [orchestrator] all 10 agents started on NIFTY+BANKNIFTY+FINNIFTY+SENSEX (PAPER)
[2026-07-18 15:39:34] [learning] journal: 15 trades, P&L ₹-4922
[2026-07-18 18:40:06] [market_data] ⚠ name 'urllib' is not defined
[2026-07-18 18:40:09] [market_data] ⚠ name 'urllib' is not defined
[2026-07-18 18:40:12] [market_data] ⚠ name 'urllib' is not defined
[2026-07-18 18:40:15] [market_data] ⚠ name 'urllib' is not defined
[2026-07-18 18:40:18] [market_data] ⚠ name 'urllib' is not defined
[2026-07-18 18:40:21] [market_data] ⚠ name 'urllib' is not defined
[2026-07-18 18:40:24] [market_data] ⚠ name 'urllib' is not defined
[2026-07-18 18:40:27] [market_data] ⚠ name 'urllib' is not defined
[2026-07-18 18:40:30] [market_data] ⚠ name 'urllib' is not defined
[2026-07-18 18:40:33] [market_data] ⚠ name 'urllib' is not defined
[2026-07-18 18:40:36] [market_data] ⚠ name 'urllib' is not defined
[2026-07-18 18:40:39] [market_data] ⚠ name 'urllib' is not defined
[2026-07-18 18:40:42] [market_data] ⚠ name 'urllib' is not defined
[2026-07-18 18:40:45] [market_data] ⚠ name 'urllib' is not defined
[2026-07-18 18:40:48] [market_data] ⚠ name 'urllib' is not defined
[2026-07-18 18:40:51] [market_data] ⚠ name 'urllib' is not defined
[2026-07-18 18:40:54] [market_data] ⚠ name 'urllib' is not defined
[2026-07-18 18:40:57] [market_data] ⚠ name 'urllib' is not defined
[2026-07-18 18:41:00] [market_data] ⚠ name 'urllib' is not defined
[2026-07-18 18:41:03] [market_data] ⚠ name 'urllib' is not defined
[2026-07-18 18:41:06] [market_data] ⚠ name 'urllib' is not defined
[2026-07-18 18:41:09] [market_data] ⚠ name 'urllib' is not defined
[2026-07-18 18:41:12] [market_data] ⚠ name 'urllib' is not defined
[2026-07-18 18:41:15] [market_data] ⚠ name 'urllib' is not defined
[2026-07-18 18:41:18] [market_data] ⚠ name 'urllib' is not defined
[2026-07-18 18:41:21] [market_data] ⚠ name 'urllib' is not defined
[2026-07-18 18:41:24] [market_data] ⚠ name 'urllib' is not defined
[2026-07-18 18:41:27] [market_data] ⚠ name 'urllib' is not defined
[2026-07-18 18:41:30] [market_data] ⚠ name 'urllib' is not defined
[2026-07-18 18:41:33] [market_data] ⚠ name 'urllib' is not defined
[2026-07-18 18:41:36] [market_data] ⚠ name 'urllib' is not defined
[2026-07-18 18:41:39] [market_data] ⚠ name 'urllib' is not defined
[2026-07-18 18:41:42] [market_data] ⚠ name 'urllib' is not defined
[2026-07-18 18:41:45] [market_data] ⚠ name 'urllib' is not defined
[2026-07-18 18:41:48] [market_data] ⚠ name 'urllib' is not defined
[2026-07-18 18:41:51] [market_data] ⚠ name 'urllib' is not defined
[2026-07-18 18:41:54] [market_data] ⚠ name 'urllib' is not defined
[2026-07-18 18:41:57] [market_data] ⚠ name 'urllib' is not defined
[2026-07-18 18:42:00] [market_data] ⚠ name 'urllib' is not defined
[2026-07-18 18:42:03] [market_data] ⚠ name 'urllib' is not defined
[2026-07-18 18:42:06] [market_data] ⚠ name 'urllib' is not defined
[2026-07-18 18:42:09] [market_data] ⚠ name 'urllib' is not defined
[2026-07-18 18:42:12] [market_data] ⚠ name 'urllib' is not defined
[2026-07-18 18:42:15] [market_data] ⚠ name 'urllib' is not defined
[2026-07-18 18:42:18] [market_data] ⚠ name 'urllib' is not defined
[2026-07-18 18:42:21] [market_data] ⚠ name 'urllib' is not defined
[2026-07-18 18:42:24] [market_data] ⚠ name 'urllib' is not defined
[2026-07-18 18:42:27] [market_data] ⚠ name 'urllib' is not defined
[2026-07-18 18:42:30] [market_data] ⚠ name 'urllib' is not defined
[2026-07-18 18:42:33] [market_data] ⚠ name 'urllib' is not defined
[2026-07-18 18:42:36] [market_data] ⚠ name 'urllib' is not defined
[2026-07-18 18:42:39] [market_data] ⚠ name 'urllib' is not defined
[2026-07-18 18:42:42] [market_data] ⚠ name 'urllib' is not defined
[2026-07-18 18:42:45] [market_data] ⚠ name 'urllib' is not defined
[2026-07-18 18:42:48] [market_data] ⚠ name 'urllib' is not defined
[2026-07-18 18:42:51] [market_data] ⚠ name 'urllib' is not defined
[2026-07-18 18:42:54] [market_data] ⚠ name 'urllib' is not defined
[2026-07-18 18:42:57] [market_data] ⚠ name 'urllib' is not defined
[2026-07-18 18:43:00] [market_data] ⚠ name 'urllib' is not defined
[2026-07-18 18:43:03] [market_data] ⚠ name 'urllib' is not defined
[2026-07-18 18:43:06] [market_data] ⚠ name 'urllib' is not defined
[2026-07-18 18:43:09] [market_data] ⚠ name 'urllib' is not defined
[2026-07-18 18:43:12] [market_data] ⚠ name 'urllib' is not defined
[2026-07-18 18:43:15] [market_data] ⚠ name 'urllib' is not defined
[2026-07-18 18:43:18] [market_data] ⚠ name 'urllib' is not defined
[2026-07-18 18:43:21] [market_data] ⚠ name 'urllib' is not defined
[2026-07-18 18:43:24] [market_data] ⚠ name 'urllib' is not defined
[2026-07-18 18:43:27] [market_data] ⚠ name 'urllib' is not defined
[2026-07-18 18:43:30] [market_data] ⚠ name 'urllib' is not defined
[2026-07-18 18:43:33] [market_data] ⚠ name 'urllib' is not defined
[2026-07-18 18:43:36] [market_data] ⚠ name 'urllib' is not defined
[2026-07-18 18:43:39] [market_data] ⚠ name 'urllib' is not defined
[2026-07-18 18:43:42] [market_data] ⚠ name 'urllib' is not defined
[2026-07-18 18:43:45] [market_data] ⚠ name 'urllib' is not defined
[2026-07-18 18:43:48] [market_data] ⚠ name 'urllib' is not defined
[2026-07-18 18:43:51] [market_data] ⚠ name 'urllib' is not defined
[2026-07-18 18:43:54] [market_data] ⚠ name 'urllib' is not defined
[2026-07-18 18:43:57] [market_data] ⚠ name 'urllib' is not defined
[2026-07-18 18:44:00] [market_data] ⚠ name 'urllib' is not defined
[2026-07-18 18:44:03] [market_data] ⚠ name 'urllib' is not defined
[2026-07-18 18:44:06] [market_data] ⚠ name 'urllib' is not defined
[2026-07-18 18:44:09] [market_data] ⚠ name 'urllib' is not defined
[2026-07-18 18:44:12] [market_data] ⚠ name 'urllib' is not defined
[2026-07-18 18:44:15] [market_data] ⚠ name 'urllib' is not defined
[2026-07-18 18:44:18] [market_data] ⚠ name 'urllib' is not defined
[2026-07-18 18:44:21] [market_data] ⚠ name 'urllib' is not defined
[2026-07-18 18:44:24] [market_data] ⚠ name 'urllib' is not defined
[2026-07-18 18:44:27] [market_data] ⚠ name 'urllib' is not defined
[2026-07-18 18:44:30] [market_data] ⚠ name 'urllib' is not defined
[2026-07-18 18:44:33] [market_data] ⚠ name 'urllib' is not defined
[2026-07-18 18:44:36] [market_data] ⚠ name 'urllib' is not defined
[2026-07-18 18:44:39] [market_data] ⚠ name 'urllib' is not defined
[2026-07-18 18:44:42] [market_data] ⚠ name 'urllib' is not defined
[2026-07-18 18:44:45] [market_data] ⚠ name 'urllib' is not defined
[2026-07-18 18:44:48] [market_data] ⚠ name 'urllib' is not defined
[2026-07-18 18:44:51] [market_data] ⚠ name 'urllib' is not defined
[2026-07-18 18:48:15] [orchestrator] restored 15 historical trades (0 today, ₹0 realized today)
[2026-07-18 18:49:25] [orchestrator] all 10 agents started on NIFTY+BANKNIFTY+FINNIFTY+SENSEX (PAPER)
[2026-07-18 18:49:25] [market_data] ⚠ Zerodha token expired — regenerate today's access token and paste it in Settings
[2026-07-18 18:49:28] [market_data] ⚠ Zerodha token expired — regenerate today's access token and paste it in Settings
[2026-07-18 18:49:31] [market_data] ⚠ Zerodha token expired — regenerate today's access token and paste it in Settings
[2026-07-18 18:49:34] [market_data] ⚠ Zerodha token expired — regenerate today's access token and paste it in Settings
[2026-07-18 18:49:38] [market_data] ⚠ Zerodha token expired — regenerate today's access token and paste it in Settings
[2026-07-18 18:49:41] [market_data] ⚠ Zerodha token expired — regenerate today's access token and paste it in Settings
[2026-07-18 18:49:44] [market_data] ⚠ Zerodha token expired — regenerate today's access token and paste it in Settings
[2026-07-18 18:49:48] [market_data] ⚠ Zerodha token expired — regenerate today's access token and paste it in Settings
[2026-07-18 18:49:50] [learning] journal: 15 trades, P&L ₹-4922
[2026-07-18 18:49:51] [market_data] ⚠ Zerodha token expired — regenerate today's access token and paste it in Settings
[2026-07-18 18:49:54] [market_data] ⚠ Zerodha token expired — regenerate today's access token and paste it in Settings
[2026-07-18 18:49:57] [market_data] ⚠ Zerodha token expired — regenerate today's access token and paste it in Settings
[2026-07-18 18:50:00] [market_data] ⚠ Zerodha token expired — regenerate today's access token and paste it in Settings
[2026-07-18 18:50:03] [market_data] ⚠ Zerodha token expired — regenerate today's access token and paste it in Settings
[2026-07-18 18:50:06] [market_data] ⚠ Zerodha token expired — regenerate today's access token and paste it in Settings
[2026-07-18 18:50:09] [market_data] ⚠ Zerodha token expired — regenerate today's access token and paste it in Settings
[2026-07-18 18:50:13] [market_data] ⚠ Zerodha token expired — regenerate today's access token and paste it in Settings
[2026-07-18 18:50:16] [market_data] ⚠ Zerodha token expired — regenerate today's access token and paste it in Settings
[2026-07-18 18:50:19] [market_data] ⚠ Zerodha token expired — regenerate today's access token and paste it in Settings
[2026-07-18 18:50:22] [market_data] ⚠ Zerodha token expired — regenerate today's access token and paste it in Settings
[2026-07-18 18:50:25] [market_data] ⚠ Zerodha token expired — regenerate today's access token and paste it in Settings
[2026-07-18 18:50:28] [market_data] ⚠ Zerodha token expired — regenerate today's access token and paste it in Settings
[2026-07-18 18:50:32] [market_data] ⚠ Zerodha token expired — regenerate today's access token and paste it in Settings
[2026-07-18 18:50:35] [market_data] ⚠ Zerodha token expired — regenerate today's access token and paste it in Settings
[2026-07-18 18:50:38] [market_data] ⚠ Zerodha token expired — regenerate today's access token and paste it in Settings
[2026-07-18 18:50:41] [market_data] ⚠ Zerodha token expired — regenerate today's access token and paste it in Settings
[2026-07-18 18:50:44] [market_data] ⚠ Zerodha token expired — regenerate today's access token and paste it in Settings
[2026-07-18 18:50:47] [market_data] ⚠ Zerodha token expired — regenerate today's access token and paste it in Settings
[2026-07-18 18:50:51] [market_data] ⚠ Zerodha token expired — regenerate today's access token and paste it in Settings
[2026-07-18 18:50:54] [market_data] ⚠ Zerodha token expired — regenerate today's access token and paste it in Settings
[2026-07-18 18:50:57] [market_data] ⚠ Zerodha token expired — regenerate today's access token and paste it in Settings
[2026-07-18 18:51:00] [market_data] ⚠ Zerodha token expired — regenerate today's access token and paste it in Settings
[2026-07-18 18:51:03] [market_data] ⚠ Zerodha token expired — regenerate today's access token and paste it in Settings
[2026-07-18 18:51:06] [market_data] ⚠ Zerodha token expired — regenerate today's access token and paste it in Settings
[2026-07-18 18:51:10] [market_data] ⚠ Zerodha token expired — regenerate today's access token and paste it in Settings
[2026-07-18 18:51:13] [market_data] ⚠ Zerodha token expired — regenerate today's access token and paste it in Settings
[2026-07-18 18:51:16] [market_data] ⚠ Zerodha token expired — regenerate today's access token and paste it in Settings
[2026-07-18 18:51:19] [market_data] ⚠ Zerodha token expired — regenerate today's access token and paste it in Settings
[2026-07-18 18:51:22] [market_data] ⚠ Zerodha token expired — regenerate today's access token and paste it in Settings
[2026-07-18 18:51:26] [market_data] ⚠ Zerodha token expired — regenerate today's access token and paste it in Settings
[2026-07-18 18:51:29] [market_data] ⚠ Zerodha token expired — regenerate today's access token and paste it in Settings
[2026-07-18 18:51:32] [market_data] ⚠ Zerodha token expired — regenerate today's access token and paste it in Settings
[2026-07-18 18:51:35] [market_data] ⚠ Zerodha token expired — regenerate today's access token and paste it in Settings
[2026-07-18 18:51:38] [market_data] ⚠ Zerodha token expired — regenerate today's access token and paste it in Settings
[2026-07-18 18:51:41] [market_data] ⚠ Zerodha token expired — regenerate today's access token and paste it in Settings
[2026-07-18 18:51:45] [market_data] ⚠ Zerodha token expired — regenerate today's access token and paste it in Settings
[2026-07-18 18:51:48] [market_data] ⚠ Zerodha token expired — regenerate today's access token and paste it in Settings
[2026-07-18 18:51:51] [market_data] ⚠ Zerodha token expired — regenerate today's access token and paste it in Settings
[2026-07-18 18:51:54] [market_data] ⚠ Zerodha token expired — regenerate today's access token and paste it in Settings
[2026-07-18 18:51:57] [market_data] ⚠ Zerodha token expired — regenerate today's access token and paste it in Settings
[2026-07-18 18:52:00] [market_data] ⚠ Zerodha token expired — regenerate today's access token and paste it in Settings
[2026-07-18 18:52:03] [market_data] ⚠ Zerodha token expired — regenerate today's access token and paste it in Settings
[2026-07-18 18:52:06] [market_data] ⚠ Zerodha token expired — regenerate today's access token and paste it in Settings
[2026-07-18 18:52:10] [market_data] ⚠ Zerodha token expired — regenerate today's access token and paste it in Settings
[2026-07-18 18:52:13] [market_data] ⚠ Zerodha token expired — regenerate today's access token and paste it in Settings
[2026-07-18 18:52:16] [market_data] ⚠ Zerodha token expired — regenerate today's access token and paste it in Settings
[2026-07-18 18:52:19] [market_data] ⚠ Zerodha token expired — regenerate today's access token and paste it in Settings
[2026-07-18 18:52:22] [market_data] ⚠ Zerodha token expired — regenerate today's access token and paste it in Settings
[2026-07-18 18:52:25] [market_data] ⚠ Zerodha token expired — regenerate today's access token and paste it in Settings
[2026-07-18 18:52:28] [market_data] ⚠ Zerodha token expired — regenerate today's access token and paste it in Settings
[2026-07-18 18:52:32] [market_data] ⚠ Zerodha token expired — regenerate today's access token and paste it in Settings
[2026-07-18 18:52:35] [market_data] ⚠ Zerodha token expired — regenerate today's access token and paste it in Settings
[2026-07-18 18:52:38] [market_data] ⚠ Zerodha token expired — regenerate today's access token and paste it in Settings
[2026-07-18 18:52:41] [market_data] ⚠ Zerodha token expired — regenerate today's access token and paste it in Settings
[2026-07-18 18:52:44] [market_data] ⚠ Zerodha token expired — regenerate today's access token and paste it in Settings
[2026-07-18 18:52:47] [market_data] ⚠ Zerodha token expired — regenerate today's access token and paste it in Settings
[2026-07-18 18:52:51] [market_data] ⚠ Zerodha token expired — regenerate today's access token and paste it in Settings
[2026-07-18 18:52:54] [market_data] ⚠ Zerodha token expired — regenerate today's access token and paste it in Settings
[2026-07-18 18:52:57] [market_data] ⚠ Zerodha token expired — regenerate today's access token and paste it in Settings
[2026-07-18 18:53:00] [market_data] ⚠ Zerodha token expired — regenerate today's access token and paste it in Settings
[2026-07-18 18:53:03] [market_data] ⚠ Zerodha token expired — regenerate today's access token and paste it in Settings
[2026-07-18 18:53:06] [market_data] ⚠ Zerodha token expired — regenerate today's access token and paste it in Settings
[2026-07-18 18:53:09] [market_data] ⚠ Zerodha token expired — regenerate today's access token and paste it in Settings
[2026-07-18 18:53:13] [market_data] ⚠ Zerodha token expired — regenerate today's access token and paste it in Settings
[2026-07-18 18:53:16] [market_data] ⚠ Zerodha token expired — regenerate today's access token and paste it in Settings
[2026-07-18 18:53:19] [market_data] ⚠ Zerodha token expired — regenerate today's access token and paste it in Settings
[2026-07-18 18:53:22] [market_data] ⚠ Zerodha token expired — regenerate today's access token and paste it in Settings
[2026-07-18 18:53:25] [market_data] ⚠ Zerodha token expired — regenerate today's access token and paste it in Settings
[2026-07-18 18:53:28] [market_data] ⚠ Zerodha token expired — regenerate today's access token and paste it in Settings
[2026-07-18 18:53:31] [market_data] ⚠ Zerodha token expired — regenerate today's access token and paste it in Settings
[2026-07-18 18:53:34] [market_data] ⚠ Zerodha token expired — regenerate today's access token and paste it in Settings
[2026-07-18 18:53:38] [market_data] ⚠ Zerodha token expired — regenerate today's access token and paste it in Settings
[2026-07-18 18:53:41] [market_data] ⚠ Zerodha token expired — regenerate today's access token and paste it in Settings
[2026-07-18 18:53:44] [market_data] ⚠ Zerodha token expired — regenerate today's access token and paste it in Settings
[2026-07-18 18:53:47] [market_data] ⚠ Zerodha token expired — regenerate today's access token and paste it in Settings
[2026-07-18 18:53:50] [market_data] ⚠ Zerodha token expired — regenerate today's access token and paste it in Settings
[2026-07-18 18:53:53] [market_data] ⚠ Zerodha token expired — regenerate today's access token and paste it in Settings
[2026-07-18 18:53:56] [market_data] ⚠ Zerodha token expired — regenerate today's access token and paste it in Settings
[2026-07-18 18:53:59] [market_data] ⚠ Zerodha token expired — regenerate today's access token and paste it in Settings
[2026-07-18 18:54:02] [market_data] ⚠ Zerodha token expired — regenerate today's access token and paste it in Settings
[2026-07-18 18:54:06] [market_data] ⚠ Zerodha token expired — regenerate today's access token and paste it in Settings
[2026-07-18 18:54:09] [market_data] ⚠ Zerodha token expired — regenerate today's access token and paste it in Settings
[2026-07-18 18:54:12] [market_data] ⚠ Zerodha token expired — regenerate today's access token and paste it in Settings
[2026-07-18 18:54:15] [market_data] ⚠ Zerodha token expired — regenerate today's access token and paste it in Settings
[2026-07-18 18:54:18] [market_data] ⚠ Zerodha token expired — regenerate today's access token and paste it in Settings
[2026-07-18 18:54:21] [market_data] ⚠ Zerodha token expired — regenerate today's access token and paste it in Settings
[2026-07-18 18:54:25] [market_data] ⚠ Zerodha token expired — regenerate today's access token and paste it in Settings
[2026-07-18 18:54:28] [market_data] ⚠ Zerodha token expired — regenerate today's access token and paste it in Settings
[2026-07-18 18:54:31] [market_data] ⚠ Zerodha token expired — regenerate today's access token and paste it in Settings
[2026-07-18 18:54:34] [market_data] ⚠ Zerodha token expired — regenerate today's access token and paste it in Settings
[2026-07-18 18:54:37] [market_data] ⚠ Zerodha token expired — regenerate today's access token and paste it in Settings
[2026-07-18 18:54:40] [market_data] ⚠ Zerodha token expired — regenerate today's access token and paste it in Settings
[2026-07-18 18:54:43] [market_data] ⚠ Zerodha token expired — regenerate today's access token and paste it in Settings
[2026-07-18 18:54:46] [market_data] ⚠ Zerodha token expired — regenerate today's access token and paste it in Settings
[2026-07-18 18:54:49] [market_data] ⚠ Zerodha token expired — regenerate today's access token and paste it in Settings
[2026-07-18 18:54:53] [market_data] ⚠ Zerodha token expired — regenerate today's access token and paste it in Settings
[2026-07-18 18:54:56] [market_data] ⚠ Zerodha token expired — regenerate today's access token and paste it in Settings
[2026-07-18 18:54:59] [market_data] ⚠ Zerodha token expired — regenerate today's access token and paste it in Settings
[2026-07-18 18:55:02] [market_data] ⚠ Zerodha token expired — regenerate today's access token and paste it in Settings
[2026-07-18 18:55:05] [market_data] ⚠ Zerodha token expired — regenerate today's access token and paste it in Settings
[2026-07-18 18:55:08] [market_data] ⚠ Zerodha token expired — regenerate today's access token and paste it in Settings
[2026-07-18 18:55:11] [market_data] ⚠ Zerodha token expired — regenerate today's access token and paste it in Settings
[2026-07-18 18:55:14] [market_data] ⚠ Zerodha token expired — regenerate today's access token and paste it in Settings
[2026-07-18 18:55:17] [market_data] ⚠ Zerodha token expired — regenerate today's access token and paste it in Settings
[2026-07-18 18:55:21] [market_data] ⚠ Zerodha token expired — regenerate today's access token and paste it in Settings
[2026-07-18 18:55:24] [market_data] ⚠ Zerodha token expired — regenerate today's access token and paste it in Settings
[2026-07-18 18:55:27] [market_data] ⚠ Zerodha token expired — regenerate today's access token and paste it in Settings
[2026-07-18 18:55:30] [market_data] ⚠ Zerodha token expired — regenerate today's access token and paste it in Settings
[2026-07-18 18:55:33] [market_data] ⚠ Zerodha token expired — regenerate today's access token and paste it in Settings
[2026-07-18 18:55:36] [market_data] ⚠ Zerodha token expired — regenerate today's access token and paste it in Settings
[2026-07-18 18:55:39] [market_data] ⚠ Zerodha token expired — regenerate today's access token and paste it in Settings
[2026-07-18 18:55:42] [market_data] ⚠ Zerodha token expired — regenerate today's access token and paste it in Settings
[2026-07-18 18:55:45] [market_data] ⚠ Zerodha token expired — regenerate today's access token and paste it in Settings
[2026-07-18 18:55:49] [market_data] ⚠ Zerodha token expired — regenerate today's access token and paste it in Settings
[2026-07-18 18:55:52] [market_data] ⚠ Zerodha token expired — regenerate today's access token and paste it in Settings
[2026-07-18 18:55:55] [market_data] ⚠ Zerodha token expired — regenerate today's access token and paste it in Settings
[2026-07-18 18:55:58] [market_data] ⚠ Zerodha token expired — regenerate today's access token and paste it in Settings
[2026-07-18 18:56:01] [market_data] ⚠ Zerodha token expired — regenerate today's access token and paste it in Settings
[2026-07-18 18:56:04] [market_data] ⚠ Zerodha token expired — regenerate today's access token and paste it in Settings
[2026-07-18 18:56:07] [market_data] ⚠ Zerodha token expired — regenerate today's access token and paste it in Settings
[2026-07-18 18:56:11] [market_data] ⚠ Zerodha token expired — regenerate today's access token and paste it in Settings
[2026-07-18 18:56:14] [market_data] ⚠ Zerodha token expired — regenerate today's access token and paste it in Settings
[2026-07-18 18:56:17] [market_data] ⚠ Zerodha token expired — regenerate today's access token and paste it in Settings
[2026-07-18 18:56:20] [market_data] ⚠ Zerodha token expired — regenerate today's access token and paste it in Settings
[2026-07-18 18:56:23] [market_data] ⚠ Zerodha token expired — regenerate today's access token and paste it in Settings
[2026-07-18 18:56:26] [market_data] ⚠ Zerodha token expired — regenerate today's access token and paste it in Settings
[2026-07-18 18:56:29] [market_data] ⚠ Zerodha token expired — regenerate today's access token and paste it in Settings
[2026-07-18 18:56:33] [market_data] ⚠ Zerodha token expired — regenerate today's access token and paste it in Settings
[2026-07-18 18:56:36] [market_data] ⚠ Zerodha token expired — regenerate today's access token and paste it in Settings
[2026-07-18 18:56:39] [market_data] ⚠ Zerodha token expired — regenerate today's access token and paste it in Settings
[2026-07-18 18:56:42] [market_data] ⚠ Zerodha token expired — regenerate today's access token and paste it in Settings
[2026-07-18 18:56:45] [market_data] ⚠ Zerodha token expired — regenerate today's access token and paste it in Settings
[2026-07-18 18:56:48] [market_data] ⚠ Zerodha token expired — regenerate today's access token and paste it in Settings
[2026-07-18 18:56:51] [market_data] ⚠ Zerodha token expired — regenerate today's access token and paste it in Settings
[2026-07-18 18:56:55] [market_data] ⚠ Zerodha token expired — regenerate today's access token and paste it in Settings
[2026-07-18 18:56:58] [market_data] ⚠ Zerodha token expired — regenerate today's access token and paste it in Settings
[2026-07-18 18:57:01] [market_data] ⚠ Zerodha token expired — regenerate today's access token and paste it in Settings
[2026-07-18 18:57:04] [market_data] ⚠ Zerodha token expired — regenerate today's access token and paste it in Settings
[2026-07-18 18:57:07] [market_data] ⚠ Zerodha token expired — regenerate today's access token and paste it in Settings
[2026-07-18 18:57:10] [market_data] ⚠ Zerodha token expired — regenerate today's access token and paste it in Settings
[2026-07-18 18:57:13] [market_data] ⚠ Zerodha token expired — regenerate today's access token and paste it in Settings
[2026-07-18 18:57:16] [market_data] ⚠ Zerodha token expired — regenerate today's access token and paste it in Settings
[2026-07-18 18:57:20] [market_data] ⚠ Zerodha token expired — regenerate today's access token and paste it in Settings
[2026-07-18 18:57:23] [market_data] ⚠ Zerodha token expired — regenerate today's access token and paste it in Settings
[2026-07-18 18:57:26] [market_data] ⚠ Zerodha token expired — regenerate today's access token and paste it in Settings
[2026-07-18 18:57:29] [market_data] ⚠ Zerodha token expired — regenerate today's access token and paste it in Settings
[2026-07-18 18:57:32] [market_data] ⚠ Zerodha token expired — regenerate today's access token and paste it in Settings
[2026-07-18 18:57:35] [market_data] ⚠ Zerodha token expired — regenerate today's access token and paste it in Settings
[2026-07-18 18:57:39] [market_data] ⚠ Zerodha token expired — regenerate today's access token and paste it in Settings
[2026-07-18 18:57:42] [market_data] ⚠ Zerodha token expired — regenerate today's access token and paste it in Settings
[2026-07-18 18:57:45] [market_data] ⚠ Zerodha token expired — regenerate today's access token and paste it in Settings
[2026-07-18 18:57:48] [market_data] ⚠ Zerodha token expired — regenerate today's access token and paste it in Settings
[2026-07-18 18:57:51] [market_data] ⚠ Zerodha token expired — regenerate today's access token and paste it in Settings
[2026-07-18 18:57:54] [market_data] ⚠ Zerodha token expired — regenerate today's access token and paste it in Settings
[2026-07-18 18:57:57] [market_data] ⚠ Zerodha token expired — regenerate today's access token and paste it in Settings
[2026-07-18 18:58:00] [market_data] ⚠ Zerodha token expired — regenerate today's access token and paste it in Settings
[2026-07-18 18:58:04] [market_data] ⚠ Zerodha token expired — regenerate today's access token and paste it in Settings
[2026-07-18 18:58:07] [market_data] ⚠ Zerodha token expired — regenerate today's access token and paste it in Settings
[2026-07-18 18:58:10] [market_data] ⚠ Zerodha token expired — regenerate today's access token and paste it in Settings
[2026-07-18 18:58:13] [market_data] ⚠ Zerodha token expired — regenerate today's access token and paste it in Settings
[2026-07-18 18:58:16] [market_data] ⚠ Zerodha token expired — regenerate today's access token and paste it in Settings
[2026-07-18 18:58:19] [market_data] ⚠ Zerodha token expired — regenerate today's access token and paste it in Settings
[2026-07-18 18:58:22] [market_data] ⚠ Zerodha token expired — regenerate today's access token and paste it in Settings
[2026-07-18 18:58:25] [market_data] ⚠ Zerodha token expired — regenerate today's access token and paste it in Settings
[2026-07-18 18:58:28] [market_data] ⚠ Zerodha token expired — regenerate today's access token and paste it in Settings
[2026-07-18 18:58:32] [market_data] ⚠ Zerodha token expired — regenerate today's access token and paste it in Settings
[2026-07-18 18:58:35] [market_data] ⚠ Zerodha token expired — regenerate today's access token and paste it in Settings
[2026-07-18 18:58:38] [market_data] ⚠ Zerodha token expired — regenerate today's access token and paste it in Settings
[2026-07-18 18:58:41] [market_data] ⚠ Zerodha token expired — regenerate today's access token and paste it in Settings
[2026-07-18 18:58:44] [market_data] ⚠ Zerodha token expired — regenerate today's access token and paste it in Settings
[2026-07-18 18:58:47] [market_data] ⚠ Zerodha token expired — regenerate today's access token and paste it in Settings
[2026-07-18 18:58:51] [market_data] ⚠ Zerodha token expired — regenerate today's access token and paste it in Settings
[2026-07-18 18:58:54] [market_data] ⚠ Zerodha token expired — regenerate today's access token and paste it in Settings
[2026-07-18 18:58:57] [market_data] ⚠ Zerodha token expired — regenerate today's access token and paste it in Settings
[2026-07-18 18:59:00] [market_data] ⚠ Zerodha token expired — regenerate today's access token and paste it in Settings
[2026-07-18 18:59:03] [market_data] ⚠ Zerodha token expired — regenerate today's access token and paste it in Settings
[2026-07-18 18:59:06] [market_data] ⚠ Zerodha token expired — regenerate today's access token and paste it in Settings
[2026-07-18 18:59:09] [market_data] ⚠ Zerodha token expired — regenerate today's access token and paste it in Settings
[2026-07-18 18:59:13] [market_data] ⚠ Zerodha token expired — regenerate today's access token and paste it in Settings
[2026-07-18 18:59:16] [market_data] ⚠ Zerodha token expired — regenerate today's access token and paste it in Settings
[2026-07-18 18:59:19] [market_data] ⚠ Zerodha token expired — regenerate today's access token and paste it in Settings
[2026-07-18 18:59:22] [market_data] ⚠ Zerodha token expired — regenerate today's access token and paste it in Settings
[2026-07-18 18:59:25] [market_data] ⚠ Zerodha token expired — regenerate today's access token and paste it in Settings
[2026-07-18 18:59:29] [market_data] ⚠ Zerodha token expired — regenerate today's access token and paste it in Settings
[2026-07-18 18:59:32] [market_data] ⚠ Zerodha token expired — regenerate today's access token and paste it in Settings
[2026-07-18 18:59:35] [market_data] ⚠ Zerodha token expired — regenerate today's access token and paste it in Settings
[2026-07-18 18:59:38] [market_data] ⚠ Zerodha token expired — regenerate today's access token and paste it in Settings
[2026-07-18 18:59:41] [market_data] ⚠ Zerodha token expired — regenerate today's access token and paste it in Settings
[2026-07-18 18:59:44] [market_data] ⚠ Zerodha token expired — regenerate today's access token and paste it in Settings
[2026-07-18 18:59:47] [market_data] ⚠ Zerodha token expired — regenerate today's access token and paste it in Settings
[2026-07-18 18:59:51] [market_data] ⚠ Zerodha token expired — regenerate today's access token and paste it in Settings
[2026-07-18 18:59:54] [market_data] ⚠ Zerodha token expired — regenerate today's access token and paste it in Settings
[2026-07-18 18:59:57] [market_data] ⚠ Zerodha token expired — regenerate today's access token and paste it in Settings
[2026-07-18 19:00:00] [market_data] ⚠ Zerodha token expired — regenerate today's access token and paste it in Settings
[2026-07-18 19:00:03] [market_data] ⚠ Zerodha token expired — regenerate today's access token and paste it in Settings
[2026-07-18 19:00:06] [market_data] ⚠ Zerodha token expired — regenerate today's access token and paste it in Settings
[2026-07-18 19:00:09] [market_data] ⚠ Zerodha token expired — regenerate today's access token and paste it in Settings
[2026-07-18 19:00:12] [market_data] ⚠ Zerodha token expired — regenerate today's access token and paste it in Settings
[2026-07-18 19:00:16] [market_data] ⚠ Zerodha token expired — regenerate today's access token and paste it in Settings
[2026-07-18 19:00:19] [market_data] ⚠ Zerodha token expired — regenerate today's access token and paste it in Settings
[2026-07-18 19:00:22] [market_data] ⚠ Zerodha token expired — regenerate today's access token and paste it in Settings
[2026-07-18 19:00:25] [market_data] ⚠ Zerodha token expired — regenerate today's access token and paste it in Settings
[2026-07-18 19:00:28] [market_data] ⚠ Zerodha token expired — regenerate today's access token and paste it in Settings
[2026-07-18 19:00:31] [market_data] ⚠ Zerodha token expired — regenerate today's access token and paste it in Settings
[2026-07-18 19:00:34] [market_data] ⚠ Zerodha token expired — regenerate today's access token and paste it in Settings
[2026-07-18 19:00:37] [market_data] ⚠ Zerodha token expired — regenerate today's access token and paste it in Settings
[2026-07-18 19:00:41] [market_data] ⚠ Zerodha token expired — regenerate today's access token and paste it in Settings
[2026-07-18 19:00:44] [market_data] ⚠ Zerodha token expired — regenerate today's access token and paste it in Settings
[2026-07-18 19:00:47] [market_data] ⚠ Zerodha token expired — regenerate today's access token and paste it in Settings
[2026-07-18 19:00:50] [market_data] ⚠ Zerodha token expired — regenerate today's access token and paste it in Settings
[2026-07-18 19:00:53] [market_data] ⚠ Zerodha token expired — regenerate today's access token and paste it in Settings
[2026-07-18 19:00:56] [market_data] ⚠ Zerodha token expired — regenerate today's access token and paste it in Settings
[2026-07-18 19:00:59] [market_data] ⚠ Zerodha token expired — regenerate today's access token and paste it in Settings
[2026-07-18 19:01:03] [market_data] ⚠ Zerodha token expired — regenerate today's access token and paste it in Settings
[2026-07-18 19:01:06] [market_data] ⚠ Zerodha token expired — regenerate today's access token and paste it in Settings
[2026-07-18 19:01:09] [market_data] ⚠ Zerodha token expired — regenerate today's access token and paste it in Settings
[2026-07-18 19:01:12] [market_data] ⚠ Zerodha token expired — regenerate today's access token and paste it in Settings
[2026-07-18 19:01:15] [market_data] ⚠ Zerodha token expired — regenerate today's access token and paste it in Settings
[2026-07-18 19:01:18] [market_data] ⚠ Zerodha token expired — regenerate today's access token and paste it in Settings
[2026-07-18 19:01:21] [market_data] ⚠ Zerodha token expired — regenerate today's access token and paste it in Settings
[2026-07-18 19:01:24] [market_data] ⚠ Zerodha token expired — regenerate today's access token and paste it in Settings
[2026-07-18 19:01:27] [market_data] ⚠ Zerodha token expired — regenerate today's access token and paste it in Settings
[2026-07-18 19:01:31] [market_data] ⚠ Zerodha token expired — regenerate today's access token and paste it in Settings
[2026-07-18 19:01:34] [market_data] ⚠ Zerodha token expired — regenerate today's access token and paste it in Settings
[2026-07-18 19:01:37] [market_data] ⚠ Zerodha token expired — regenerate today's access token and paste it in Settings
[2026-07-18 19:01:40] [market_data] ⚠ Zerodha token expired — regenerate today's access token and paste it in Settings
[2026-07-18 19:01:43] [market_data] ⚠ Zerodha token expired — regenerate today's access token and paste it in Settings
[2026-07-18 19:01:46] [market_data] ⚠ Zerodha token expired — regenerate today's access token and paste it in Settings
[2026-07-18 19:01:49] [market_data] ⚠ Zerodha token expired — regenerate today's access token and paste it in Settings
[2026-07-18 19:01:52] [market_data] ⚠ Zerodha token expired — regenerate today's access token and paste it in Settings
[2026-07-18 19:01:56] [market_data] ⚠ Zerodha token expired — regenerate today's access token and paste it in Settings
[2026-07-18 19:01:59] [market_data] ⚠ Zerodha token expired — regenerate today's access token and paste it in Settings
[2026-07-18 19:02:02] [market_data] ⚠ Zerodha token expired — regenerate today's access token and paste it in Settings
[2026-07-18 19:02:05] [market_data] ⚠ Zerodha token expired — regenerate today's access token and paste it in Settings
[2026-07-18 19:02:08] [market_data] ⚠ Zerodha token expired — regenerate today's access token and paste it in Settings
[2026-07-18 19:02:11] [market_data] ⚠ Zerodha token expired — regenerate today's access token and paste it in Settings
[2026-07-18 19:02:14] [market_data] ⚠ Zerodha token expired — regenerate today's access token and paste it in Settings
[2026-07-18 19:02:18] [market_data] ⚠ Zerodha token expired — regenerate today's access token and paste it in Settings
[2026-07-18 19:02:21] [market_data] ⚠ Zerodha token expired — regenerate today's access token and paste it in Settings
[2026-07-18 19:02:24] [market_data] ⚠ Zerodha token expired — regenerate today's access token and paste it in Settings
[2026-07-18 19:02:27] [market_data] ⚠ Zerodha token expired — regenerate today's access token and paste it in Settings
[2026-07-18 19:02:30] [market_data] ⚠ Zerodha token expired — regenerate today's access token and paste it in Settings
[2026-07-18 19:02:33] [market_data] ⚠ Zerodha token expired — regenerate today's access token and paste it in Settings
[2026-07-18 19:02:36] [market_data] ⚠ Zerodha token expired — regenerate today's access token and paste it in Settings
[2026-07-18 19:02:40] [market_data] ⚠ Zerodha token expired — regenerate today's access token and paste it in Settings
[2026-07-18 19:02:43] [market_data] ⚠ Zerodha token expired — regenerate today's access token and paste it in Settings
[2026-07-18 19:02:46] [market_data] ⚠ Zerodha token expired — regenerate today's access token and paste it in Settings
[2026-07-18 19:02:49] [market_data] ⚠ Zerodha token expired — regenerate today's access token and paste it in Settings
[2026-07-18 19:02:52] [market_data] ⚠ Zerodha token expired — regenerate today's access token and paste it in Settings
[2026-07-18 19:02:55] [market_data] ⚠ Zerodha token expired — regenerate today's access token and paste it in Settings
[2026-07-18 19:02:58] [market_data] ⚠ Zerodha token expired — regenerate today's access token and paste it in Settings
[2026-07-18 19:03:02] [market_data] ⚠ Zerodha token expired — regenerate today's access token and paste it in Settings
[2026-07-18 19:03:05] [market_data] ⚠ Zerodha token expired — regenerate today's access token and paste it in Settings
[2026-07-18 19:03:08] [market_data] ⚠ Zerodha token expired — regenerate today's access token and paste it in Settings
[2026-07-18 19:03:11] [market_data] ⚠ Zerodha token expired — regenerate today's access token and paste it in Settings
[2026-07-18 19:03:14] [market_data] ⚠ Zerodha token expired — regenerate today's access token and paste it in Settings
[2026-07-18 19:03:17] [market_data] ⚠ Zerodha token expired — regenerate today's access token and paste it in Settings
[2026-07-18 19:03:20] [market_data] ⚠ Zerodha token expired — regenerate today's access token and paste it in Settings
[2026-07-18 19:03:23] [market_data] ⚠ Zerodha token expired — regenerate today's access token and paste it in Settings
[2026-07-18 19:03:26] [market_data] ⚠ Zerodha token expired — regenerate today's access token and paste it in Settings
[2026-07-18 19:03:30] [market_data] ⚠ Zerodha token expired — regenerate today's access token and paste it in Settings
[2026-07-18 19:03:33] [market_data] ⚠ Zerodha token expired — regenerate today's access token and paste it in Settings
[2026-07-18 19:03:36] [market_data] ⚠ Zerodha token expired — regenerate today's access token and paste it in Settings
[2026-07-18 19:03:39] [market_data] ⚠ Zerodha token expired — regenerate today's access token and paste it in Settings
[2026-07-18 19:03:42] [market_data] ⚠ Zerodha token expired — regenerate today's access token and paste it in Settings
[2026-07-18 19:03:46] [market_data] ⚠ Zerodha token expired — regenerate today's access token and paste it in Settings
[2026-07-18 19:03:49] [market_data] ⚠ Zerodha token expired — regenerate today's access token and paste it in Settings
[2026-07-18 19:03:52] [market_data] ⚠ Zerodha token expired — regenerate today's access token and paste it in Settings
[2026-07-18 19:16:51] [orchestrator] restored 15 historical trades (0 today, ₹0 realized today)
[2026-07-18 19:17:08] [orchestrator] all 10 agents started on NIFTY+BANKNIFTY+FINNIFTY+SENSEX (PAPER)
[2026-07-18 19:18:08] [learning] journal: 15 trades, P&L ₹-4922
[2026-07-18 19:18:09] [news] ⚠ local: Ollama error: timed out; online: Anthropic key invalid/expired
[2026-07-19 00:05:38] [market_data] ⚠ HTTP Error 503: Service Unavailable
[2026-07-19 00:05:41] [market_data] ⚠ HTTP Error 503: Service Unavailable
[2026-07-19 00:05:44] [market_data] ⚠ HTTP Error 503: Service Unavailable
[2026-07-19 00:05:48] [market_data] ⚠ HTTP Error 503: Service Unavailable
[2026-07-19 00:05:51] [market_data] ⚠ HTTP Error 503: Service Unavailable
[2026-07-19 00:05:54] [market_data] ⚠ HTTP Error 503: Service Unavailable
[2026-07-19 03:07:46] [market_data] ⚠ [Errno 54] Connection reset by peer
[2026-07-19 04:41:09] [market_data] ⚠ Zerodha token expired — regenerate today's access token and paste it in Settings
[2026-07-19 04:57:25] [market_data] ⚠ Zerodha token expired — regenerate today's access token and paste it in Settings
[2026-07-19 04:57:28] [market_data] ⚠ Zerodha token expired — regenerate today's access token and paste it in Settings
[2026-07-19 05:14:38] [market_data] ⚠ Zerodha token expired — regenerate today's access token and paste it in Settings
[2026-07-19 05:14:41] [market_data] ⚠ Zerodha token expired — regenerate today's access token and paste it in Settings
[2026-07-19 05:29:53] [market_data] ⚠ Zerodha token expired — regenerate today's access token and paste it in Settings
[2026-07-19 05:39:38] [market_data] ⚠ Zerodha token expired — regenerate today's access token and paste it in Settings
[2026-07-19 05:39:41] [market_data] ⚠ Zerodha token expired — regenerate today's access token and paste it in Settings
[2026-07-19 05:39:45] [market_data] ⚠ Zerodha token expired — regenerate today's access token and paste it in Settings
[2026-07-19 05:39:48] [market_data] ⚠ Zerodha token expired — regenerate today's access token and paste it in Settings
[2026-07-19 05:39:51] [market_data] ⚠ Zerodha token expired — regenerate today's access token and paste it in Settings
[2026-07-19 05:39:54] [market_data] ⚠ Zerodha token expired — regenerate today's access token and paste it in Settings
[2026-07-19 05:39:57] [market_data] ⚠ Zerodha token expired — regenerate today's access token and paste it in Settings
[2026-07-19 05:40:00] [market_data] ⚠ Zerodha token expired — regenerate today's access token and paste it in Settings
[2026-07-19 05:40:03] [market_data] ⚠ Zerodha token expired — regenerate today's access token and paste it in Settings
[2026-07-19 05:40:07] [market_data] ⚠ Zerodha token expired — regenerate today's access token and paste it in Settings
[2026-07-19 05:40:10] [market_data] ⚠ Zerodha token expired — regenerate today's access token and paste it in Settings
[2026-07-19 05:40:13] [market_data] ⚠ Zerodha token expired — regenerate today's access token and paste it in Settings
[2026-07-19 05:40:16] [market_data] ⚠ Zerodha token expired — regenerate today's access token and paste it in Settings
[2026-07-19 05:40:19] [market_data] ⚠ Zerodha token expired — regenerate today's access token and paste it in Settings
[2026-07-19 05:40:22] [market_data] ⚠ Zerodha token expired — regenerate today's access token and paste it in Settings
[2026-07-19 05:56:45] [market_data] ⚠ Zerodha token expired — regenerate today's access token and paste it in Settings
[2026-07-19 05:56:48] [market_data] ⚠ Zerodha token expired — regenerate today's access token and paste it in Settings
[2026-07-19 05:56:55] [market_data] ⚠ Zerodha token expired — regenerate today's access token and paste it in Settings
[2026-07-19 05:56:59] [market_data] ⚠ Zerodha token expired — regenerate today's access token and paste it in Settings
[2026-07-19 05:57:02] [market_data] ⚠ Zerodha token expired — regenerate today's access token and paste it in Settings
[2026-07-19 05:57:05] [market_data] ⚠ Zerodha token expired — regenerate today's access token and paste it in Settings
[2026-07-19 05:57:08] [market_data] ⚠ Zerodha token expired — regenerate today's access token and paste it in Settings
[2026-07-19 05:57:11] [market_data] ⚠ Zerodha token expired — regenerate today's access token and paste it in Settings
[2026-07-19 05:57:14] [market_data] ⚠ Zerodha token expired — regenerate today's access token and paste it in Settings
[2026-07-19 05:57:18] [market_data] ⚠ Zerodha token expired — regenerate today's access token and paste it in Settings
[2026-07-19 05:57:21] [market_data] ⚠ Zerodha token expired — regenerate today's access token and paste it in Settings
[2026-07-19 05:57:24] [market_data] ⚠ Zerodha token expired — regenerate today's access token and paste it in Settings
[2026-07-19 05:57:27] [market_data] ⚠ Zerodha token expired — regenerate today's access token and paste it in Settings
[2026-07-19 05:57:30] [market_data] ⚠ Zerodha token expired — regenerate today's access token and paste it in Settings
[2026-07-19 05:57:34] [market_data] ⚠ Zerodha token expired — regenerate today's access token and paste it in Settings
[2026-07-19 05:57:37] [market_data] ⚠ Zerodha token expired — regenerate today's access token and paste it in Settings
[2026-07-19 05:57:40] [market_data] ⚠ Zerodha token expired — regenerate today's access token and paste it in Settings
[2026-07-19 06:13:21] [market_data] ⚠ Zerodha token expired — regenerate today's access token and paste it in Settings
[2026-07-19 06:13:24] [market_data] ⚠ Zerodha token expired — regenerate today's access token and paste it in Settings
[2026-07-19 06:13:27] [market_data] ⚠ Zerodha token expired — regenerate today's access token and paste it in Settings
[2026-07-19 06:13:30] [market_data] ⚠ Zerodha token expired — regenerate today's access token and paste it in Settings
[2026-07-19 06:13:34] [market_data] ⚠ Zerodha token expired — regenerate today's access token and paste it in Settings
[2026-07-19 06:13:37] [market_data] ⚠ Zerodha token expired — regenerate today's access token and paste it in Settings
[2026-07-19 06:13:40] [market_data] ⚠ Zerodha token expired — regenerate today's access token and paste it in Settings
[2026-07-19 06:13:43] [market_data] ⚠ Zerodha token expired — regenerate today's access token and paste it in Settings
[2026-07-19 06:13:46] [market_data] ⚠ Zerodha token expired — regenerate today's access token and paste it in Settings
[2026-07-19 06:13:49] [market_data] ⚠ Zerodha token expired — regenerate today's access token and paste it in Settings
[2026-07-19 06:13:52] [market_data] ⚠ Zerodha token expired — regenerate today's access token and paste it in Settings
[2026-07-19 06:13:56] [market_data] ⚠ Zerodha token expired — regenerate today's access token and paste it in Settings
[2026-07-19 06:13:59] [market_data] ⚠ Zerodha token expired — regenerate today's access token and paste it in Settings
[2026-07-19 06:14:02] [market_data] ⚠ Zerodha token expired — regenerate today's access token and paste it in Settings
[2026-07-19 06:14:05] [market_data] ⚠ Zerodha token expired — regenerate today's access token and paste it in Settings
[2026-07-19 06:16:41] [market_data] ⚠ Zerodha token expired — regenerate today's access token and paste it in Settings
[2026-07-19 06:16:44] [market_data] ⚠ Zerodha token expired — regenerate today's access token and paste it in Settings
[2026-07-19 06:16:47] [market_data] ⚠ Zerodha token expired — regenerate today's access token and paste it in Settings
[2026-07-19 06:16:51] [market_data] ⚠ Zerodha token expired — regenerate today's access token and paste it in Settings
[2026-07-19 06:16:54] [market_data] ⚠ Zerodha token expired — regenerate today's access token and paste it in Settings
[2026-07-19 06:16:57] [market_data] ⚠ Zerodha token expired — regenerate today's access token and paste it in Settings
[2026-07-19 06:17:00] [market_data] ⚠ Zerodha token expired — regenerate today's access token and paste it in Settings
[2026-07-19 06:17:03] [market_data] ⚠ Zerodha token expired — regenerate today's access token and paste it in Settings
[2026-07-19 06:17:06] [market_data] ⚠ Zerodha token expired — regenerate today's access token and paste it in Settings
[2026-07-19 06:17:09] [market_data] ⚠ Zerodha token expired — regenerate today's access token and paste it in Settings
[2026-07-19 06:17:12] [market_data] ⚠ Zerodha token expired — regenerate today's access token and paste it in Settings
[2026-07-19 06:17:15] [market_data] ⚠ Zerodha token expired — regenerate today's access token and paste it in Settings
[2026-07-19 06:17:19] [market_data] ⚠ Zerodha token expired — regenerate today's access token and paste it in Settings
[2026-07-19 06:17:22] [market_data] ⚠ Zerodha token expired — regenerate today's access token and paste it in Settings
[2026-07-19 06:17:25] [market_data] ⚠ Zerodha token expired — regenerate today's access token and paste it in Settings
[2026-07-19 06:32:31] [market_data] ⚠ Zerodha token expired — regenerate today's access token and paste it in Settings
[2026-07-19 06:46:33] [market_data] ⚠ Zerodha token expired — regenerate today's access token and paste it in Settings
[2026-07-19 06:46:36] [market_data] ⚠ Zerodha token expired — regenerate today's access token and paste it in Settings
[2026-07-19 06:46:39] [market_data] ⚠ Zerodha token expired — regenerate today's access token and paste it in Settings
[2026-07-19 06:46:42] [market_data] ⚠ Zerodha token expired — regenerate today's access token and paste it in Settings
[2026-07-19 06:46:45] [market_data] ⚠ Zerodha token expired — regenerate today's access token and paste it in Settings
[2026-07-19 06:46:48] [market_data] ⚠ Zerodha token expired — regenerate today's access token and paste it in Settings
[2026-07-19 06:46:51] [market_data] ⚠ Zerodha token expired — regenerate today's access token and paste it in Settings
[2026-07-19 06:46:55] [market_data] ⚠ Zerodha token expired — regenerate today's access token and paste it in Settings
[2026-07-19 06:46:58] [market_data] ⚠ Zerodha token expired — regenerate today's access token and paste it in Settings
[2026-07-19 06:47:01] [market_data] ⚠ Zerodha token expired — regenerate today's access token and paste it in Settings
[2026-07-19 06:47:04] [market_data] ⚠ Zerodha token expired — regenerate today's access token and paste it in Settings
[2026-07-19 06:47:07] [market_data] ⚠ Zerodha token expired — regenerate today's access token and paste it in Settings
[2026-07-19 06:47:10] [market_data] ⚠ Zerodha token expired — regenerate today's access token and paste it in Settings
[2026-07-19 06:47:13] [market_data] ⚠ Zerodha token expired — regenerate today's access token and paste it in Settings
[2026-07-19 06:47:16] [market_data] ⚠ Zerodha token expired — regenerate today's access token and paste it in Settings
[2026-07-19 06:55:41] [market_data] ⚠ Zerodha token expired — regenerate today's access token and paste it in Settings
[2026-07-19 06:55:45] [market_data] ⚠ Zerodha token expired — regenerate today's access token and paste it in Settings
[2026-07-19 06:55:48] [market_data] ⚠ Zerodha token expired — regenerate today's access token and paste it in Settings
[2026-07-19 06:55:51] [market_data] ⚠ Zerodha token expired — regenerate today's access token and paste it in Settings
[2026-07-19 06:55:54] [market_data] ⚠ Zerodha token expired — regenerate today's access token and paste it in Settings
[2026-07-19 06:55:57] [market_data] ⚠ Zerodha token expired — regenerate today's access token and paste it in Settings
[2026-07-19 06:56:00] [market_data] ⚠ Zerodha token expired — regenerate today's access token and paste it in Settings
[2026-07-19 06:56:04] [market_data] ⚠ Zerodha token expired — regenerate today's access token and paste it in Settings
[2026-07-19 06:56:07] [market_data] ⚠ Zerodha token expired — regenerate today's access token and paste it in Settings
[2026-07-19 06:56:10] [market_data] ⚠ Zerodha token expired — regenerate today's access token and paste it in Settings
[2026-07-19 06:56:13] [market_data] ⚠ Zerodha token expired — regenerate today's access token and paste it in Settings
[2026-07-19 06:56:16] [market_data] ⚠ Zerodha token expired — regenerate today's access token and paste it in Settings
[2026-07-19 06:56:19] [market_data] ⚠ Zerodha token expired — regenerate today's access token and paste it in Settings
[2026-07-19 06:56:22] [market_data] ⚠ Zerodha token expired — regenerate today's access token and paste it in Settings
[2026-07-19 06:56:26] [market_data] ⚠ Zerodha token expired — regenerate today's access token and paste it in Settings
[2026-07-19 06:58:49] [market_data] ⚠ Zerodha token expired — regenerate today's access token and paste it in Settings
[2026-07-19 06:58:52] [market_data] ⚠ Zerodha token expired — regenerate today's access token and paste it in Settings
[2026-07-19 06:58:55] [market_data] ⚠ Zerodha token expired — regenerate today's access token and paste it in Settings
[2026-07-19 06:58:58] [market_data] ⚠ Zerodha token expired — regenerate today's access token and paste it in Settings
[2026-07-19 06:59:01] [market_data] ⚠ Zerodha token expired — regenerate today's access token and paste it in Settings
[2026-07-19 06:59:05] [market_data] ⚠ Zerodha token expired — regenerate today's access token and paste it in Settings
[2026-07-19 06:59:08] [market_data] ⚠ Zerodha token expired — regenerate today's access token and paste it in Settings
[2026-07-19 06:59:11] [market_data] ⚠ Zerodha token expired — regenerate today's access token and paste it in Settings
[2026-07-19 06:59:14] [market_data] ⚠ Zerodha token expired — regenerate today's access token and paste it in Settings
[2026-07-19 06:59:17] [market_data] ⚠ Zerodha token expired — regenerate today's access token and paste it in Settings
[2026-07-19 06:59:20] [market_data] ⚠ Zerodha token expired — regenerate today's access token and paste it in Settings
[2026-07-19 06:59:23] [market_data] ⚠ Zerodha token expired — regenerate today's access token and paste it in Settings
[2026-07-19 06:59:26] [market_data] ⚠ Zerodha token expired — regenerate today's access token and paste it in Settings
[2026-07-19 06:59:30] [market_data] ⚠ Zerodha token expired — regenerate today's access token and paste it in Settings
[2026-07-19 06:59:33] [market_data] ⚠ Zerodha token expired — regenerate today's access token and paste it in Settings
[2026-07-19 07:15:05] [market_data] ⚠ Zerodha token expired — regenerate today's access token and paste it in Settings
[2026-07-19 07:15:08] [market_data] ⚠ Zerodha token expired — regenerate today's access token and paste it in Settings
[2026-07-19 07:22:27] [market_data] ⚠ Zerodha token expired — regenerate today's access token and paste it in Settings
[2026-07-19 07:22:30] [market_data] ⚠ Zerodha token expired — regenerate today's access token and paste it in Settings
[2026-07-19 07:22:33] [market_data] ⚠ Zerodha token expired — regenerate today's access token and paste it in Settings
[2026-07-19 07:22:36] [market_data] ⚠ Zerodha token expired — regenerate today's access token and paste it in Settings
[2026-07-19 07:22:39] [market_data] ⚠ Zerodha token expired — regenerate today's access token and paste it in Settings
[2026-07-19 07:22:42] [market_data] ⚠ Zerodha token expired — regenerate today's access token and paste it in Settings
[2026-07-19 07:22:46] [market_data] ⚠ Zerodha token expired — regenerate today's access token and paste it in Settings
[2026-07-19 07:22:49] [market_data] ⚠ Zerodha token expired — regenerate today's access token and paste it in Settings
[2026-07-19 07:22:52] [market_data] ⚠ Zerodha token expired — regenerate today's access token and paste it in Settings
[2026-07-19 07:22:55] [market_data] ⚠ Zerodha token expired — regenerate today's access token and paste it in Settings
[2026-07-19 07:22:58] [market_data] ⚠ Zerodha token expired — regenerate today's access token and paste it in Settings
[2026-07-19 07:23:01] [market_data] ⚠ Zerodha token expired — regenerate today's access token and paste it in Settings
[2026-07-19 07:23:04] [market_data] ⚠ Zerodha token expired — regenerate today's access token and paste it in Settings
[2026-07-19 07:23:08] [market_data] ⚠ Zerodha token expired — regenerate today's access token and paste it in Settings
[2026-07-19 07:23:11] [market_data] ⚠ Zerodha token expired — regenerate today's access token and paste it in Settings
[2026-07-19 07:38:07] [market_data] ⚠ Zerodha token expired — regenerate today's access token and paste it in Settings
[2026-07-19 07:38:10] [market_data] ⚠ Zerodha token expired — regenerate today's access token and paste it in Settings
[2026-07-19 07:38:13] [market_data] ⚠ Zerodha token expired — regenerate today's access token and paste it in Settings
[2026-07-19 07:38:17] [market_data] ⚠ Zerodha token expired — regenerate today's access token and paste it in Settings
[2026-07-19 07:38:20] [market_data] ⚠ Zerodha token expired — regenerate today's access token and paste it in Settings
[2026-07-19 07:38:23] [market_data] ⚠ Zerodha token expired — regenerate today's access token and paste it in Settings
[2026-07-19 07:38:26] [market_data] ⚠ Zerodha token expired — regenerate today's access token and paste it in Settings
[2026-07-19 07:38:29] [market_data] ⚠ Zerodha token expired — regenerate today's access token and paste it in Settings
[2026-07-19 07:38:32] [market_data] ⚠ Zerodha token expired — regenerate today's access token and paste it in Settings
[2026-07-19 07:38:35] [market_data] ⚠ Zerodha token expired — regenerate today's access token and paste it in Settings
[2026-07-19 07:38:38] [market_data] ⚠ Zerodha token expired — regenerate today's access token and paste it in Settings
[2026-07-19 07:38:42] [market_data] ⚠ Zerodha token expired — regenerate today's access token and paste it in Settings
[2026-07-19 07:38:45] [market_data] ⚠ Zerodha token expired — regenerate today's access token and paste it in Settings
[2026-07-19 07:38:48] [market_data] ⚠ Zerodha token expired — regenerate today's access token and paste it in Settings
[2026-07-19 07:38:51] [market_data] ⚠ Zerodha token expired — regenerate today's access token and paste it in Settings
[2026-07-19 07:53:59] [market_data] ⚠ Zerodha token expired — regenerate today's access token and paste it in Settings
[2026-07-19 07:54:03] [market_data] ⚠ Zerodha token expired — regenerate today's access token and paste it in Settings
[2026-07-19 07:54:06] [market_data] ⚠ Zerodha token expired — regenerate today's access token and paste it in Settings
[2026-07-19 07:54:09] [market_data] ⚠ Zerodha token expired — regenerate today's access token and paste it in Settings
[2026-07-19 07:54:12] [market_data] ⚠ Zerodha token expired — regenerate today's access token and paste it in Settings
[2026-07-19 07:54:15] [market_data] ⚠ Zerodha token expired — regenerate today's access token and paste it in Settings
[2026-07-19 07:54:19] [market_data] ⚠ Zerodha token expired — regenerate today's access token and paste it in Settings
[2026-07-19 07:54:22] [market_data] ⚠ Zerodha token expired — regenerate today's access token and paste it in Settings
[2026-07-19 07:54:25] [market_data] ⚠ Zerodha token expired — regenerate today's access token and paste it in Settings
[2026-07-19 07:54:28] [market_data] ⚠ Zerodha token expired — regenerate today's access token and paste it in Settings
[2026-07-19 07:54:31] [market_data] ⚠ Zerodha token expired — regenerate today's access token and paste it in Settings
[2026-07-19 07:54:34] [market_data] ⚠ Zerodha token expired — regenerate today's access token and paste it in Settings
[2026-07-19 07:54:38] [market_data] ⚠ Zerodha token expired — regenerate today's access token and paste it in Settings
[2026-07-19 07:54:41] [market_data] ⚠ Zerodha token expired — regenerate today's access token and paste it in Settings
[2026-07-19 08:09:56] [market_data] ⚠ Zerodha token expired — regenerate today's access token and paste it in Settings
[2026-07-19 08:09:59] [market_data] ⚠ Zerodha token expired — regenerate today's access token and paste it in Settings
[2026-07-19 08:10:03] [market_data] ⚠ Zerodha token expired — regenerate today's access token and paste it in Settings
[2026-07-19 08:10:06] [market_data] ⚠ Zerodha token expired — regenerate today's access token and paste it in Settings
[2026-07-19 08:10:10] [market_data] ⚠ Zerodha token expired — regenerate today's access token and paste it in Settings
[2026-07-19 08:10:13] [market_data] ⚠ Zerodha token expired — regenerate today's access token and paste it in Settings
[2026-07-19 08:10:16] [market_data] ⚠ Zerodha token expired — regenerate today's access token and paste it in Settings
[2026-07-19 08:10:19] [market_data] ⚠ Zerodha token expired — regenerate today's access token and paste it in Settings
[2026-07-19 08:10:22] [market_data] ⚠ Zerodha token expired — regenerate today's access token and paste it in Settings
[2026-07-19 08:10:25] [market_data] ⚠ Zerodha token expired — regenerate today's access token and paste it in Settings
[2026-07-19 08:10:29] [market_data] ⚠ Zerodha token expired — regenerate today's access token and paste it in Settings
[2026-07-19 08:10:32] [market_data] ⚠ Zerodha token expired — regenerate today's access token and paste it in Settings
[2026-07-19 08:10:35] [market_data] ⚠ Zerodha token expired — regenerate today's access token and paste it in Settings
[2026-07-19 08:10:38] [market_data] ⚠ Zerodha token expired — regenerate today's access token and paste it in Settings
[2026-07-19 08:10:41] [market_data] ⚠ Zerodha token expired — regenerate today's access token and paste it in Settings
[2026-07-19 08:10:44] [market_data] ⚠ Zerodha token expired — regenerate today's access token and paste it in Settings
[2026-07-19 08:10:47] [market_data] ⚠ Zerodha token expired — regenerate today's access token and paste it in Settings
[2026-07-19 08:14:09] [market_data] ⚠ Zerodha token expired — regenerate today's access token and paste it in Settings
[2026-07-19 08:14:13] [market_data] ⚠ Zerodha token expired — regenerate today's access token and paste it in Settings
[2026-07-19 08:14:16] [market_data] ⚠ Zerodha token expired — regenerate today's access token and paste it in Settings
[2026-07-19 08:14:19] [market_data] ⚠ Zerodha token expired — regenerate today's access token and paste it in Settings
[2026-07-19 08:14:22] [market_data] ⚠ Zerodha token expired — regenerate today's access token and paste it in Settings
[2026-07-19 08:14:25] [market_data] ⚠ Zerodha token expired — regenerate today's access token and paste it in Settings
[2026-07-19 08:14:28] [market_data] ⚠ Zerodha token expired — regenerate today's access token and paste it in Settings
[2026-07-19 08:14:31] [market_data] ⚠ Zerodha token expired — regenerate today's access token and paste it in Settings
[2026-07-19 08:14:35] [market_data] ⚠ Zerodha token expired — regenerate today's access token and paste it in Settings
[2026-07-19 08:14:38] [market_data] ⚠ Zerodha token expired — regenerate today's access token and paste it in Settings
[2026-07-19 08:14:41] [market_data] ⚠ Zerodha token expired — regenerate today's access token and paste it in Settings
[2026-07-19 08:14:44] [market_data] ⚠ Zerodha token expired — regenerate today's access token and paste it in Settings
[2026-07-19 08:14:47] [market_data] ⚠ Zerodha token expired — regenerate today's access token and paste it in Settings
[2026-07-19 08:14:50] [market_data] ⚠ Zerodha token expired — regenerate today's access token and paste it in Settings
[2026-07-19 08:14:53] [market_data] ⚠ Zerodha token expired — regenerate today's access token and paste it in Settings
[2026-07-19 08:32:17] [market_data] ⚠ Zerodha token expired — regenerate today's access token and paste it in Settings
[2026-07-19 08:32:22] [market_data] ⚠ Zerodha token expired — regenerate today's access token and paste it in Settings
[2026-07-19 08:32:25] [market_data] ⚠ Zerodha token expired — regenerate today's access token and paste it in Settings
[2026-07-19 08:32:28] [market_data] ⚠ Zerodha token expired — regenerate today's access token and paste it in Settings
[2026-07-19 08:32:31] [market_data] ⚠ Zerodha token expired — regenerate today's access token and paste it in Settings
[2026-07-19 08:32:34] [market_data] ⚠ Zerodha token expired — regenerate today's access token and paste it in Settings
[2026-07-19 08:32:37] [market_data] ⚠ Zerodha token expired — regenerate today's access token and paste it in Settings
[2026-07-19 08:32:41] [market_data] ⚠ Zerodha token expired — regenerate today's access token and paste it in Settings
[2026-07-19 08:32:44] [market_data] ⚠ Zerodha token expired — regenerate today's access token and paste it in Settings
[2026-07-19 08:32:47] [market_data] ⚠ Zerodha token expired — regenerate today's access token and paste it in Settings
[2026-07-19 08:32:50] [market_data] ⚠ Zerodha token expired — regenerate today's access token and paste it in Settings
[2026-07-19 08:32:54] [market_data] ⚠ Zerodha token expired — regenerate today's access token and paste it in Settings
[2026-07-19 08:32:57] [market_data] ⚠ Zerodha token expired — regenerate today's access token and paste it in Settings
[2026-07-19 08:33:00] [market_data] ⚠ Zerodha token expired — regenerate today's access token and paste it in Settings
[2026-07-19 08:33:03] [market_data] ⚠ Zerodha token expired — regenerate today's access token and paste it in Settings
[2026-07-19 08:33:06] [market_data] ⚠ Zerodha token expired — regenerate today's access token and paste it in Settings
[2026-07-19 08:38:59] [market_data] ⚠ Zerodha token expired — regenerate today's access token and paste it in Settings
[2026-07-19 08:39:02] [market_data] ⚠ Zerodha token expired — regenerate today's access token and paste it in Settings
[2026-07-19 08:39:06] [market_data] ⚠ Zerodha token expired — regenerate today's access token and paste it in Settings
[2026-07-19 08:39:09] [market_data] ⚠ Zerodha token expired — regenerate today's access token and paste it in Settings
[2026-07-19 08:39:12] [market_data] ⚠ Zerodha token expired — regenerate today's access token and paste it in Settings
[2026-07-19 08:39:15] [market_data] ⚠ Zerodha token expired — regenerate today's access token and paste it in Settings
[2026-07-19 08:39:18] [market_data] ⚠ Zerodha token expired — regenerate today's access token and paste it in Settings
[2026-07-19 08:39:22] [market_data] ⚠ Zerodha token expired — regenerate today's access token and paste it in Settings
[2026-07-19 08:39:25] [market_data] ⚠ Zerodha token expired — regenerate today's access token and paste it in Settings
[2026-07-19 08:39:43] [market_data] ⚠ The read operation timed out
[2026-07-19 08:56:53] [market_data] ⚠ Zerodha token expired — regenerate today's access token and paste it in Settings
[2026-07-19 08:56:57] [market_data] ⚠ Zerodha token expired — regenerate today's access token and paste it in Settings
[2026-07-19 08:59:51] [market_data] ⚠ Zerodha token expired — regenerate today's access token and paste it in Settings
[2026-07-19 08:59:55] [market_data] ⚠ Zerodha token expired — regenerate today's access token and paste it in Settings
[2026-07-19 08:59:58] [market_data] ⚠ Zerodha token expired — regenerate today's access token and paste it in Settings
[2026-07-19 09:00:01] [market_data] ⚠ Zerodha token expired — regenerate today's access token and paste it in Settings
[2026-07-19 09:00:05] [market_data] ⚠ Zerodha token expired — regenerate today's access token and paste it in Settings
[2026-07-19 09:00:08] [market_data] ⚠ Zerodha token expired — regenerate today's access token and paste it in Settings
[2026-07-19 09:00:11] [market_data] ⚠ Zerodha token expired — regenerate today's access token and paste it in Settings
[2026-07-19 09:00:15] [market_data] ⚠ Zerodha token expired — regenerate today's access token and paste it in Settings
[2026-07-19 09:00:18] [market_data] ⚠ Zerodha token expired — regenerate today's access token and paste it in Settings
[2026-07-19 09:00:21] [market_data] ⚠ Zerodha token expired — regenerate today's access token and paste it in Settings
[2026-07-19 09:00:25] [market_data] ⚠ Zerodha token expired — regenerate today's access token and paste it in Settings
[2026-07-19 09:00:28] [market_data] ⚠ Zerodha token expired — regenerate today's access token and paste it in Settings
[2026-07-19 09:00:31] [market_data] ⚠ Zerodha token expired — regenerate today's access token and paste it in Settings
[2026-07-19 09:00:34] [market_data] ⚠ Zerodha token expired — regenerate today's access token and paste it in Settings
[2026-07-19 09:04:34] [market_data] ⚠ Zerodha token expired — regenerate today's access token and paste it in Settings
[2026-07-19 09:04:37] [market_data] ⚠ Zerodha token expired — regenerate today's access token and paste it in Settings
[2026-07-19 09:04:41] [market_data] ⚠ Zerodha token expired — regenerate today's access token and paste it in Settings
[2026-07-19 09:04:44] [market_data] ⚠ Zerodha token expired — regenerate today's access token and paste it in Settings
[2026-07-19 09:04:47] [market_data] ⚠ Zerodha token expired — regenerate today's access token and paste it in Settings
[2026-07-19 09:04:50] [market_data] ⚠ Zerodha token expired — regenerate today's access token and paste it in Settings
[2026-07-19 09:04:54] [market_data] ⚠ Zerodha token expired — regenerate today's access token and paste it in Settings
[2026-07-19 09:04:57] [market_data] ⚠ Zerodha token expired — regenerate today's access token and paste it in Settings
[2026-07-19 09:05:00] [market_data] ⚠ Zerodha token expired — regenerate today's access token and paste it in Settings
[2026-07-19 09:05:04] [market_data] ⚠ Zerodha token expired — regenerate today's access token and paste it in Settings
[2026-07-19 09:05:07] [market_data] ⚠ Zerodha token expired — regenerate today's access token and paste it in Settings
[2026-07-19 09:05:10] [market_data] ⚠ Zerodha token expired — regenerate today's access token and paste it in Settings
[2026-07-19 09:05:13] [market_data] ⚠ Zerodha token expired — regenerate today's access token and paste it in Settings
[2026-07-19 09:05:17] [market_data] ⚠ Zerodha token expired — regenerate today's access token and paste it in Settings
[2026-07-19 09:12:48] [market_data] ⚠ Zerodha token expired — regenerate today's access token and paste it in Settings
[2026-07-19 09:12:51] [market_data] ⚠ Zerodha token expired — regenerate today's access token and paste it in Settings
[2026-07-19 09:12:54] [market_data] ⚠ Zerodha token expired — regenerate today's access token and paste it in Settings
[2026-07-19 09:12:57] [market_data] ⚠ Zerodha token expired — regenerate today's access token and paste it in Settings
[2026-07-19 09:13:01] [market_data] ⚠ Zerodha token expired — regenerate today's access token and paste it in Settings
[2026-07-19 09:13:04] [market_data] ⚠ Zerodha token expired — regenerate today's access token and paste it in Settings
[2026-07-19 09:13:08] [market_data] ⚠ Zerodha token expired — regenerate today's access token and paste it in Settings
[2026-07-19 09:13:11] [market_data] ⚠ Zerodha token expired — regenerate today's access token and paste it in Settings
[2026-07-19 09:13:14] [market_data] ⚠ Zerodha token expired — regenerate today's access token and paste it in Settings
[2026-07-19 09:13:17] [market_data] ⚠ Zerodha token expired — regenerate today's access token and paste it in Settings
[2026-07-19 09:13:21] [market_data] ⚠ Zerodha token expired — regenerate today's access token and paste it in Settings
[2026-07-19 09:13:24] [market_data] ⚠ Zerodha token expired — regenerate today's access token and paste it in Settings
[2026-07-19 09:13:27] [market_data] ⚠ Zerodha token expired — regenerate today's access token and paste it in Settings
[2026-07-19 09:18:40] [market_data] ⚠ Zerodha token expired — regenerate today's access token and paste it in Settings
[2026-07-19 09:18:44] [market_data] ⚠ Zerodha token expired — regenerate today's access token and paste it in Settings
[2026-07-19 09:18:47] [market_data] ⚠ Zerodha token expired — regenerate today's access token and paste it in Settings
[2026-07-19 09:18:50] [market_data] ⚠ Zerodha token expired — regenerate today's access token and paste it in Settings
[2026-07-19 09:18:54] [market_data] ⚠ Zerodha token expired — regenerate today's access token and paste it in Settings
[2026-07-19 09:18:57] [market_data] ⚠ Zerodha token expired — regenerate today's access token and paste it in Settings
[2026-07-19 09:19:01] [market_data] ⚠ Zerodha token expired — regenerate today's access token and paste it in Settings
[2026-07-19 09:19:04] [market_data] ⚠ Zerodha token expired — regenerate today's access token and paste it in Settings
[2026-07-19 09:19:07] [market_data] ⚠ Zerodha token expired — regenerate today's access token and paste it in Settings
[2026-07-19 09:19:11] [market_data] ⚠ Zerodha token expired — regenerate today's access token and paste it in Settings
[2026-07-19 09:19:14] [market_data] ⚠ Zerodha token expired — regenerate today's access token and paste it in Settings
[2026-07-19 09:19:17] [market_data] ⚠ Zerodha token expired — regenerate today's access token and paste it in Settings
[2026-07-19 09:19:20] [market_data] ⚠ Zerodha token expired — regenerate today's access token and paste it in Settings
[2026-07-19 09:19:24] [market_data] ⚠ Zerodha token expired — regenerate today's access token and paste it in Settings
[2026-07-19 09:32:44] [market_data] ⚠ Zerodha token expired — regenerate today's access token and paste it in Settings
[2026-07-19 09:32:47] [market_data] ⚠ Zerodha token expired — regenerate today's access token and paste it in Settings
[2026-07-19 09:32:51] [market_data] ⚠ Zerodha token expired — regenerate today's access token and paste it in Settings
[2026-07-19 09:32:54] [market_data] ⚠ Zerodha token expired — regenerate today's access token and paste it in Settings
[2026-07-19 09:32:57] [market_data] ⚠ Zerodha token expired — regenerate today's access token and paste it in Settings
[2026-07-19 09:33:01] [market_data] ⚠ Zerodha token expired — regenerate today's access token and paste it in Settings
[2026-07-19 09:33:04] [market_data] ⚠ Zerodha token expired — regenerate today's access token and paste it in Settings
[2026-07-19 09:33:07] [market_data] ⚠ Zerodha token expired — regenerate today's access token and paste it in Settings
[2026-07-19 09:33:11] [market_data] ⚠ Zerodha token expired — regenerate today's access token and paste it in Settings
[2026-07-19 09:33:14] [market_data] ⚠ Zerodha token expired — regenerate today's access token and paste it in Settings
[2026-07-19 09:33:17] [market_data] ⚠ Zerodha token expired — regenerate today's access token and paste it in Settings
[2026-07-19 09:33:21] [market_data] ⚠ Zerodha token expired — regenerate today's access token and paste it in Settings
[2026-07-19 09:33:24] [market_data] ⚠ Zerodha token expired — regenerate today's access token and paste it in Settings
[2026-07-19 09:33:27] [market_data] ⚠ Zerodha token expired — regenerate today's access token and paste it in Settings
[2026-07-19 09:47:37] [market_data] ⚠ Zerodha token expired — regenerate today's access token and paste it in Settings
[2026-07-19 09:47:40] [market_data] ⚠ Zerodha token expired — regenerate today's access token and paste it in Settings
[2026-07-19 09:47:44] [market_data] ⚠ Zerodha token expired — regenerate today's access token and paste it in Settings
[2026-07-19 09:47:47] [market_data] ⚠ Zerodha token expired — regenerate today's access token and paste it in Settings
[2026-07-19 09:47:50] [market_data] ⚠ Zerodha token expired — regenerate today's access token and paste it in Settings
[2026-07-19 09:47:54] [market_data] ⚠ Zerodha token expired — regenerate today's access token and paste it in Settings
[2026-07-19 09:47:57] [market_data] ⚠ Zerodha token expired — regenerate today's access token and paste it in Settings
[2026-07-19 09:48:00] [market_data] ⚠ Zerodha token expired — regenerate today's access token and paste it in Settings
[2026-07-19 09:48:04] [market_data] ⚠ Zerodha token expired — regenerate today's access token and paste it in Settings
[2026-07-19 09:48:07] [market_data] ⚠ Zerodha token expired — regenerate today's access token and paste it in Settings
[2026-07-19 09:48:10] [market_data] ⚠ Zerodha token expired — regenerate today's access token and paste it in Settings
[2026-07-19 09:48:13] [market_data] ⚠ Zerodha token expired — regenerate today's access token and paste it in Settings
[2026-07-19 09:48:17] [market_data] ⚠ Zerodha token expired — regenerate today's access token and paste it in Settings
[2026-07-19 09:48:20] [market_data] ⚠ Zerodha token expired — regenerate today's access token and paste it in Settings
[2026-07-19 10:00:49] [market_data] ⚠ Zerodha token expired — regenerate today's access token and paste it in Settings
[2026-07-19 10:00:52] [market_data] ⚠ Zerodha token expired — regenerate today's access token and paste it in Settings
[2026-07-19 10:00:55] [market_data] ⚠ Zerodha token expired — regenerate today's access token and paste it in Settings
[2026-07-19 10:00:59] [market_data] ⚠ Zerodha token expired — regenerate today's access token and paste it in Settings
[2026-07-19 10:01:02] [market_data] ⚠ Zerodha token expired — regenerate today's access token and paste it in Settings
[2026-07-19 10:01:05] [market_data] ⚠ Zerodha token expired — regenerate today's access token and paste it in Settings
[2026-07-19 10:01:09] [market_data] ⚠ Zerodha token expired — regenerate today's access token and paste it in Settings
[2026-07-19 10:01:12] [market_data] ⚠ Zerodha token expired — regenerate today's access token and paste it in Settings
[2026-07-19 10:01:15] [market_data] ⚠ Zerodha token expired — regenerate today's access token and paste it in Settings
[2026-07-19 10:01:19] [market_data] ⚠ Zerodha token expired — regenerate today's access token and paste it in Settings
[2026-07-19 10:01:23] [market_data] ⚠ Zerodha token expired — regenerate today's access token and paste it in Settings
[2026-07-19 10:01:26] [market_data] ⚠ Zerodha token expired — regenerate today's access token and paste it in Settings
[2026-07-19 10:01:29] [market_data] ⚠ Zerodha token expired — regenerate today's access token and paste it in Settings
[2026-07-19 10:01:32] [market_data] ⚠ Zerodha token expired — regenerate today's access token and paste it in Settings
[2026-07-19 10:09:51] [market_data] ⚠ Zerodha token expired — regenerate today's access token and paste it in Settings
[2026-07-19 10:09:54] [market_data] ⚠ Zerodha token expired — regenerate today's access token and paste it in Settings
[2026-07-19 10:09:58] [market_data] ⚠ Zerodha token expired — regenerate today's access token and paste it in Settings
[2026-07-19 10:10:01] [market_data] ⚠ Zerodha token expired — regenerate today's access token and paste it in Settings
[2026-07-19 10:10:04] [market_data] ⚠ Zerodha token expired — regenerate today's access token and paste it in Settings
[2026-07-19 10:10:07] [market_data] ⚠ Zerodha token expired — regenerate today's access token and paste it in Settings
[2026-07-19 10:10:11] [market_data] ⚠ Zerodha token expired — regenerate today's access token and paste it in Settings
[2026-07-19 10:10:14] [market_data] ⚠ Zerodha token expired — regenerate today's access token and paste it in Settings
[2026-07-19 10:10:18] [market_data] ⚠ Zerodha token expired — regenerate today's access token and paste it in Settings
[2026-07-19 10:10:21] [market_data] ⚠ Zerodha token expired — regenerate today's access token and paste it in Settings
[2026-07-19 10:10:24] [market_data] ⚠ Zerodha token expired — regenerate today's access token and paste it in Settings
[2026-07-19 10:10:27] [market_data] ⚠ Zerodha token expired — regenerate today's access token and paste it in Settings
[2026-07-19 10:10:31] [market_data] ⚠ Zerodha token expired — regenerate today's access token and paste it in Settings
[2026-07-19 10:10:34] [market_data] ⚠ Zerodha token expired — regenerate today's access token and paste it in Settings
[2026-07-19 10:12:00] [market_data] ⚠ Zerodha token expired — regenerate today's access token and paste it in Settings
[2026-07-19 10:12:03] [market_data] ⚠ Zerodha token expired — regenerate today's access token and paste it in Settings
[2026-07-19 10:12:06] [market_data] ⚠ Zerodha token expired — regenerate today's access token and paste it in Settings
[2026-07-19 10:12:10] [market_data] ⚠ Zerodha token expired — regenerate today's access token and paste it in Settings
[2026-07-19 10:12:13] [market_data] ⚠ Zerodha token expired — regenerate today's access token and paste it in Settings
[2026-07-19 10:12:16] [market_data] ⚠ Zerodha token expired — regenerate today's access token and paste it in Settings
[2026-07-19 10:12:19] [market_data] ⚠ Zerodha token expired — regenerate today's access token and paste it in Settings
[2026-07-19 10:12:23] [market_data] ⚠ Zerodha token expired — regenerate today's access token and paste it in Settings
[2026-07-19 10:12:26] [market_data] ⚠ Zerodha token expired — regenerate today's access token and paste it in Settings
[2026-07-19 10:12:29] [market_data] ⚠ Zerodha token expired — regenerate today's access token and paste it in Settings
[2026-07-19 10:12:33] [market_data] ⚠ Zerodha token expired — regenerate today's access token and paste it in Settings
[2026-07-19 10:12:36] [market_data] ⚠ Zerodha token expired — regenerate today's access token and paste it in Settings
[2026-07-19 10:12:39] [market_data] ⚠ Zerodha token expired — regenerate today's access token and paste it in Settings
[2026-07-19 10:12:43] [market_data] ⚠ Zerodha token expired — regenerate today's access token and paste it in Settings
[2026-07-19 10:14:25] [market_data] ⚠ Zerodha token expired — regenerate today's access token and paste it in Settings
[2026-07-19 10:14:29] [market_data] ⚠ Zerodha token expired — regenerate today's access token and paste it in Settings
[2026-07-19 10:14:32] [market_data] ⚠ Zerodha token expired — regenerate today's access token and paste it in Settings
[2026-07-19 10:14:35] [market_data] ⚠ Zerodha token expired — regenerate today's access token and paste it in Settings
[2026-07-19 10:14:39] [market_data] ⚠ Zerodha token expired — regenerate today's access token and paste it in Settings
[2026-07-19 10:14:42] [market_data] ⚠ Zerodha token expired — regenerate today's access token and paste it in Settings
[2026-07-19 10:14:45] [market_data] ⚠ Zerodha token expired — regenerate today's access token and paste it in Settings
[2026-07-19 10:14:49] [market_data] ⚠ Zerodha token expired — regenerate today's access token and paste it in Settings
[2026-07-19 10:14:52] [market_data] ⚠ Zerodha token expired — regenerate today's access token and paste it in Settings
[2026-07-19 10:14:55] [market_data] ⚠ Zerodha token expired — regenerate today's access token and paste it in Settings
[2026-07-19 10:14:59] [market_data] ⚠ Zerodha token expired — regenerate today's access token and paste it in Settings
[2026-07-19 10:15:02] [market_data] ⚠ Zerodha token expired — regenerate today's access token and paste it in Settings
[2026-07-19 10:15:05] [market_data] ⚠ Zerodha token expired — regenerate today's access token and paste it in Settings
[2026-07-19 10:15:08] [market_data] ⚠ Zerodha token expired — regenerate today's access token and paste it in Settings
[2026-07-19 10:18:20] [market_data] ⚠ Zerodha token expired — regenerate today's access token and paste it in Settings
[2026-07-19 10:18:23] [market_data] ⚠ Zerodha token expired — regenerate today's access token and paste it in Settings
[2026-07-19 10:18:27] [market_data] ⚠ Zerodha token expired — regenerate today's access token and paste it in Settings
[2026-07-19 10:18:30] [market_data] ⚠ Zerodha token expired — regenerate today's access token and paste it in Settings
[2026-07-19 10:18:33] [market_data] ⚠ Zerodha token expired — regenerate today's access token and paste it in Settings
[2026-07-19 10:18:37] [market_data] ⚠ Zerodha token expired — regenerate today's access token and paste it in Settings
[2026-07-19 10:18:40] [market_data] ⚠ Zerodha token expired — regenerate today's access token and paste it in Settings
[2026-07-19 10:18:43] [market_data] ⚠ Zerodha token expired — regenerate today's access token and paste it in Settings
[2026-07-19 10:18:46] [market_data] ⚠ Zerodha token expired — regenerate today's access token and paste it in Settings
[2026-07-19 10:18:50] [market_data] ⚠ Zerodha token expired — regenerate today's access token and paste it in Settings
[2026-07-19 10:18:53] [market_data] ⚠ Zerodha token expired — regenerate today's access token and paste it in Settings
[2026-07-19 10:18:57] [market_data] ⚠ Zerodha token expired — regenerate today's access token and paste it in Settings
[2026-07-19 10:19:00] [market_data] ⚠ Zerodha token expired — regenerate today's access token and paste it in Settings
[2026-07-19 10:19:03] [market_data] ⚠ Zerodha token expired — regenerate today's access token and paste it in Settings
[2026-07-19 10:19:07] [market_data] ⚠ Zerodha token expired — regenerate today's access token and paste it in Settings
[2026-07-19 10:19:11] [market_data] ⚠ Zerodha token expired — regenerate today's access token and paste it in Settings
[2026-07-19 10:19:14] [market_data] ⚠ Zerodha token expired — regenerate today's access token and paste it in Settings
[2026-07-19 10:19:17] [market_data] ⚠ Zerodha token expired — regenerate today's access token and paste it in Settings
[2026-07-19 10:19:21] [market_data] ⚠ Zerodha token expired — regenerate today's access token and paste it in Settings
[2026-07-19 10:19:24] [market_data] ⚠ Zerodha token expired — regenerate today's access token and paste it in Settings
[2026-07-19 10:19:27] [market_data] ⚠ Zerodha token expired — regenerate today's access token and paste it in Settings
[2026-07-19 10:19:31] [market_data] ⚠ Zerodha token expired — regenerate today's access token and paste it in Settings
[2026-07-19 10:19:34] [market_data] ⚠ Zerodha token expired — regenerate today's access token and paste it in Settings
[2026-07-19 10:19:37] [market_data] ⚠ Zerodha token expired — regenerate today's access token and paste it in Settings
[2026-07-19 10:19:41] [market_data] ⚠ Zerodha token expired — regenerate today's access token and paste it in Settings
[2026-07-19 10:19:44] [market_data] ⚠ Zerodha token expired — regenerate today's access token and paste it in Settings
[2026-07-19 10:19:47] [market_data] ⚠ Zerodha token expired — regenerate today's access token and paste it in Settings
[2026-07-19 10:19:51] [market_data] ⚠ Zerodha token expired — regenerate today's access token and paste it in Settings
[2026-07-19 10:22:30] [market_data] ⚠ Zerodha token expired — regenerate today's access token and paste it in Settings
[2026-07-19 10:22:33] [market_data] ⚠ Zerodha token expired — regenerate today's access token and paste it in Settings
[2026-07-19 10:22:36] [market_data] ⚠ Zerodha token expired — regenerate today's access token and paste it in Settings
[2026-07-19 10:22:40] [market_data] ⚠ Zerodha token expired — regenerate today's access token and paste it in Settings
[2026-07-19 10:22:43] [market_data] ⚠ Zerodha token expired — regenerate today's access token and paste it in Settings
[2026-07-19 10:22:46] [market_data] ⚠ Zerodha token expired — regenerate today's access token and paste it in Settings
[2026-07-19 10:22:49] [market_data] ⚠ Zerodha token expired — regenerate today's access token and paste it in Settings
[2026-07-19 10:22:53] [market_data] ⚠ Zerodha token expired — regenerate today's access token and paste it in Settings
[2026-07-19 10:22:56] [market_data] ⚠ Zerodha token expired — regenerate today's access token and paste it in Settings
[2026-07-19 10:22:59] [market_data] ⚠ Zerodha token expired — regenerate today's access token and paste it in Settings
[2026-07-19 10:23:03] [market_data] ⚠ Zerodha token expired — regenerate today's access token and paste it in Settings
[2026-07-19 10:23:06] [market_data] ⚠ Zerodha token expired — regenerate today's access token and paste it in Settings
[2026-07-19 10:23:09] [market_data] ⚠ Zerodha token expired — regenerate today's access token and paste it in Settings
[2026-07-19 10:23:13] [market_data] ⚠ Zerodha token expired — regenerate today's access token and paste it in Settings
[2026-07-19 10:39:46] [market_data] ⚠ Zerodha token expired — regenerate today's access token and paste it in Settings
[2026-07-19 10:39:49] [market_data] ⚠ Zerodha token expired — regenerate today's access token and paste it in Settings
[2026-07-19 10:57:01] [market_data] ⚠ Zerodha token expired — regenerate today's access token and paste it in Settings
[2026-07-19 10:57:06] [market_data] ⚠ Zerodha token expired — regenerate today's access token and paste it in Settings
[2026-07-19 10:57:09] [market_data] ⚠ Zerodha token expired — regenerate today's access token and paste it in Settings
[2026-07-19 10:57:13] [market_data] ⚠ Zerodha token expired — regenerate today's access token and paste it in Settings
[2026-07-19 10:57:16] [market_data] ⚠ Zerodha token expired — regenerate today's access token and paste it in Settings
[2026-07-19 10:57:19] [market_data] ⚠ Zerodha token expired — regenerate today's access token and paste it in Settings
[2026-07-19 10:57:22] [market_data] ⚠ Zerodha token expired — regenerate today's access token and paste it in Settings
[2026-07-19 10:57:26] [market_data] ⚠ Zerodha token expired — regenerate today's access token and paste it in Settings
[2026-07-19 10:57:29] [market_data] ⚠ Zerodha token expired — regenerate today's access token and paste it in Settings
[2026-07-19 10:57:32] [market_data] ⚠ Zerodha token expired — regenerate today's access token and paste it in Settings
[2026-07-19 10:57:36] [market_data] ⚠ Zerodha token expired — regenerate today's access token and paste it in Settings
[2026-07-19 10:57:39] [market_data] ⚠ Zerodha token expired — regenerate today's access token and paste it in Settings
[2026-07-19 10:57:42] [market_data] ⚠ Zerodha token expired — regenerate today's access token and paste it in Settings
[2026-07-19 10:57:46] [market_data] ⚠ Zerodha token expired — regenerate today's access token and paste it in Settings
[2026-07-19 10:57:49] [market_data] ⚠ Zerodha token expired — regenerate today's access token and paste it in Settings
[2026-07-19 11:00:16] [market_data] ⚠ Zerodha token expired — regenerate today's access token and paste it in Settings
[2026-07-19 11:00:20] [market_data] ⚠ Zerodha token expired — regenerate today's access token and paste it in Settings
[2026-07-19 11:00:23] [market_data] ⚠ Zerodha token expired — regenerate today's access token and paste it in Settings
[2026-07-19 11:00:26] [market_data] ⚠ Zerodha token expired — regenerate today's access token and paste it in Settings
[2026-07-19 11:00:30] [market_data] ⚠ Zerodha token expired — regenerate today's access token and paste it in Settings
[2026-07-19 11:00:33] [market_data] ⚠ Zerodha token expired — regenerate today's access token and paste it in Settings
[2026-07-19 11:00:36] [market_data] ⚠ Zerodha token expired — regenerate today's access token and paste it in Settings
[2026-07-19 11:00:40] [market_data] ⚠ Zerodha token expired — regenerate today's access token and paste it in Settings
[2026-07-19 11:00:43] [market_data] ⚠ Zerodha token expired — regenerate today's access token and paste it in Settings
[2026-07-19 11:00:46] [market_data] ⚠ Zerodha token expired — regenerate today's access token and paste it in Settings
[2026-07-19 11:00:50] [market_data] ⚠ Zerodha token expired — regenerate today's access token and paste it in Settings
[2026-07-19 11:00:53] [market_data] ⚠ Zerodha token expired — regenerate today's access token and paste it in Settings
[2026-07-19 11:00:56] [market_data] ⚠ Zerodha token expired — regenerate today's access token and paste it in Settings
[2026-07-19 11:01:00] [market_data] ⚠ Zerodha token expired — regenerate today's access token and paste it in Settings
[2026-07-19 11:01:03] [market_data] ⚠ Zerodha token expired — regenerate today's access token and paste it in Settings
[2026-07-19 11:01:06] [market_data] ⚠ Zerodha token expired — regenerate today's access token and paste it in Settings
[2026-07-19 11:01:09] [market_data] ⚠ Zerodha token expired — regenerate today's access token and paste it in Settings
[2026-07-19 11:01:13] [market_data] ⚠ Zerodha token expired — regenerate today's access token and paste it in Settings
[2026-07-19 11:01:16] [market_data] ⚠ Zerodha token expired — regenerate today's access token and paste it in Settings
[2026-07-19 11:01:19] [market_data] ⚠ Zerodha token expired — regenerate today's access token and paste it in Settings
[2026-07-19 11:01:23] [market_data] ⚠ Zerodha token expired — regenerate today's access token and paste it in Settings
[2026-07-19 11:01:26] [market_data] ⚠ Zerodha token expired — regenerate today's access token and paste it in Settings
[2026-07-19 11:01:29] [market_data] ⚠ Zerodha token expired — regenerate today's access token and paste it in Settings
[2026-07-19 11:01:33] [market_data] ⚠ Zerodha token expired — regenerate today's access token and paste it in Settings
[2026-07-19 11:01:36] [market_data] ⚠ Zerodha token expired — regenerate today's access token and paste it in Settings
[2026-07-19 11:01:39] [market_data] ⚠ Zerodha token expired — regenerate today's access token and paste it in Settings
[2026-07-19 11:01:42] [market_data] ⚠ Zerodha token expired — regenerate today's access token and paste it in Settings
[2026-07-19 11:01:46] [market_data] ⚠ Zerodha token expired — regenerate today's access token and paste it in Settings
[2026-07-19 11:01:49] [market_data] ⚠ Zerodha token expired — regenerate today's access token and paste it in Settings
[2026-07-19 11:01:52] [market_data] ⚠ Zerodha token expired — regenerate today's access token and paste it in Settings
[2026-07-19 11:01:56] [market_data] ⚠ Zerodha token expired — regenerate today's access token and paste it in Settings
[2026-07-19 11:01:59] [market_data] ⚠ Zerodha token expired — regenerate today's access token and paste it in Settings
[2026-07-19 11:02:02] [market_data] ⚠ Zerodha token expired — regenerate today's access token and paste it in Settings
[2026-07-19 11:02:05] [market_data] ⚠ Zerodha token expired — regenerate today's access token and paste it in Settings
[2026-07-19 11:02:09] [market_data] ⚠ Zerodha token expired — regenerate today's access token and paste it in Settings
[2026-07-19 11:02:12] [market_data] ⚠ Zerodha token expired — regenerate today's access token and paste it in Settings
[2026-07-19 11:02:15] [market_data] ⚠ Zerodha token expired — regenerate today's access token and paste it in Settings
[2026-07-19 11:02:19] [market_data] ⚠ Zerodha token expired — regenerate today's access token and paste it in Settings
[2026-07-19 11:02:22] [market_data] ⚠ Zerodha token expired — regenerate today's access token and paste it in Settings
[2026-07-19 11:02:25] [market_data] ⚠ Zerodha token expired — regenerate today's access token and paste it in Settings
[2026-07-19 11:02:28] [market_data] ⚠ Zerodha token expired — regenerate today's access token and paste it in Settings
[2026-07-19 11:02:32] [market_data] ⚠ Zerodha token expired — regenerate today's access token and paste it in Settings
[2026-07-19 11:02:35] [market_data] ⚠ Zerodha token expired — regenerate today's access token and paste it in Settings
[2026-07-19 11:02:38] [market_data] ⚠ Zerodha token expired — regenerate today's access token and paste it in Settings
[2026-07-19 11:02:41] [market_data] ⚠ Zerodha token expired — regenerate today's access token and paste it in Settings
[2026-07-19 11:02:45] [market_data] ⚠ Zerodha token expired — regenerate today's access token and paste it in Settings
[2026-07-19 11:02:48] [market_data] ⚠ Zerodha token expired — regenerate today's access token and paste it in Settings
[2026-07-19 11:02:51] [market_data] ⚠ Zerodha token expired — regenerate today's access token and paste it in Settings
[2026-07-19 11:02:55] [market_data] ⚠ Zerodha token expired — regenerate today's access token and paste it in Settings
[2026-07-19 11:02:58] [market_data] ⚠ Zerodha token expired — regenerate today's access token and paste it in Settings
[2026-07-19 11:03:01] [market_data] ⚠ Zerodha token expired — regenerate today's access token and paste it in Settings
[2026-07-19 11:03:04] [market_data] ⚠ Zerodha token expired — regenerate today's access token and paste it in Settings
[2026-07-19 11:03:08] [market_data] ⚠ Zerodha token expired — regenerate today's access token and paste it in Settings
[2026-07-19 11:03:11] [market_data] ⚠ Zerodha token expired — regenerate today's access token and paste it in Settings
[2026-07-19 11:03:14] [market_data] ⚠ Zerodha token expired — regenerate today's access token and paste it in Settings
[2026-07-19 11:03:18] [market_data] ⚠ Zerodha token expired — regenerate today's access token and paste it in Settings
[2026-07-19 11:03:21] [market_data] ⚠ Zerodha token expired — regenerate today's access token and paste it in Settings
[2026-07-19 11:03:24] [market_data] ⚠ Zerodha token expired — regenerate today's access token and paste it in Settings
[2026-07-19 11:03:27] [market_data] ⚠ Zerodha token expired — regenerate today's access token and paste it in Settings
[2026-07-19 11:03:37] [market_data] ⚠ Zerodha token expired — regenerate today's access token and paste it in Settings
[2026-07-19 11:03:40] [market_data] ⚠ Zerodha token expired — regenerate today's access token and paste it in Settings
[2026-07-19 11:03:44] [market_data] ⚠ Zerodha token expired — regenerate today's access token and paste it in Settings
[2026-07-19 11:03:47] [market_data] ⚠ Zerodha token expired — regenerate today's access token and paste it in Settings
[2026-07-19 11:03:51] [market_data] ⚠ Zerodha token expired — regenerate today's access token and paste it in Settings
[2026-07-19 11:03:55] [market_data] ⚠ Zerodha token expired — regenerate today's access token and paste it in Settings
[2026-07-19 11:03:58] [market_data] ⚠ Zerodha token expired — regenerate today's access token and paste it in Settings
[2026-07-19 11:04:02] [market_data] ⚠ Zerodha token expired — regenerate today's access token and paste it in Settings
[2026-07-19 11:04:05] [market_data] ⚠ Zerodha token expired — regenerate today's access token and paste it in Settings
[2026-07-19 11:04:09] [market_data] ⚠ Zerodha token expired — regenerate today's access token and paste it in Settings
[2026-07-19 11:04:12] [market_data] ⚠ Zerodha token expired — regenerate today's access token and paste it in Settings
[2026-07-19 11:04:15] [market_data] ⚠ Zerodha token expired — regenerate today's access token and paste it in Settings
[2026-07-19 11:04:19] [market_data] ⚠ Zerodha token expired — regenerate today's access token and paste it in Settings
[2026-07-19 11:04:22] [market_data] ⚠ Zerodha token expired — regenerate today's access token and paste it in Settings
[2026-07-19 11:04:25] [market_data] ⚠ Zerodha token expired — regenerate today's access token and paste it in Settings
[2026-07-19 11:04:29] [market_data] ⚠ Zerodha token expired — regenerate today's access token and paste it in Settings
[2026-07-19 11:04:32] [market_data] ⚠ Zerodha token expired — regenerate today's access token and paste it in Settings
[2026-07-19 11:04:35] [market_data] ⚠ Zerodha token expired — regenerate today's access token and paste it in Settings
[2026-07-19 11:04:39] [market_data] ⚠ Zerodha token expired — regenerate today's access token and paste it in Settings
[2026-07-19 11:04:42] [market_data] ⚠ Zerodha token expired — regenerate today's access token and paste it in Settings
[2026-07-19 11:04:46] [market_data] ⚠ Zerodha token expired — regenerate today's access token and paste it in Settings
[2026-07-19 11:04:49] [market_data] ⚠ Zerodha token expired — regenerate today's access token and paste it in Settings
[2026-07-19 11:04:52] [market_data] ⚠ Zerodha token expired — regenerate today's access token and paste it in Settings
[2026-07-19 11:04:56] [market_data] ⚠ Zerodha token expired — regenerate today's access token and paste it in Settings
[2026-07-19 11:04:59] [market_data] ⚠ Zerodha token expired — regenerate today's access token and paste it in Settings
[2026-07-19 11:05:02] [market_data] ⚠ Zerodha token expired — regenerate today's access token and paste it in Settings
[2026-07-19 11:05:06] [market_data] ⚠ Zerodha token expired — regenerate today's access token and paste it in Settings
[2026-07-19 11:05:10] [market_data] ⚠ Zerodha token expired — regenerate today's access token and paste it in Settings
[2026-07-19 11:05:13] [market_data] ⚠ Zerodha token expired — regenerate today's access token and paste it in Settings
[2026-07-19 11:05:16] [market_data] ⚠ Zerodha token expired — regenerate today's access token and paste it in Settings
[2026-07-19 11:05:20] [market_data] ⚠ Zerodha token expired — regenerate today's access token and paste it in Settings
[2026-07-19 11:05:23] [market_data] ⚠ Zerodha token expired — regenerate today's access token and paste it in Settings
[2026-07-19 11:05:26] [market_data] ⚠ Zerodha token expired — regenerate today's access token and paste it in Settings
[2026-07-19 11:05:29] [market_data] ⚠ Zerodha token expired — regenerate today's access token and paste it in Settings
[2026-07-19 11:05:34] [market_data] ⚠ Zerodha token expired — regenerate today's access token and paste it in Settings
[2026-07-19 11:05:37] [market_data] ⚠ Zerodha token expired — regenerate today's access token and paste it in Settings
[2026-07-19 11:05:40] [market_data] ⚠ Zerodha token expired — regenerate today's access token and paste it in Settings
[2026-07-19 11:05:44] [market_data] ⚠ Zerodha token expired — regenerate today's access token and paste it in Settings
[2026-07-19 11:05:47] [market_data] ⚠ Zerodha token expired — regenerate today's access token and paste it in Settings
[2026-07-19 11:05:50] [market_data] ⚠ Zerodha token expired — regenerate today's access token and paste it in Settings
[2026-07-19 11:05:54] [market_data] ⚠ Zerodha token expired — regenerate today's access token and paste it in Settings
[2026-07-19 11:05:58] [market_data] ⚠ Zerodha token expired — regenerate today's access token and paste it in Settings
[2026-07-19 11:06:01] [market_data] ⚠ Zerodha token expired — regenerate today's access token and paste it in Settings
[2026-07-19 11:06:04] [market_data] ⚠ Zerodha token expired — regenerate today's access token and paste it in Settings
[2026-07-19 11:06:08] [market_data] ⚠ Zerodha token expired — regenerate today's access token and paste it in Settings
[2026-07-19 11:06:11] [market_data] ⚠ Zerodha token expired — regenerate today's access token and paste it in Settings
[2026-07-19 11:06:15] [market_data] ⚠ Zerodha token expired — regenerate today's access token and paste it in Settings
[2026-07-19 11:06:18] [market_data] ⚠ Zerodha token expired — regenerate today's access token and paste it in Settings
[2026-07-19 11:06:22] [market_data] ⚠ Zerodha token expired — regenerate today's access token and paste it in Settings
[2026-07-19 11:06:25] [market_data] ⚠ Zerodha token expired — regenerate today's access token and paste it in Settings
[2026-07-19 11:06:28] [market_data] ⚠ Zerodha token expired — regenerate today's access token and paste it in Settings
[2026-07-19 11:06:32] [market_data] ⚠ Zerodha token expired — regenerate today's access token and paste it in Settings
[2026-07-19 11:06:35] [market_data] ⚠ Zerodha token expired — regenerate today's access token and paste it in Settings
[2026-07-19 11:06:38] [market_data] ⚠ Zerodha token expired — regenerate today's access token and paste it in Settings
[2026-07-19 11:06:42] [market_data] ⚠ Zerodha token expired — regenerate today's access token and paste it in Settings
[2026-07-19 11:06:46] [market_data] ⚠ Zerodha token expired — regenerate today's access token and paste it in Settings
[2026-07-19 11:06:50] [market_data] ⚠ Zerodha token expired — regenerate today's access token and paste it in Settings
[2026-07-19 11:06:53] [market_data] ⚠ Zerodha token expired — regenerate today's access token and paste it in Settings
[2026-07-19 11:06:57] [market_data] ⚠ Zerodha token expired — regenerate today's access token and paste it in Settings
[2026-07-19 11:07:00] [market_data] ⚠ Zerodha token expired — regenerate today's access token and paste it in Settings
[2026-07-19 11:07:03] [market_data] ⚠ Zerodha token expired — regenerate today's access token and paste it in Settings
[2026-07-19 11:07:07] [market_data] ⚠ Zerodha token expired — regenerate today's access token and paste it in Settings
[2026-07-19 11:07:10] [market_data] ⚠ Zerodha token expired — regenerate today's access token and paste it in Settings
[2026-07-19 11:07:13] [market_data] ⚠ Zerodha token expired — regenerate today's access token and paste it in Settings
[2026-07-19 11:07:17] [market_data] ⚠ Zerodha token expired — regenerate today's access token and paste it in Settings
[2026-07-19 11:07:20] [market_data] ⚠ Zerodha token expired — regenerate today's access token and paste it in Settings
[2026-07-19 11:07:23] [market_data] ⚠ Zerodha token expired — regenerate today's access token and paste it in Settings
[2026-07-19 11:07:26] [market_data] ⚠ Zerodha token expired — regenerate today's access token and paste it in Settings
[2026-07-19 11:07:30] [market_data] ⚠ Zerodha token expired — regenerate today's access token and paste it in Settings
[2026-07-19 11:07:33] [market_data] ⚠ Zerodha token expired — regenerate today's access token and paste it in Settings
[2026-07-19 11:07:36] [market_data] ⚠ Zerodha token expired — regenerate today's access token and paste it in Settings
[2026-07-19 11:07:40] [market_data] ⚠ Zerodha token expired — regenerate today's access token and paste it in Settings
[2026-07-19 11:07:43] [market_data] ⚠ Zerodha token expired — regenerate today's access token and paste it in Settings
[2026-07-19 11:07:46] [market_data] ⚠ Zerodha token expired — regenerate today's access token and paste it in Settings
[2026-07-19 11:07:50] [market_data] ⚠ Zerodha token expired — regenerate today's access token and paste it in Settings
[2026-07-19 11:07:53] [market_data] ⚠ Zerodha token expired — regenerate today's access token and paste it in Settings
[2026-07-19 11:07:57] [market_data] ⚠ Zerodha token expired — regenerate today's access token and paste it in Settings
[2026-07-19 11:08:00] [market_data] ⚠ Zerodha token expired — regenerate today's access token and paste it in Settings
[2026-07-19 11:08:03] [market_data] ⚠ Zerodha token expired — regenerate today's access token and paste it in Settings
[2026-07-19 11:08:07] [market_data] ⚠ Zerodha token expired — regenerate today's access token and paste it in Settings
[2026-07-19 11:08:10] [market_data] ⚠ Zerodha token expired — regenerate today's access token and paste it in Settings
[2026-07-19 11:08:13] [market_data] ⚠ Zerodha token expired — regenerate today's access token and paste it in Settings
[2026-07-19 11:08:17] [market_data] ⚠ Zerodha token expired — regenerate today's access token and paste it in Settings
[2026-07-19 11:08:20] [market_data] ⚠ Zerodha token expired — regenerate today's access token and paste it in Settings
[2026-07-19 11:08:23] [market_data] ⚠ Zerodha token expired — regenerate today's access token and paste it in Settings
[2026-07-19 11:08:26] [market_data] ⚠ Zerodha token expired — regenerate today's access token and paste it in Settings
[2026-07-19 11:08:30] [market_data] ⚠ Zerodha token expired — regenerate today's access token and paste it in Settings
[2026-07-19 11:08:33] [market_data] ⚠ Zerodha token expired — regenerate today's access token and paste it in Settings
[2026-07-19 11:08:36] [market_data] ⚠ Zerodha token expired — regenerate today's access token and paste it in Settings
[2026-07-19 11:08:40] [market_data] ⚠ Zerodha token expired — regenerate today's access token and paste it in Settings
[2026-07-19 11:08:43] [market_data] ⚠ Zerodha token expired — regenerate today's access token and paste it in Settings
[2026-07-19 11:08:46] [market_data] ⚠ Zerodha token expired — regenerate today's access token and paste it in Settings
[2026-07-19 11:08:49] [market_data] ⚠ Zerodha token expired — regenerate today's access token and paste it in Settings
[2026-07-19 11:08:53] [market_data] ⚠ Zerodha token expired — regenerate today's access token and paste it in Settings
[2026-07-19 11:08:56] [market_data] ⚠ Zerodha token expired — regenerate today's access token and paste it in Settings
[2026-07-19 11:08:59] [market_data] ⚠ Zerodha token expired — regenerate today's access token and paste it in Settings
[2026-07-19 11:09:03] [market_data] ⚠ Zerodha token expired — regenerate today's access token and paste it in Settings
[2026-07-19 11:09:06] [market_data] ⚠ Zerodha token expired — regenerate today's access token and paste it in Settings
[2026-07-19 11:09:09] [market_data] ⚠ Zerodha token expired — regenerate today's access token and paste it in Settings
[2026-07-19 11:09:13] [market_data] ⚠ Zerodha token expired — regenerate today's access token and paste it in Settings
[2026-07-19 11:09:16] [market_data] ⚠ Zerodha token expired — regenerate today's access token and paste it in Settings
[2026-07-19 11:09:19] [market_data] ⚠ Zerodha token expired — regenerate today's access token and paste it in Settings
[2026-07-19 11:09:22] [market_data] ⚠ Zerodha token expired — regenerate today's access token and paste it in Settings
[2026-07-19 11:09:26] [market_data] ⚠ Zerodha token expired — regenerate today's access token and paste it in Settings
[2026-07-19 11:09:29] [market_data] ⚠ Zerodha token expired — regenerate today's access token and paste it in Settings
[2026-07-19 11:09:32] [market_data] ⚠ Zerodha token expired — regenerate today's access token and paste it in Settings
[2026-07-19 11:09:36] [market_data] ⚠ Zerodha token expired — regenerate today's access token and paste it in Settings
[2026-07-19 11:09:39] [market_data] ⚠ Zerodha token expired — regenerate today's access token and paste it in Settings
[2026-07-19 11:09:42] [market_data] ⚠ Zerodha token expired — regenerate today's access token and paste it in Settings
[2026-07-19 11:09:45] [market_data] ⚠ Zerodha token expired — regenerate today's access token and paste it in Settings
[2026-07-19 11:09:49] [market_data] ⚠ Zerodha token expired — regenerate today's access token and paste it in Settings
[2026-07-19 11:09:52] [market_data] ⚠ Zerodha token expired — regenerate today's access token and paste it in Settings
[2026-07-19 11:09:55] [market_data] ⚠ Zerodha token expired — regenerate today's access token and paste it in Settings
[2026-07-19 11:09:59] [market_data] ⚠ Zerodha token expired — regenerate today's access token and paste it in Settings
[2026-07-19 11:10:02] [market_data] ⚠ Zerodha token expired — regenerate today's access token and paste it in Settings
[2026-07-19 11:10:05] [market_data] ⚠ Zerodha token expired — regenerate today's access token and paste it in Settings
[2026-07-19 11:10:08] [market_data] ⚠ Zerodha token expired — regenerate today's access token and paste it in Settings
[2026-07-19 11:10:12] [market_data] ⚠ Zerodha token expired — regenerate today's access token and paste it in Settings
[2026-07-19 11:10:15] [market_data] ⚠ Zerodha token expired — regenerate today's access token and paste it in Settings
[2026-07-19 11:10:18] [market_data] ⚠ Zerodha token expired — regenerate today's access token and paste it in Settings
[2026-07-19 11:10:22] [market_data] ⚠ Zerodha token expired — regenerate today's access token and paste it in Settings
[2026-07-19 11:10:25] [market_data] ⚠ Zerodha token expired — regenerate today's access token and paste it in Settings
[2026-07-19 11:10:28] [market_data] ⚠ Zerodha token expired — regenerate today's access token and paste it in Settings
[2026-07-19 11:10:31] [market_data] ⚠ Zerodha token expired — regenerate today's access token and paste it in Settings
[2026-07-19 11:10:35] [market_data] ⚠ Zerodha token expired — regenerate today's access token and paste it in Settings
[2026-07-19 11:10:38] [market_data] ⚠ Zerodha token expired — regenerate today's access token and paste it in Settings
[2026-07-19 11:10:41] [market_data] ⚠ Zerodha token expired — regenerate today's access token and paste it in Settings
[2026-07-19 11:10:45] [market_data] ⚠ Zerodha token expired — regenerate today's access token and paste it in Settings
[2026-07-19 11:10:48] [market_data] ⚠ Zerodha token expired — regenerate today's access token and paste it in Settings
[2026-07-19 11:10:51] [market_data] ⚠ Zerodha token expired — regenerate today's access token and paste it in Settings
[2026-07-19 11:10:54] [market_data] ⚠ Zerodha token expired — regenerate today's access token and paste it in Settings
[2026-07-19 11:10:58] [market_data] ⚠ Zerodha token expired — regenerate today's access token and paste it in Settings
[2026-07-19 11:11:01] [market_data] ⚠ Zerodha token expired — regenerate today's access token and paste it in Settings
[2026-07-19 11:11:04] [market_data] ⚠ Zerodha token expired — regenerate today's access token and paste it in Settings
[2026-07-19 11:11:08] [market_data] ⚠ Zerodha token expired — regenerate today's access token and paste it in Settings
[2026-07-19 11:11:11] [market_data] ⚠ Zerodha token expired — regenerate today's access token and paste it in Settings
[2026-07-19 11:11:14] [market_data] ⚠ Zerodha token expired — regenerate today's access token and paste it in Settings
[2026-07-19 11:11:18] [market_data] ⚠ Zerodha token expired — regenerate today's access token and paste it in Settings
[2026-07-19 11:11:21] [market_data] ⚠ Zerodha token expired — regenerate today's access token and paste it in Settings
[2026-07-19 11:11:24] [market_data] ⚠ Zerodha token expired — regenerate today's access token and paste it in Settings
[2026-07-19 11:11:28] [market_data] ⚠ Zerodha token expired — regenerate today's access token and paste it in Settings
[2026-07-19 11:11:31] [market_data] ⚠ Zerodha token expired — regenerate today's access token and paste it in Settings
[2026-07-19 11:11:35] [market_data] ⚠ Zerodha token expired — regenerate today's access token and paste it in Settings
[2026-07-19 11:11:38] [market_data] ⚠ Zerodha token expired — regenerate today's access token and paste it in Settings
[2026-07-19 11:11:41] [market_data] ⚠ Zerodha token expired — regenerate today's access token and paste it in Settings
[2026-07-19 11:11:45] [market_data] ⚠ Zerodha token expired — regenerate today's access token and paste it in Settings
[2026-07-19 11:11:48] [market_data] ⚠ Zerodha token expired — regenerate today's access token and paste it in Settings
[2026-07-19 11:11:51] [market_data] ⚠ Zerodha token expired — regenerate today's access token and paste it in Settings
[2026-07-19 11:11:55] [market_data] ⚠ Zerodha token expired — regenerate today's access token and paste it in Settings
[2026-07-19 11:11:58] [market_data] ⚠ Zerodha token expired — regenerate today's access token and paste it in Settings
[2026-07-19 11:12:02] [market_data] ⚠ Zerodha token expired — regenerate today's access token and paste it in Settings
[2026-07-19 11:12:05] [market_data] ⚠ Zerodha token expired — regenerate today's access token and paste it in Settings
[2026-07-19 11:12:08] [market_data] ⚠ Zerodha token expired — regenerate today's access token and paste it in Settings
[2026-07-19 11:12:11] [market_data] ⚠ Zerodha token expired — regenerate today's access token and paste it in Settings
[2026-07-19 11:12:15] [market_data] ⚠ Zerodha token expired — regenerate today's access token and paste it in Settings
[2026-07-19 11:12:18] [market_data] ⚠ Zerodha token expired — regenerate today's access token and paste it in Settings
[2026-07-19 11:12:21] [market_data] ⚠ Zerodha token expired — regenerate today's access token and paste it in Settings
[2026-07-19 11:12:25] [market_data] ⚠ Zerodha token expired — regenerate today's access token and paste it in Settings
[2026-07-19 11:12:28] [market_data] ⚠ Zerodha token expired — regenerate today's access token and paste it in Settings
[2026-07-19 11:12:31] [market_data] ⚠ Zerodha token expired — regenerate today's access token and paste it in Settings
[2026-07-19 11:12:35] [market_data] ⚠ Zerodha token expired — regenerate today's access token and paste it in Settings
[2026-07-19 11:12:38] [market_data] ⚠ Zerodha token expired — regenerate today's access token and paste it in Settings
[2026-07-19 11:12:42] [market_data] ⚠ Zerodha token expired — regenerate today's access token and paste it in Settings
[2026-07-19 11:12:45] [market_data] ⚠ Zerodha token expired — regenerate today's access token and paste it in Settings
[2026-07-19 11:12:49] [market_data] ⚠ Zerodha token expired — regenerate today's access token and paste it in Settings
[2026-07-19 11:12:52] [market_data] ⚠ Zerodha token expired — regenerate today's access token and paste it in Settings
[2026-07-19 11:12:55] [market_data] ⚠ Zerodha token expired — regenerate today's access token and paste it in Settings
[2026-07-19 11:12:58] [market_data] ⚠ Zerodha token expired — regenerate today's access token and paste it in Settings
[2026-07-19 11:13:02] [market_data] ⚠ Zerodha token expired — regenerate today's access token and paste it in Settings
[2026-07-19 11:13:05] [market_data] ⚠ Zerodha token expired — regenerate today's access token and paste it in Settings
[2026-07-19 11:13:08] [market_data] ⚠ Zerodha token expired — regenerate today's access token and paste it in Settings
[2026-07-19 11:13:12] [market_data] ⚠ Zerodha token expired — regenerate today's access token and paste it in Settings
[2026-07-19 11:13:15] [market_data] ⚠ Zerodha token expired — regenerate today's access token and paste it in Settings
[2026-07-19 11:13:18] [market_data] ⚠ Zerodha token expired — regenerate today's access token and paste it in Settings
[2026-07-19 11:13:22] [market_data] ⚠ Zerodha token expired — regenerate today's access token and paste it in Settings
[2026-07-19 11:13:25] [market_data] ⚠ Zerodha token expired — regenerate today's access token and paste it in Settings
[2026-07-19 11:13:28] [market_data] ⚠ Zerodha token expired — regenerate today's access token and paste it in Settings
[2026-07-19 11:13:32] [market_data] ⚠ Zerodha token expired — regenerate today's access token and paste it in Settings
[2026-07-19 11:13:35] [market_data] ⚠ Zerodha token expired — regenerate today's access token and paste it in Settings
[2026-07-19 11:13:38] [market_data] ⚠ Zerodha token expired — regenerate today's access token and paste it in Settings
[2026-07-19 11:13:42] [market_data] ⚠ Zerodha token expired — regenerate today's access token and paste it in Settings
[2026-07-19 11:13:45] [market_data] ⚠ Zerodha token expired — regenerate today's access token and paste it in Settings
[2026-07-19 11:13:48] [market_data] ⚠ Zerodha token expired — regenerate today's access token and paste it in Settings
[2026-07-19 11:13:52] [market_data] ⚠ Zerodha token expired — regenerate today's access token and paste it in Settings
[2026-07-19 11:13:55] [market_data] ⚠ Zerodha token expired — regenerate today's access token and paste it in Settings
[2026-07-19 11:13:58] [market_data] ⚠ Zerodha token expired — regenerate today's access token and paste it in Settings
[2026-07-19 11:14:01] [market_data] ⚠ Zerodha token expired — regenerate today's access token and paste it in Settings
[2026-07-19 11:14:05] [market_data] ⚠ Zerodha token expired — regenerate today's access token and paste it in Settings
[2026-07-19 11:14:08] [market_data] ⚠ Zerodha token expired — regenerate today's access token and paste it in Settings
[2026-07-19 11:14:11] [market_data] ⚠ Zerodha token expired — regenerate today's access token and paste it in Settings
[2026-07-19 11:14:15] [market_data] ⚠ Zerodha token expired — regenerate today's access token and paste it in Settings
[2026-07-19 11:14:18] [market_data] ⚠ Zerodha token expired — regenerate today's access token and paste it in Settings
[2026-07-19 11:14:21] [market_data] ⚠ Zerodha token expired — regenerate today's access token and paste it in Settings
[2026-07-19 11:14:24] [market_data] ⚠ Zerodha token expired — regenerate today's access token and paste it in Settings
[2026-07-19 11:14:28] [market_data] ⚠ Zerodha token expired — regenerate today's access token and paste it in Settings
[2026-07-19 11:14:31] [market_data] ⚠ Zerodha token expired — regenerate today's access token and paste it in Settings
[2026-07-19 11:14:34] [market_data] ⚠ Zerodha token expired — regenerate today's access token and paste it in Settings
[2026-07-19 11:14:38] [market_data] ⚠ Zerodha token expired — regenerate today's access token and paste it in Settings
[2026-07-19 11:14:41] [market_data] ⚠ Zerodha token expired — regenerate today's access token and paste it in Settings
[2026-07-19 11:14:44] [market_data] ⚠ Zerodha token expired — regenerate today's access token and paste it in Settings
[2026-07-19 11:14:48] [market_data] ⚠ Zerodha token expired — regenerate today's access token and paste it in Settings
[2026-07-19 11:14:51] [market_data] ⚠ Zerodha token expired — regenerate today's access token and paste it in Settings
[2026-07-19 11:14:55] [market_data] ⚠ Zerodha token expired — regenerate today's access token and paste it in Settings
[2026-07-19 11:14:58] [market_data] ⚠ Zerodha token expired — regenerate today's access token and paste it in Settings
[2026-07-19 11:15:01] [market_data] ⚠ Zerodha token expired — regenerate today's access token and paste it in Settings
[2026-07-19 11:15:05] [market_data] ⚠ Zerodha token expired — regenerate today's access token and paste it in Settings
[2026-07-19 11:15:08] [market_data] ⚠ Zerodha token expired — regenerate today's access token and paste it in Settings
[2026-07-19 11:15:12] [market_data] ⚠ Zerodha token expired — regenerate today's access token and paste it in Settings
[2026-07-19 11:15:15] [market_data] ⚠ Zerodha token expired — regenerate today's access token and paste it in Settings
[2026-07-19 11:15:19] [market_data] ⚠ Zerodha token expired — regenerate today's access token and paste it in Settings
[2026-07-19 11:15:22] [market_data] ⚠ Zerodha token expired — regenerate today's access token and paste it in Settings
[2026-07-19 11:15:25] [market_data] ⚠ Zerodha token expired — regenerate today's access token and paste it in Settings
[2026-07-19 11:15:29] [market_data] ⚠ Zerodha token expired — regenerate today's access token and paste it in Settings
[2026-07-19 11:15:32] [market_data] ⚠ Zerodha token expired — regenerate today's access token and paste it in Settings
[2026-07-19 11:15:35] [market_data] ⚠ Zerodha token expired — regenerate today's access token and paste it in Settings
[2026-07-19 11:15:39] [market_data] ⚠ Zerodha token expired — regenerate today's access token and paste it in Settings
[2026-07-19 11:15:42] [market_data] ⚠ Zerodha token expired — regenerate today's access token and paste it in Settings
[2026-07-19 11:15:45] [market_data] ⚠ Zerodha token expired — regenerate today's access token and paste it in Settings
[2026-07-19 11:15:48] [market_data] ⚠ Zerodha token expired — regenerate today's access token and paste it in Settings
[2026-07-19 11:15:52] [market_data] ⚠ Zerodha token expired — regenerate today's access token and paste it in Settings
[2026-07-19 11:15:55] [market_data] ⚠ Zerodha token expired — regenerate today's access token and paste it in Settings
[2026-07-19 11:15:58] [market_data] ⚠ Zerodha token expired — regenerate today's access token and paste it in Settings
[2026-07-19 11:16:02] [market_data] ⚠ Zerodha token expired — regenerate today's access token and paste it in Settings
[2026-07-19 11:16:05] [market_data] ⚠ Zerodha token expired — regenerate today's access token and paste it in Settings
[2026-07-19 11:16:09] [market_data] ⚠ Zerodha token expired — regenerate today's access token and paste it in Settings
[2026-07-19 11:16:12] [market_data] ⚠ Zerodha token expired — regenerate today's access token and paste it in Settings
[2026-07-19 11:16:15] [market_data] ⚠ Zerodha token expired — regenerate today's access token and paste it in Settings
[2026-07-19 11:16:18] [market_data] ⚠ Zerodha token expired — regenerate today's access token and paste it in Settings
[2026-07-19 11:16:22] [market_data] ⚠ Zerodha token expired — regenerate today's access token and paste it in Settings
[2026-07-19 11:16:25] [market_data] ⚠ Zerodha token expired — regenerate today's access token and paste it in Settings
[2026-07-19 11:16:28] [market_data] ⚠ Zerodha token expired — regenerate today's access token and paste it in Settings
[2026-07-19 11:16:32] [market_data] ⚠ Zerodha token expired — regenerate today's access token and paste it in Settings
[2026-07-19 11:16:35] [market_data] ⚠ Zerodha token expired — regenerate today's access token and paste it in Settings
[2026-07-19 11:16:39] [market_data] ⚠ Zerodha token expired — regenerate today's access token and paste it in Settings
[2026-07-19 11:16:42] [market_data] ⚠ Zerodha token expired — regenerate today's access token and paste it in Settings
[2026-07-19 11:16:45] [market_data] ⚠ Zerodha token expired — regenerate today's access token and paste it in Settings
[2026-07-19 11:16:49] [market_data] ⚠ Zerodha token expired — regenerate today's access token and paste it in Settings
[2026-07-19 11:16:52] [market_data] ⚠ Zerodha token expired — regenerate today's access token and paste it in Settings
[2026-07-19 11:16:56] [market_data] ⚠ Zerodha token expired — regenerate today's access token and paste it in Settings
[2026-07-19 11:16:59] [market_data] ⚠ Zerodha token expired — regenerate today's access token and paste it in Settings
[2026-07-19 11:17:02] [market_data] ⚠ Zerodha token expired — regenerate today's access token and paste it in Settings
[2026-07-19 11:17:06] [market_data] ⚠ Zerodha token expired — regenerate today's access token and paste it in Settings
[2026-07-19 11:17:09] [market_data] ⚠ Zerodha token expired — regenerate today's access token and paste it in Settings
[2026-07-19 11:17:12] [market_data] ⚠ Zerodha token expired — regenerate today's access token and paste it in Settings
[2026-07-19 11:17:16] [market_data] ⚠ Zerodha token expired — regenerate today's access token and paste it in Settings
[2026-07-19 11:17:20] [market_data] ⚠ Zerodha token expired — regenerate today's access token and paste it in Settings
[2026-07-19 11:17:23] [market_data] ⚠ Zerodha token expired — regenerate today's access token and paste it in Settings
[2026-07-19 11:17:27] [market_data] ⚠ Zerodha token expired — regenerate today's access token and paste it in Settings
[2026-07-19 11:17:30] [market_data] ⚠ Zerodha token expired — regenerate today's access token and paste it in Settings
[2026-07-19 11:17:33] [market_data] ⚠ Zerodha token expired — regenerate today's access token and paste it in Settings
[2026-07-19 11:17:37] [market_data] ⚠ Zerodha token expired — regenerate today's access token and paste it in Settings
[2026-07-19 11:17:40] [market_data] ⚠ Zerodha token expired — regenerate today's access token and paste it in Settings
[2026-07-19 11:17:43] [market_data] ⚠ Zerodha token expired — regenerate today's access token and paste it in Settings
[2026-07-19 11:17:47] [market_data] ⚠ Zerodha token expired — regenerate today's access token and paste it in Settings
[2026-07-19 11:17:50] [market_data] ⚠ Zerodha token expired — regenerate today's access token and paste it in Settings
[2026-07-19 11:17:53] [market_data] ⚠ Zerodha token expired — regenerate today's access token and paste it in Settings
[2026-07-19 11:17:57] [market_data] ⚠ Zerodha token expired — regenerate today's access token and paste it in Settings
[2026-07-19 11:18:01] [market_data] ⚠ Zerodha token expired — regenerate today's access token and paste it in Settings
[2026-07-19 11:18:08] [market_data] ⚠ Zerodha token expired — regenerate today's access token and paste it in Settings
[2026-07-19 11:18:13] [market_data] ⚠ Zerodha token expired — regenerate today's access token and paste it in Settings
[2026-07-19 11:18:18] [market_data] ⚠ Zerodha token expired — regenerate today's access token and paste it in Settings
[2026-07-19 11:18:24] [market_data] ⚠ Zerodha token expired — regenerate today's access token and paste it in Settings
[2026-07-19 11:18:29] [market_data] ⚠ Zerodha token expired — regenerate today's access token and paste it in Settings
[2026-07-19 11:18:33] [market_data] ⚠ Zerodha token expired — regenerate today's access token and paste it in Settings
[2026-07-19 11:18:36] [market_data] ⚠ Zerodha token expired — regenerate today's access token and paste it in Settings
[2026-07-19 11:18:40] [market_data] ⚠ Zerodha token expired — regenerate today's access token and paste it in Settings
[2026-07-19 11:18:44] [market_data] ⚠ Zerodha token expired — regenerate today's access token and paste it in Settings
[2026-07-19 11:18:47] [market_data] ⚠ Zerodha token expired — regenerate today's access token and paste it in Settings
[2026-07-19 11:18:50] [market_data] ⚠ Zerodha token expired — regenerate today's access token and paste it in Settings
[2026-07-19 11:18:54] [market_data] ⚠ Zerodha token expired — regenerate today's access token and paste it in Settings
[2026-07-19 11:18:57] [market_data] ⚠ Zerodha token expired — regenerate today's access token and paste it in Settings
[2026-07-19 11:19:00] [market_data] ⚠ Zerodha token expired — regenerate today's access token and paste it in Settings
[2026-07-19 11:19:04] [market_data] ⚠ Zerodha token expired — regenerate today's access token and paste it in Settings
[2026-07-19 11:19:07] [market_data] ⚠ Zerodha token expired — regenerate today's access token and paste it in Settings
[2026-07-19 11:19:10] [market_data] ⚠ Zerodha token expired — regenerate today's access token and paste it in Settings
[2026-07-19 11:19:13] [market_data] ⚠ Zerodha token expired — regenerate today's access token and paste it in Settings
[2026-07-19 11:19:17] [market_data] ⚠ Zerodha token expired — regenerate today's access token and paste it in Settings
[2026-07-19 11:19:20] [market_data] ⚠ Zerodha token expired — regenerate today's access token and paste it in Settings
[2026-07-19 11:19:23] [market_data] ⚠ Zerodha token expired — regenerate today's access token and paste it in Settings
[2026-07-19 11:19:27] [market_data] ⚠ Zerodha token expired — regenerate today's access token and paste it in Settings
[2026-07-19 11:19:30] [market_data] ⚠ Zerodha token expired — regenerate today's access token and paste it in Settings
[2026-07-19 11:19:33] [market_data] ⚠ Zerodha token expired — regenerate today's access token and paste it in Settings
[2026-07-19 11:19:37] [market_data] ⚠ Zerodha token expired — regenerate today's access token and paste it in Settings
[2026-07-19 11:19:40] [market_data] ⚠ Zerodha token expired — regenerate today's access token and paste it in Settings
[2026-07-19 11:19:43] [market_data] ⚠ Zerodha token expired — regenerate today's access token and paste it in Settings
[2026-07-19 11:19:46] [market_data] ⚠ Zerodha token expired — regenerate today's access token and paste it in Settings
[2026-07-19 11:19:50] [market_data] ⚠ Zerodha token expired — regenerate today's access token and paste it in Settings
[2026-07-19 11:19:53] [market_data] ⚠ Zerodha token expired — regenerate today's access token and paste it in Settings
[2026-07-19 11:19:56] [market_data] ⚠ Zerodha token expired — regenerate today's access token and paste it in Settings
[2026-07-19 11:20:00] [market_data] ⚠ Zerodha token expired — regenerate today's access token and paste it in Settings
[2026-07-19 11:20:03] [market_data] ⚠ Zerodha token expired — regenerate today's access token and paste it in Settings
[2026-07-19 11:20:06] [market_data] ⚠ Zerodha token expired — regenerate today's access token and paste it in Settings
[2026-07-19 11:20:10] [market_data] ⚠ Zerodha token expired — regenerate today's access token and paste it in Settings
[2026-07-19 11:20:13] [market_data] ⚠ Zerodha token expired — regenerate today's access token and paste it in Settings
[2026-07-19 11:20:16] [market_data] ⚠ Zerodha token expired — regenerate today's access token and paste it in Settings
[2026-07-19 11:20:20] [market_data] ⚠ Zerodha token expired — regenerate today's access token and paste it in Settings
[2026-07-19 11:20:23] [market_data] ⚠ Zerodha token expired — regenerate today's access token and paste it in Settings
[2026-07-19 11:20:26] [market_data] ⚠ Zerodha token expired — regenerate today's access token and paste it in Settings
[2026-07-19 11:20:30] [market_data] ⚠ Zerodha token expired — regenerate today's access token and paste it in Settings
[2026-07-19 11:20:33] [market_data] ⚠ Zerodha token expired — regenerate today's access token and paste it in Settings
[2026-07-19 11:20:36] [market_data] ⚠ Zerodha token expired — regenerate today's access token and paste it in Settings
[2026-07-19 11:20:39] [market_data] ⚠ Zerodha token expired — regenerate today's access token and paste it in Settings
[2026-07-19 11:20:43] [market_data] ⚠ Zerodha token expired — regenerate today's access token and paste it in Settings
[2026-07-19 11:20:46] [market_data] ⚠ Zerodha token expired — regenerate today's access token and paste it in Settings
[2026-07-19 11:20:49] [market_data] ⚠ Zerodha token expired — regenerate today's access token and paste it in Settings
[2026-07-19 11:20:53] [market_data] ⚠ Zerodha token expired — regenerate today's access token and paste it in Settings
[2026-07-19 11:20:56] [market_data] ⚠ Zerodha token expired — regenerate today's access token and paste it in Settings
[2026-07-19 11:20:59] [market_data] ⚠ Zerodha token expired — regenerate today's access token and paste it in Settings
[2026-07-19 11:21:03] [market_data] ⚠ Zerodha token expired — regenerate today's access token and paste it in Settings
[2026-07-19 11:21:06] [market_data] ⚠ Zerodha token expired — regenerate today's access token and paste it in Settings
[2026-07-19 11:21:10] [market_data] ⚠ Zerodha token expired — regenerate today's access token and paste it in Settings
[2026-07-19 11:21:13] [market_data] ⚠ Zerodha token expired — regenerate today's access token and paste it in Settings
[2026-07-19 11:21:17] [market_data] ⚠ Zerodha token expired — regenerate today's access token and paste it in Settings
[2026-07-19 11:21:20] [market_data] ⚠ Zerodha token expired — regenerate today's access token and paste it in Settings
[2026-07-19 11:21:23] [market_data] ⚠ Zerodha token expired — regenerate today's access token and paste it in Settings
[2026-07-19 11:21:26] [market_data] ⚠ Zerodha token expired — regenerate today's access token and paste it in Settings
[2026-07-19 11:21:30] [market_data] ⚠ Zerodha token expired — regenerate today's access token and paste it in Settings
[2026-07-19 11:21:33] [market_data] ⚠ Zerodha token expired — regenerate today's access token and paste it in Settings
[2026-07-19 11:21:36] [market_data] ⚠ Zerodha token expired — regenerate today's access token and paste it in Settings
[2026-07-19 11:21:40] [market_data] ⚠ Zerodha token expired — regenerate today's access token and paste it in Settings
[2026-07-19 11:21:43] [market_data] ⚠ Zerodha token expired — regenerate today's access token and paste it in Settings
[2026-07-19 11:21:46] [market_data] ⚠ Zerodha token expired — regenerate today's access token and paste it in Settings
[2026-07-19 11:21:50] [market_data] ⚠ Zerodha token expired — regenerate today's access token and paste it in Settings
[2026-07-19 11:21:53] [market_data] ⚠ Zerodha token expired — regenerate today's access token and paste it in Settings
[2026-07-19 11:21:56] [market_data] ⚠ Zerodha token expired — regenerate today's access token and paste it in Settings
[2026-07-19 11:22:00] [market_data] ⚠ Zerodha token expired — regenerate today's access token and paste it in Settings
[2026-07-19 11:22:03] [market_data] ⚠ Zerodha token expired — regenerate today's access token and paste it in Settings
[2026-07-19 11:22:07] [market_data] ⚠ Zerodha token expired — regenerate today's access token and paste it in Settings
[2026-07-19 11:22:10] [market_data] ⚠ Zerodha token expired — regenerate today's access token and paste it in Settings
[2026-07-19 11:22:13] [market_data] ⚠ Zerodha token expired — regenerate today's access token and paste it in Settings
[2026-07-19 11:22:17] [market_data] ⚠ Zerodha token expired — regenerate today's access token and paste it in Settings
[2026-07-19 11:22:20] [market_data] ⚠ Zerodha token expired — regenerate today's access token and paste it in Settings
[2026-07-19 11:22:23] [market_data] ⚠ Zerodha token expired — regenerate today's access token and paste it in Settings
[2026-07-19 11:22:27] [market_data] ⚠ Zerodha token expired — regenerate today's access token and paste it in Settings
[2026-07-19 11:22:30] [market_data] ⚠ Zerodha token expired — regenerate today's access token and paste it in Settings
[2026-07-19 11:22:33] [market_data] ⚠ Zerodha token expired — regenerate today's access token and paste it in Settings
[2026-07-19 11:22:37] [market_data] ⚠ Zerodha token expired — regenerate today's access token and paste it in Settings
[2026-07-19 11:22:40] [market_data] ⚠ Zerodha token expired — regenerate today's access token and paste it in Settings
[2026-07-19 11:22:43] [market_data] ⚠ Zerodha token expired — regenerate today's access token and paste it in Settings
[2026-07-19 11:22:47] [market_data] ⚠ Zerodha token expired — regenerate today's access token and paste it in Settings
[2026-07-19 11:22:50] [market_data] ⚠ Zerodha token expired — regenerate today's access token and paste it in Settings
[2026-07-19 11:22:54] [market_data] ⚠ Zerodha token expired — regenerate today's access token and paste it in Settings
[2026-07-19 11:22:57] [market_data] ⚠ Zerodha token expired — regenerate today's access token and paste it in Settings
[2026-07-19 11:23:00] [market_data] ⚠ Zerodha token expired — regenerate today's access token and paste it in Settings
[2026-07-19 11:23:04] [market_data] ⚠ Zerodha token expired — regenerate today's access token and paste it in Settings
[2026-07-19 11:23:07] [market_data] ⚠ Zerodha token expired — regenerate today's access token and paste it in Settings
[2026-07-19 11:23:11] [market_data] ⚠ Zerodha token expired — regenerate today's access token and paste it in Settings
[2026-07-19 11:23:14] [market_data] ⚠ Zerodha token expired — regenerate today's access token and paste it in Settings
[2026-07-19 11:23:17] [market_data] ⚠ Zerodha token expired — regenerate today's access token and paste it in Settings
[2026-07-19 11:23:21] [market_data] ⚠ Zerodha token expired — regenerate today's access token and paste it in Settings
[2026-07-19 11:23:24] [market_data] ⚠ Zerodha token expired — regenerate today's access token and paste it in Settings
[2026-07-19 11:23:27] [market_data] ⚠ Zerodha token expired — regenerate today's access token and paste it in Settings
[2026-07-19 11:23:30] [market_data] ⚠ Zerodha token expired — regenerate today's access token and paste it in Settings
[2026-07-19 11:23:34] [market_data] ⚠ Zerodha token expired — regenerate today's access token and paste it in Settings
[2026-07-19 11:23:37] [market_data] ⚠ Zerodha token expired — regenerate today's access token and paste it in Settings
[2026-07-19 11:23:40] [market_data] ⚠ Zerodha token expired — regenerate today's access token and paste it in Settings
[2026-07-19 11:23:44] [market_data] ⚠ Zerodha token expired — regenerate today's access token and paste it in Settings
[2026-07-19 11:23:47] [market_data] ⚠ Zerodha token expired — regenerate today's access token and paste it in Settings
[2026-07-19 11:23:50] [market_data] ⚠ Zerodha token expired — regenerate today's access token and paste it in Settings
[2026-07-19 11:23:53] [market_data] ⚠ Zerodha token expired — regenerate today's access token and paste it in Settings
[2026-07-19 11:23:57] [market_data] ⚠ Zerodha token expired — regenerate today's access token and paste it in Settings
[2026-07-19 11:24:00] [market_data] ⚠ Zerodha token expired — regenerate today's access token and paste it in Settings
[2026-07-19 11:24:03] [market_data] ⚠ Zerodha token expired — regenerate today's access token and paste it in Settings
[2026-07-19 11:24:07] [market_data] ⚠ Zerodha token expired — regenerate today's access token and paste it in Settings
[2026-07-19 11:24:10] [market_data] ⚠ Zerodha token expired — regenerate today's access token and paste it in Settings
[2026-07-19 11:24:13] [market_data] ⚠ Zerodha token expired — regenerate today's access token and paste it in Settings
[2026-07-19 11:24:16] [market_data] ⚠ Zerodha token expired — regenerate today's access token and paste it in Settings
[2026-07-19 11:24:20] [market_data] ⚠ Zerodha token expired — regenerate today's access token and paste it in Settings
[2026-07-19 11:24:23] [market_data] ⚠ Zerodha token expired — regenerate today's access token and paste it in Settings
[2026-07-19 11:24:26] [market_data] ⚠ Zerodha token expired — regenerate today's access token and paste it in Settings
[2026-07-19 11:24:30] [market_data] ⚠ Zerodha token expired — regenerate today's access token and paste it in Settings
[2026-07-19 11:24:33] [market_data] ⚠ Zerodha token expired — regenerate today's access token and paste it in Settings
[2026-07-19 11:24:37] [market_data] ⚠ Zerodha token expired — regenerate today's access token and paste it in Settings
[2026-07-19 11:24:40] [market_data] ⚠ Zerodha token expired — regenerate today's access token and paste it in Settings
[2026-07-19 11:24:43] [market_data] ⚠ Zerodha token expired — regenerate today's access token and paste it in Settings
[2026-07-19 11:24:47] [market_data] ⚠ Zerodha token expired — regenerate today's access token and paste it in Settings
[2026-07-19 11:24:50] [market_data] ⚠ Zerodha token expired — regenerate today's access token and paste it in Settings
[2026-07-19 11:24:53] [market_data] ⚠ Zerodha token expired — regenerate today's access token and paste it in Settings
[2026-07-19 11:24:57] [market_data] ⚠ Zerodha token expired — regenerate today's access token and paste it in Settings
[2026-07-19 11:25:00] [market_data] ⚠ Zerodha token expired — regenerate today's access token and paste it in Settings
[2026-07-19 11:25:03] [market_data] ⚠ Zerodha token expired — regenerate today's access token and paste it in Settings
[2026-07-19 11:25:06] [market_data] ⚠ Zerodha token expired — regenerate today's access token and paste it in Settings
[2026-07-19 11:25:10] [market_data] ⚠ Zerodha token expired — regenerate today's access token and paste it in Settings
[2026-07-19 11:25:13] [market_data] ⚠ Zerodha token expired — regenerate today's access token and paste it in Settings
[2026-07-19 11:25:16] [market_data] ⚠ Zerodha token expired — regenerate today's access token and paste it in Settings
[2026-07-19 11:25:20] [market_data] ⚠ Zerodha token expired — regenerate today's access token and paste it in Settings
[2026-07-19 11:25:23] [market_data] ⚠ Zerodha token expired — regenerate today's access token and paste it in Settings
[2026-07-19 11:25:26] [market_data] ⚠ Zerodha token expired — regenerate today's access token and paste it in Settings
[2026-07-19 11:25:29] [market_data] ⚠ Zerodha token expired — regenerate today's access token and paste it in Settings
[2026-07-19 11:25:33] [market_data] ⚠ Zerodha token expired — regenerate today's access token and paste it in Settings
[2026-07-19 11:25:36] [market_data] ⚠ Zerodha token expired — regenerate today's access token and paste it in Settings
[2026-07-19 11:25:39] [market_data] ⚠ Zerodha token expired — regenerate today's access token and paste it in Settings
[2026-07-19 11:25:43] [market_data] ⚠ Zerodha token expired — regenerate today's access token and paste it in Settings
[2026-07-19 11:25:46] [market_data] ⚠ Zerodha token expired — regenerate today's access token and paste it in Settings
[2026-07-19 11:25:49] [market_data] ⚠ Zerodha token expired — regenerate today's access token and paste it in Settings
[2026-07-19 11:25:52] [market_data] ⚠ Zerodha token expired — regenerate today's access token and paste it in Settings
[2026-07-19 11:25:56] [market_data] ⚠ Zerodha token expired — regenerate today's access token and paste it in Settings
[2026-07-19 11:25:59] [market_data] ⚠ Zerodha token expired — regenerate today's access token and paste it in Settings
[2026-07-19 11:26:02] [market_data] ⚠ Zerodha token expired — regenerate today's access token and paste it in Settings
[2026-07-19 11:26:06] [market_data] ⚠ Zerodha token expired — regenerate today's access token and paste it in Settings
[2026-07-19 11:26:09] [market_data] ⚠ Zerodha token expired — regenerate today's access token and paste it in Settings
[2026-07-19 11:26:12] [market_data] ⚠ Zerodha token expired — regenerate today's access token and paste it in Settings
[2026-07-19 11:26:16] [market_data] ⚠ Zerodha token expired — regenerate today's access token and paste it in Settings
[2026-07-19 11:26:19] [market_data] ⚠ Zerodha token expired — regenerate today's access token and paste it in Settings
[2026-07-19 11:26:22] [market_data] ⚠ Zerodha token expired — regenerate today's access token and paste it in Settings
[2026-07-19 11:26:25] [market_data] ⚠ Zerodha token expired — regenerate today's access token and paste it in Settings
[2026-07-19 11:26:29] [market_data] ⚠ Zerodha token expired — regenerate today's access token and paste it in Settings
[2026-07-19 11:26:32] [market_data] ⚠ Zerodha token expired — regenerate today's access token and paste it in Settings
[2026-07-19 11:26:35] [market_data] ⚠ Zerodha token expired — regenerate today's access token and paste it in Settings
[2026-07-19 11:26:38] [market_data] ⚠ Zerodha token expired — regenerate today's access token and paste it in Settings
[2026-07-19 11:26:42] [market_data] ⚠ Zerodha token expired — regenerate today's access token and paste it in Settings
[2026-07-19 11:26:45] [market_data] ⚠ Zerodha token expired — regenerate today's access token and paste it in Settings
[2026-07-19 11:26:48] [market_data] ⚠ Zerodha token expired — regenerate today's access token and paste it in Settings
[2026-07-19 11:26:52] [market_data] ⚠ Zerodha token expired — regenerate today's access token and paste it in Settings
[2026-07-19 11:26:55] [market_data] ⚠ Zerodha token expired — regenerate today's access token and paste it in Settings
[2026-07-19 11:26:58] [market_data] ⚠ Zerodha token expired — regenerate today's access token and paste it in Settings
[2026-07-19 11:27:01] [market_data] ⚠ Zerodha token expired — regenerate today's access token and paste it in Settings
[2026-07-19 11:27:05] [market_data] ⚠ Zerodha token expired — regenerate today's access token and paste it in Settings
[2026-07-19 11:27:08] [market_data] ⚠ Zerodha token expired — regenerate today's access token and paste it in Settings
[2026-07-19 11:27:11] [market_data] ⚠ Zerodha token expired — regenerate today's access token and paste it in Settings
[2026-07-19 11:27:15] [market_data] ⚠ Zerodha token expired — regenerate today's access token and paste it in Settings
[2026-07-19 11:27:18] [market_data] ⚠ Zerodha token expired — regenerate today's access token and paste it in Settings
[2026-07-19 11:27:21] [market_data] ⚠ Zerodha token expired — regenerate today's access token and paste it in Settings
[2026-07-19 11:27:24] [market_data] ⚠ Zerodha token expired — regenerate today's access token and paste it in Settings
[2026-07-19 11:27:28] [market_data] ⚠ Zerodha token expired — regenerate today's access token and paste it in Settings
[2026-07-19 11:27:31] [market_data] ⚠ Zerodha token expired — regenerate today's access token and paste it in Settings
[2026-07-19 11:27:34] [market_data] ⚠ Zerodha token expired — regenerate today's access token and paste it in Settings
[2026-07-19 11:27:38] [market_data] ⚠ Zerodha token expired — regenerate today's access token and paste it in Settings
[2026-07-19 11:27:41] [market_data] ⚠ Zerodha token expired — regenerate today's access token and paste it in Settings
[2026-07-19 11:27:44] [market_data] ⚠ Zerodha token expired — regenerate today's access token and paste it in Settings
[2026-07-19 11:27:48] [market_data] ⚠ Zerodha token expired — regenerate today's access token and paste it in Settings
[2026-07-19 11:27:51] [market_data] ⚠ Zerodha token expired — regenerate today's access token and paste it in Settings
[2026-07-19 11:27:54] [market_data] ⚠ Zerodha token expired — regenerate today's access token and paste it in Settings
[2026-07-19 11:27:58] [market_data] ⚠ Zerodha token expired — regenerate today's access token and paste it in Settings
[2026-07-19 11:28:01] [market_data] ⚠ Zerodha token expired — regenerate today's access token and paste it in Settings
[2026-07-19 11:28:04] [market_data] ⚠ Zerodha token expired — regenerate today's access token and paste it in Settings
[2026-07-19 11:28:07] [market_data] ⚠ Zerodha token expired — regenerate today's access token and paste it in Settings
[2026-07-19 11:28:11] [market_data] ⚠ Zerodha token expired — regenerate today's access token and paste it in Settings
[2026-07-19 11:28:14] [market_data] ⚠ Zerodha token expired — regenerate today's access token and paste it in Settings
[2026-07-19 11:28:17] [market_data] ⚠ Zerodha token expired — regenerate today's access token and paste it in Settings
[2026-07-19 11:28:21] [market_data] ⚠ Zerodha token expired — regenerate today's access token and paste it in Settings
[2026-07-19 11:28:24] [market_data] ⚠ Zerodha token expired — regenerate today's access token and paste it in Settings
[2026-07-19 11:28:27] [market_data] ⚠ Zerodha token expired — regenerate today's access token and paste it in Settings
[2026-07-19 11:28:30] [market_data] ⚠ Zerodha token expired — regenerate today's access token and paste it in Settings
[2026-07-19 11:28:34] [market_data] ⚠ Zerodha token expired — regenerate today's access token and paste it in Settings
[2026-07-19 11:28:37] [market_data] ⚠ Zerodha token expired — regenerate today's access token and paste it in Settings
[2026-07-19 11:28:40] [market_data] ⚠ Zerodha token expired — regenerate today's access token and paste it in Settings
[2026-07-19 11:28:44] [market_data] ⚠ Zerodha token expired — regenerate today's access token and paste it in Settings
[2026-07-19 11:28:47] [market_data] ⚠ Zerodha token expired — regenerate today's access token and paste it in Settings
[2026-07-19 11:28:50] [market_data] ⚠ Zerodha token expired — regenerate today's access token and paste it in Settings
[2026-07-19 11:28:54] [market_data] ⚠ Zerodha token expired — regenerate today's access token and paste it in Settings
[2026-07-19 11:28:57] [market_data] ⚠ Zerodha token expired — regenerate today's access token and paste it in Settings
[2026-07-19 11:29:00] [market_data] ⚠ Zerodha token expired — regenerate today's access token and paste it in Settings
[2026-07-19 11:29:03] [market_data] ⚠ Zerodha token expired — regenerate today's access token and paste it in Settings
[2026-07-19 11:29:07] [market_data] ⚠ Zerodha token expired — regenerate today's access token and paste it in Settings
[2026-07-19 11:29:10] [market_data] ⚠ Zerodha token expired — regenerate today's access token and paste it in Settings
[2026-07-19 11:29:13] [market_data] ⚠ Zerodha token expired — regenerate today's access token and paste it in Settings
[2026-07-19 11:29:16] [market_data] ⚠ Zerodha token expired — regenerate today's access token and paste it in Settings
[2026-07-19 11:29:20] [market_data] ⚠ Zerodha token expired — regenerate today's access token and paste it in Settings
[2026-07-19 11:29:23] [market_data] ⚠ Zerodha token expired — regenerate today's access token and paste it in Settings
[2026-07-19 11:29:26] [market_data] ⚠ Zerodha token expired — regenerate today's access token and paste it in Settings
[2026-07-19 11:29:30] [market_data] ⚠ Zerodha token expired — regenerate today's access token and paste it in Settings
[2026-07-19 11:29:33] [market_data] ⚠ Zerodha token expired — regenerate today's access token and paste it in Settings
[2026-07-19 11:29:36] [market_data] ⚠ Zerodha token expired — regenerate today's access token and paste it in Settings
[2026-07-19 11:29:39] [market_data] ⚠ Zerodha token expired — regenerate today's access token and paste it in Settings
[2026-07-19 11:29:43] [market_data] ⚠ Zerodha token expired — regenerate today's access token and paste it in Settings
[2026-07-19 11:29:46] [market_data] ⚠ Zerodha token expired — regenerate today's access token and paste it in Settings
[2026-07-19 11:29:49] [market_data] ⚠ Zerodha token expired — regenerate today's access token and paste it in Settings
[2026-07-19 11:29:53] [market_data] ⚠ Zerodha token expired — regenerate today's access token and paste it in Settings
[2026-07-19 11:29:56] [market_data] ⚠ Zerodha token expired — regenerate today's access token and paste it in Settings
[2026-07-19 11:29:59] [market_data] ⚠ Zerodha token expired — regenerate today's access token and paste it in Settings
[2026-07-19 11:30:02] [market_data] ⚠ Zerodha token expired — regenerate today's access token and paste it in Settings
[2026-07-19 11:30:06] [market_data] ⚠ Zerodha token expired — regenerate today's access token and paste it in Settings
[2026-07-19 11:30:09] [market_data] ⚠ Zerodha token expired — regenerate today's access token and paste it in Settings
[2026-07-19 11:30:12] [market_data] ⚠ Zerodha token expired — regenerate today's access token and paste it in Settings
[2026-07-19 11:30:16] [market_data] ⚠ Zerodha token expired — regenerate today's access token and paste it in Settings
[2026-07-19 11:30:19] [market_data] ⚠ Zerodha token expired — regenerate today's access token and paste it in Settings
[2026-07-19 11:30:22] [market_data] ⚠ Zerodha token expired — regenerate today's access token and paste it in Settings
[2026-07-19 11:30:25] [market_data] ⚠ Zerodha token expired — regenerate today's access token and paste it in Settings
[2026-07-19 11:30:29] [market_data] ⚠ Zerodha token expired — regenerate today's access token and paste it in Settings
[2026-07-19 11:30:32] [market_data] ⚠ Zerodha token expired — regenerate today's access token and paste it in Settings
[2026-07-19 11:30:35] [market_data] ⚠ Zerodha token expired — regenerate today's access token and paste it in Settings
[2026-07-19 11:30:38] [market_data] ⚠ Zerodha token expired — regenerate today's access token and paste it in Settings
[2026-07-19 11:30:42] [market_data] ⚠ Zerodha token expired — regenerate today's access token and paste it in Settings
[2026-07-19 11:30:45] [market_data] ⚠ Zerodha token expired — regenerate today's access token and paste it in Settings
[2026-07-19 11:30:48] [market_data] ⚠ Zerodha token expired — regenerate today's access token and paste it in Settings
[2026-07-19 11:30:52] [market_data] ⚠ Zerodha token expired — regenerate today's access token and paste it in Settings
[2026-07-19 11:30:55] [market_data] ⚠ Zerodha token expired — regenerate today's access token and paste it in Settings
[2026-07-19 11:30:58] [market_data] ⚠ Zerodha token expired — regenerate today's access token and paste it in Settings
[2026-07-19 11:31:02] [market_data] ⚠ Zerodha token expired — regenerate today's access token and paste it in Settings
[2026-07-19 11:31:05] [market_data] ⚠ Zerodha token expired — regenerate today's access token and paste it in Settings
[2026-07-19 11:31:08] [market_data] ⚠ Zerodha token expired — regenerate today's access token and paste it in Settings
[2026-07-19 11:31:11] [market_data] ⚠ Zerodha token expired — regenerate today's access token and paste it in Settings
[2026-07-19 11:31:15] [market_data] ⚠ Zerodha token expired — regenerate today's access token and paste it in Settings
[2026-07-19 11:31:18] [market_data] ⚠ Zerodha token expired — regenerate today's access token and paste it in Settings
[2026-07-19 11:31:21] [market_data] ⚠ Zerodha token expired — regenerate today's access token and paste it in Settings
[2026-07-19 11:31:24] [market_data] ⚠ Zerodha token expired — regenerate today's access token and paste it in Settings
[2026-07-19 11:31:28] [market_data] ⚠ Zerodha token expired — regenerate today's access token and paste it in Settings
[2026-07-19 11:31:31] [market_data] ⚠ Zerodha token expired — regenerate today's access token and paste it in Settings
[2026-07-19 11:31:34] [market_data] ⚠ Zerodha token expired — regenerate today's access token and paste it in Settings
[2026-07-19 11:31:38] [market_data] ⚠ Zerodha token expired — regenerate today's access token and paste it in Settings
[2026-07-19 11:31:41] [market_data] ⚠ Zerodha token expired — regenerate today's access token and paste it in Settings
[2026-07-19 11:31:44] [market_data] ⚠ Zerodha token expired — regenerate today's access token and paste it in Settings
[2026-07-19 11:31:47] [market_data] ⚠ Zerodha token expired — regenerate today's access token and paste it in Settings
[2026-07-19 11:31:51] [market_data] ⚠ Zerodha token expired — regenerate today's access token and paste it in Settings
[2026-07-19 11:31:54] [market_data] ⚠ Zerodha token expired — regenerate today's access token and paste it in Settings
[2026-07-19 11:31:57] [market_data] ⚠ Zerodha token expired — regenerate today's access token and paste it in Settings
[2026-07-19 11:32:01] [market_data] ⚠ Zerodha token expired — regenerate today's access token and paste it in Settings
[2026-07-19 11:32:04] [market_data] ⚠ Zerodha token expired — regenerate today's access token and paste it in Settings
[2026-07-19 11:32:07] [market_data] ⚠ Zerodha token expired — regenerate today's access token and paste it in Settings
[2026-07-19 11:32:10] [market_data] ⚠ Zerodha token expired — regenerate today's access token and paste it in Settings
[2026-07-19 11:32:14] [market_data] ⚠ Zerodha token expired — regenerate today's access token and paste it in Settings
[2026-07-19 11:32:17] [market_data] ⚠ Zerodha token expired — regenerate today's access token and paste it in Settings
[2026-07-19 11:32:20] [market_data] ⚠ Zerodha token expired — regenerate today's access token and paste it in Settings
[2026-07-19 11:32:24] [market_data] ⚠ Zerodha token expired — regenerate today's access token and paste it in Settings
[2026-07-19 11:32:27] [market_data] ⚠ Zerodha token expired — regenerate today's access token and paste it in Settings
[2026-07-19 11:32:30] [market_data] ⚠ Zerodha token expired — regenerate today's access token and paste it in Settings
[2026-07-19 11:32:34] [market_data] ⚠ Zerodha token expired — regenerate today's access token and paste it in Settings
[2026-07-19 11:32:37] [market_data] ⚠ Zerodha token expired — regenerate today's access token and paste it in Settings
[2026-07-19 11:32:40] [market_data] ⚠ Zerodha token expired — regenerate today's access token and paste it in Settings
[2026-07-19 11:32:43] [market_data] ⚠ Zerodha token expired — regenerate today's access token and paste it in Settings
[2026-07-19 11:32:47] [market_data] ⚠ Zerodha token expired — regenerate today's access token and paste it in Settings
[2026-07-19 11:32:50] [market_data] ⚠ Zerodha token expired — regenerate today's access token and paste it in Settings
[2026-07-19 11:32:53] [market_data] ⚠ Zerodha token expired — regenerate today's access token and paste it in Settings
[2026-07-19 11:32:57] [market_data] ⚠ Zerodha token expired — regenerate today's access token and paste it in Settings
[2026-07-19 11:33:00] [market_data] ⚠ Zerodha token expired — regenerate today's access token and paste it in Settings
[2026-07-19 11:33:03] [market_data] ⚠ Zerodha token expired — regenerate today's access token and paste it in Settings
[2026-07-19 11:33:06] [market_data] ⚠ Zerodha token expired — regenerate today's access token and paste it in Settings
[2026-07-19 11:33:10] [market_data] ⚠ Zerodha token expired — regenerate today's access token and paste it in Settings
[2026-07-19 11:33:13] [market_data] ⚠ Zerodha token expired — regenerate today's access token and paste it in Settings
[2026-07-19 11:33:16] [market_data] ⚠ Zerodha token expired — regenerate today's access token and paste it in Settings
[2026-07-19 11:33:20] [market_data] ⚠ Zerodha token expired — regenerate today's access token and paste it in Settings
[2026-07-19 11:33:23] [market_data] ⚠ Zerodha token expired — regenerate today's access token and paste it in Settings
[2026-07-19 11:33:26] [market_data] ⚠ Zerodha token expired — regenerate today's access token and paste it in Settings
[2026-07-19 11:33:29] [market_data] ⚠ Zerodha token expired — regenerate today's access token and paste it in Settings
[2026-07-19 11:33:33] [market_data] ⚠ Zerodha token expired — regenerate today's access token and paste it in Settings
[2026-07-19 11:33:36] [market_data] ⚠ Zerodha token expired — regenerate today's access token and paste it in Settings
[2026-07-19 11:33:39] [market_data] ⚠ Zerodha token expired — regenerate today's access token and paste it in Settings
[2026-07-19 11:33:43] [market_data] ⚠ Zerodha token expired — regenerate today's access token and paste it in Settings
[2026-07-19 11:33:46] [market_data] ⚠ Zerodha token expired — regenerate today's access token and paste it in Settings
[2026-07-19 11:33:49] [market_data] ⚠ Zerodha token expired — regenerate today's access token and paste it in Settings
[2026-07-19 11:33:53] [market_data] ⚠ Zerodha token expired — regenerate today's access token and paste it in Settings
[2026-07-19 11:33:56] [market_data] ⚠ Zerodha token expired — regenerate today's access token and paste it in Settings
[2026-07-19 11:33:59] [market_data] ⚠ Zerodha token expired — regenerate today's access token and paste it in Settings
[2026-07-19 11:34:03] [market_data] ⚠ Zerodha token expired — regenerate today's access token and paste it in Settings
[2026-07-19 11:34:06] [market_data] ⚠ Zerodha token expired — regenerate today's access token and paste it in Settings
[2026-07-19 11:34:09] [market_data] ⚠ Zerodha token expired — regenerate today's access token and paste it in Settings
[2026-07-19 11:34:13] [market_data] ⚠ Zerodha token expired — regenerate today's access token and paste it in Settings
[2026-07-19 11:34:16] [market_data] ⚠ Zerodha token expired — regenerate today's access token and paste it in Settings
[2026-07-19 11:34:19] [market_data] ⚠ Zerodha token expired — regenerate today's access token and paste it in Settings
[2026-07-19 11:34:22] [market_data] ⚠ Zerodha token expired — regenerate today's access token and paste it in Settings
[2026-07-19 11:34:26] [market_data] ⚠ Zerodha token expired — regenerate today's access token and paste it in Settings
[2026-07-19 11:34:29] [market_data] ⚠ Zerodha token expired — regenerate today's access token and paste it in Settings
[2026-07-19 11:34:32] [market_data] ⚠ Zerodha token expired — regenerate today's access token and paste it in Settings
[2026-07-19 11:34:35] [market_data] ⚠ Zerodha token expired — regenerate today's access token and paste it in Settings
[2026-07-19 11:34:39] [market_data] ⚠ Zerodha token expired — regenerate today's access token and paste it in Settings
[2026-07-19 11:34:42] [market_data] ⚠ Zerodha token expired — regenerate today's access token and paste it in Settings
[2026-07-19 11:34:45] [market_data] ⚠ Zerodha token expired — regenerate today's access token and paste it in Settings
[2026-07-19 11:34:49] [market_data] ⚠ Zerodha token expired — regenerate today's access token and paste it in Settings
[2026-07-19 11:34:52] [market_data] ⚠ Zerodha token expired — regenerate today's access token and paste it in Settings
[2026-07-19 11:34:55] [market_data] ⚠ Zerodha token expired — regenerate today's access token and paste it in Settings
[2026-07-19 11:34:59] [market_data] ⚠ Zerodha token expired — regenerate today's access token and paste it in Settings
[2026-07-19 11:35:02] [market_data] ⚠ Zerodha token expired — regenerate today's access token and paste it in Settings
[2026-07-19 11:35:05] [market_data] ⚠ Zerodha token expired — regenerate today's access token and paste it in Settings
[2026-07-19 11:35:08] [market_data] ⚠ Zerodha token expired — regenerate today's access token and paste it in Settings
[2026-07-19 11:35:12] [market_data] ⚠ Zerodha token expired — regenerate today's access token and paste it in Settings
[2026-07-19 11:35:15] [market_data] ⚠ Zerodha token expired — regenerate today's access token and paste it in Settings
[2026-07-19 11:35:18] [market_data] ⚠ Zerodha token expired — regenerate today's access token and paste it in Settings
[2026-07-19 11:35:22] [market_data] ⚠ Zerodha token expired — regenerate today's access token and paste it in Settings
[2026-07-19 11:35:25] [market_data] ⚠ Zerodha token expired — regenerate today's access token and paste it in Settings
[2026-07-19 11:35:28] [market_data] ⚠ Zerodha token expired — regenerate today's access token and paste it in Settings
[2026-07-19 11:35:31] [market_data] ⚠ Zerodha token expired — regenerate today's access token and paste it in Settings
[2026-07-19 11:35:35] [market_data] ⚠ Zerodha token expired — regenerate today's access token and paste it in Settings
[2026-07-19 11:35:38] [market_data] ⚠ Zerodha token expired — regenerate today's access token and paste it in Settings
[2026-07-19 11:35:41] [market_data] ⚠ Zerodha token expired — regenerate today's access token and paste it in Settings
[2026-07-19 11:35:44] [market_data] ⚠ Zerodha token expired — regenerate today's access token and paste it in Settings
[2026-07-19 11:35:48] [market_data] ⚠ Zerodha token expired — regenerate today's access token and paste it in Settings
[2026-07-19 11:35:51] [market_data] ⚠ Zerodha token expired — regenerate today's access token and paste it in Settings
[2026-07-19 11:35:54] [market_data] ⚠ Zerodha token expired — regenerate today's access token and paste it in Settings
[2026-07-19 11:35:58] [market_data] ⚠ Zerodha token expired — regenerate today's access token and paste it in Settings
[2026-07-19 11:36:01] [market_data] ⚠ Zerodha token expired — regenerate today's access token and paste it in Settings
[2026-07-19 11:36:04] [market_data] ⚠ Zerodha token expired — regenerate today's access token and paste it in Settings
[2026-07-19 11:36:07] [market_data] ⚠ Zerodha token expired — regenerate today's access token and paste it in Settings
[2026-07-19 11:36:11] [market_data] ⚠ Zerodha token expired — regenerate today's access token and paste it in Settings
[2026-07-19 11:36:14] [market_data] ⚠ Zerodha token expired — regenerate today's access token and paste it in Settings
[2026-07-19 11:36:18] [market_data] ⚠ Zerodha token expired — regenerate today's access token and paste it in Settings
[2026-07-19 11:36:21] [market_data] ⚠ Zerodha token expired — regenerate today's access token and paste it in Settings
[2026-07-19 11:36:24] [market_data] ⚠ Zerodha token expired — regenerate today's access token and paste it in Settings
[2026-07-19 11:36:28] [market_data] ⚠ Zerodha token expired — regenerate today's access token and paste it in Settings
[2026-07-19 11:36:31] [market_data] ⚠ Zerodha token expired — regenerate today's access token and paste it in Settings
[2026-07-19 11:36:32] [news] 🔔[HIGH] : News risk event: Sensex, Nifty decline over 0.6% and plunge around 1.2%
[2026-07-19 11:36:34] [market_data] ⚠ Zerodha token expired — regenerate today's access token and paste it in Settings
[2026-07-19 11:36:38] [market_data] ⚠ Zerodha token expired — regenerate today's access token and paste it in Settings
[2026-07-19 11:36:41] [market_data] ⚠ Zerodha token expired — regenerate today's access token and paste it in Settings
[2026-07-19 11:36:44] [market_data] ⚠ Zerodha token expired — regenerate today's access token and paste it in Settings
[2026-07-19 11:36:48] [market_data] ⚠ Zerodha token expired — regenerate today's access token and paste it in Settings
[2026-07-19 11:36:51] [market_data] ⚠ Zerodha token expired — regenerate today's access token and paste it in Settings
[2026-07-19 11:36:54] [market_data] ⚠ Zerodha token expired — regenerate today's access token and paste it in Settings
[2026-07-19 11:36:58] [market_data] ⚠ Zerodha token expired — regenerate today's access token and paste it in Settings
[2026-07-19 11:37:01] [market_data] ⚠ Zerodha token expired — regenerate today's access token and paste it in Settings
[2026-07-19 11:37:04] [market_data] ⚠ Zerodha token expired — regenerate today's access token and paste it in Settings
[2026-07-19 11:37:08] [market_data] ⚠ Zerodha token expired — regenerate today's access token and paste it in Settings
[2026-07-19 11:37:11] [market_data] ⚠ Zerodha token expired — regenerate today's access token and paste it in Settings
[2026-07-19 11:37:14] [market_data] ⚠ Zerodha token expired — regenerate today's access token and paste it in Settings
[2026-07-19 11:37:17] [market_data] ⚠ Zerodha token expired — regenerate today's access token and paste it in Settings
[2026-07-19 11:37:21] [market_data] ⚠ Zerodha token expired — regenerate today's access token and paste it in Settings
[2026-07-19 11:37:24] [market_data] ⚠ Zerodha token expired — regenerate today's access token and paste it in Settings
[2026-07-19 11:37:27] [market_data] ⚠ Zerodha token expired — regenerate today's access token and paste it in Settings
[2026-07-19 11:37:31] [market_data] ⚠ Zerodha token expired — regenerate today's access token and paste it in Settings
[2026-07-19 11:37:34] [market_data] ⚠ Zerodha token expired — regenerate today's access token and paste it in Settings
[2026-07-19 11:37:39] [market_data] ⚠ Zerodha token expired — regenerate today's access token and paste it in Settings
[2026-07-19 11:37:44] [market_data] ⚠ Zerodha token expired — regenerate today's access token and paste it in Settings
[2026-07-19 11:37:49] [market_data] ⚠ Zerodha token expired — regenerate today's access token and paste it in Settings
[2026-07-19 11:37:54] [market_data] ⚠ Zerodha token expired — regenerate today's access token and paste it in Settings
[2026-07-19 11:38:02] [market_data] ⚠ Zerodha token expired — regenerate today's access token and paste it in Settings
[2026-07-19 11:38:06] [market_data] ⚠ Zerodha token expired — regenerate today's access token and paste it in Settings
[2026-07-19 11:38:09] [market_data] ⚠ Zerodha token expired — regenerate today's access token and paste it in Settings
[2026-07-19 11:38:13] [market_data] ⚠ Zerodha token expired — regenerate today's access token and paste it in Settings
[2026-07-19 11:38:16] [market_data] ⚠ Zerodha token expired — regenerate today's access token and paste it in Settings
[2026-07-19 11:38:20] [market_data] ⚠ Zerodha token expired — regenerate today's access token and paste it in Settings
[2026-07-19 11:38:23] [market_data] ⚠ Zerodha token expired — regenerate today's access token and paste it in Settings
[2026-07-19 11:38:26] [market_data] ⚠ Zerodha token expired — regenerate today's access token and paste it in Settings
[2026-07-19 11:38:30] [market_data] ⚠ Zerodha token expired — regenerate today's access token and paste it in Settings
[2026-07-19 11:38:34] [market_data] ⚠ Zerodha token expired — regenerate today's access token and paste it in Settings
[2026-07-19 11:38:37] [market_data] ⚠ Zerodha token expired — regenerate today's access token and paste it in Settings
[2026-07-19 11:38:40] [market_data] ⚠ Zerodha token expired — regenerate today's access token and paste it in Settings
[2026-07-19 11:38:43] [market_data] ⚠ Zerodha token expired — regenerate today's access token and paste it in Settings
[2026-07-19 11:38:47] [market_data] ⚠ Zerodha token expired — regenerate today's access token and paste it in Settings
[2026-07-19 11:38:50] [market_data] ⚠ Zerodha token expired — regenerate today's access token and paste it in Settings
[2026-07-19 11:38:54] [market_data] ⚠ Zerodha token expired — regenerate today's access token and paste it in Settings
[2026-07-19 11:38:58] [market_data] ⚠ Zerodha token expired — regenerate today's access token and paste it in Settings
[2026-07-19 11:39:01] [market_data] ⚠ Zerodha token expired — regenerate today's access token and paste it in Settings
[2026-07-19 11:39:05] [market_data] ⚠ Zerodha token expired — regenerate today's access token and paste it in Settings
[2026-07-19 11:39:09] [market_data] ⚠ Zerodha token expired — regenerate today's access token and paste it in Settings
[2026-07-19 11:39:12] [market_data] ⚠ Zerodha token expired — regenerate today's access token and paste it in Settings
[2026-07-19 11:39:15] [market_data] ⚠ Zerodha token expired — regenerate today's access token and paste it in Settings
[2026-07-19 11:39:19] [market_data] ⚠ Zerodha token expired — regenerate today's access token and paste it in Settings
[2026-07-19 11:39:22] [market_data] ⚠ Zerodha token expired — regenerate today's access token and paste it in Settings
[2026-07-19 11:39:25] [market_data] ⚠ Zerodha token expired — regenerate today's access token and paste it in Settings
[2026-07-19 11:39:28] [market_data] ⚠ Zerodha token expired — regenerate today's access token and paste it in Settings
[2026-07-19 11:39:32] [market_data] ⚠ Zerodha token expired — regenerate today's access token and paste it in Settings
[2026-07-19 11:39:35] [market_data] ⚠ Zerodha token expired — regenerate today's access token and paste it in Settings
[2026-07-19 11:39:38] [market_data] ⚠ Zerodha token expired — regenerate today's access token and paste it in Settings
[2026-07-19 11:39:42] [market_data] ⚠ Zerodha token expired — regenerate today's access token and paste it in Settings
[2026-07-19 11:39:45] [market_data] ⚠ Zerodha token expired — regenerate today's access token and paste it in Settings
[2026-07-19 11:39:48] [market_data] ⚠ Zerodha token expired — regenerate today's access token and paste it in Settings
[2026-07-19 11:39:52] [market_data] ⚠ Zerodha token expired — regenerate today's access token and paste it in Settings
[2026-07-19 11:39:55] [market_data] ⚠ Zerodha token expired — regenerate today's access token and paste it in Settings
[2026-07-19 11:39:58] [market_data] ⚠ Zerodha token expired — regenerate today's access token and paste it in Settings
[2026-07-19 11:40:01] [market_data] ⚠ Zerodha token expired — regenerate today's access token and paste it in Settings
[2026-07-19 11:40:05] [market_data] ⚠ Zerodha token expired — regenerate today's access token and paste it in Settings
[2026-07-19 11:40:08] [market_data] ⚠ Zerodha token expired — regenerate today's access token and paste it in Settings
[2026-07-19 11:40:11] [market_data] ⚠ Zerodha token expired — regenerate today's access token and paste it in Settings
[2026-07-19 11:40:15] [market_data] ⚠ Zerodha token expired — regenerate today's access token and paste it in Settings
[2026-07-19 11:40:18] [market_data] ⚠ Zerodha token expired — regenerate today's access token and paste it in Settings
[2026-07-19 11:40:21] [market_data] ⚠ Zerodha token expired — regenerate today's access token and paste it in Settings
[2026-07-19 11:40:24] [market_data] ⚠ Zerodha token expired — regenerate today's access token and paste it in Settings
[2026-07-19 11:40:28] [market_data] ⚠ Zerodha token expired — regenerate today's access token and paste it in Settings
[2026-07-19 11:40:31] [market_data] ⚠ Zerodha token expired — regenerate today's access token and paste it in Settings
[2026-07-19 11:40:34] [market_data] ⚠ Zerodha token expired — regenerate today's access token and paste it in Settings
[2026-07-19 11:40:38] [market_data] ⚠ Zerodha token expired — regenerate today's access token and paste it in Settings
[2026-07-19 11:40:41] [market_data] ⚠ Zerodha token expired — regenerate today's access token and paste it in Settings
[2026-07-19 11:40:44] [market_data] ⚠ Zerodha token expired — regenerate today's access token and paste it in Settings
[2026-07-19 11:40:48] [market_data] ⚠ Zerodha token expired — regenerate today's access token and paste it in Settings
[2026-07-19 11:40:51] [market_data] ⚠ Zerodha token expired — regenerate today's access token and paste it in Settings
[2026-07-19 11:40:54] [market_data] ⚠ Zerodha token expired — regenerate today's access token and paste it in Settings
[2026-07-19 11:40:57] [market_data] ⚠ Zerodha token expired — regenerate today's access token and paste it in Settings
[2026-07-19 11:41:01] [market_data] ⚠ Zerodha token expired — regenerate today's access token and paste it in Settings
[2026-07-19 11:41:04] [market_data] ⚠ Zerodha token expired — regenerate today's access token and paste it in Settings
[2026-07-19 11:41:07] [market_data] ⚠ Zerodha token expired — regenerate today's access token and paste it in Settings
[2026-07-19 11:41:11] [market_data] ⚠ Zerodha token expired — regenerate today's access token and paste it in Settings
[2026-07-19 11:41:14] [market_data] ⚠ Zerodha token expired — regenerate today's access token and paste it in Settings
[2026-07-19 11:41:17] [market_data] ⚠ Zerodha token expired — regenerate today's access token and paste it in Settings
[2026-07-19 11:41:20] [market_data] ⚠ Zerodha token expired — regenerate today's access token and paste it in Settings
[2026-07-19 11:41:24] [market_data] ⚠ Zerodha token expired — regenerate today's access token and paste it in Settings
[2026-07-19 11:41:28] [market_data] ⚠ Zerodha token expired — regenerate today's access token and paste it in Settings
[2026-07-19 11:41:31] [market_data] ⚠ Zerodha token expired — regenerate today's access token and paste it in Settings
[2026-07-19 11:41:35] [market_data] ⚠ Zerodha token expired — regenerate today's access token and paste it in Settings
[2026-07-19 11:41:38] [market_data] ⚠ Zerodha token expired — regenerate today's access token and paste it in Settings
[2026-07-19 11:41:42] [market_data] ⚠ Zerodha token expired — regenerate today's access token and paste it in Settings
[2026-07-19 11:41:45] [market_data] ⚠ Zerodha token expired — regenerate today's access token and paste it in Settings
[2026-07-19 11:41:48] [market_data] ⚠ Zerodha token expired — regenerate today's access token and paste it in Settings
[2026-07-19 11:41:51] [market_data] ⚠ Zerodha token expired — regenerate today's access token and paste it in Settings
[2026-07-19 11:41:55] [market_data] ⚠ Zerodha token expired — regenerate today's access token and paste it in Settings
[2026-07-19 11:42:00] [market_data] ⚠ Zerodha token expired — regenerate today's access token and paste it in Settings
[2026-07-19 11:42:03] [market_data] ⚠ Zerodha token expired — regenerate today's access token and paste it in Settings
[2026-07-19 11:42:07] [market_data] ⚠ Zerodha token expired — regenerate today's access token and paste it in Settings
[2026-07-19 11:42:10] [market_data] ⚠ Zerodha token expired — regenerate today's access token and paste it in Settings
[2026-07-19 11:42:14] [market_data] ⚠ Zerodha token expired — regenerate today's access token and paste it in Settings
[2026-07-19 11:42:17] [market_data] ⚠ Zerodha token expired — regenerate today's access token and paste it in Settings
[2026-07-19 11:42:20] [market_data] ⚠ Zerodha token expired — regenerate today's access token and paste it in Settings
[2026-07-19 11:42:23] [market_data] ⚠ Zerodha token expired — regenerate today's access token and paste it in Settings
[2026-07-19 11:42:27] [market_data] ⚠ Zerodha token expired — regenerate today's access token and paste it in Settings
[2026-07-19 11:42:30] [market_data] ⚠ Zerodha token expired — regenerate today's access token and paste it in Settings
[2026-07-19 11:42:33] [market_data] ⚠ Zerodha token expired — regenerate today's access token and paste it in Settings
[2026-07-19 11:42:37] [market_data] ⚠ Zerodha token expired — regenerate today's access token and paste it in Settings
[2026-07-19 11:42:40] [market_data] ⚠ Zerodha token expired — regenerate today's access token and paste it in Settings
[2026-07-19 11:42:43] [market_data] ⚠ Zerodha token expired — regenerate today's access token and paste it in Settings
[2026-07-19 11:42:47] [market_data] ⚠ Zerodha token expired — regenerate today's access token and paste it in Settings
[2026-07-19 11:42:50] [market_data] ⚠ Zerodha token expired — regenerate today's access token and paste it in Settings
[2026-07-19 11:42:53] [market_data] ⚠ Zerodha token expired — regenerate today's access token and paste it in Settings
[2026-07-19 11:42:56] [market_data] ⚠ Zerodha token expired — regenerate today's access token and paste it in Settings
[2026-07-19 11:43:00] [market_data] ⚠ Zerodha token expired — regenerate today's access token and paste it in Settings
[2026-07-19 11:43:03] [market_data] ⚠ Zerodha token expired — regenerate today's access token and paste it in Settings
[2026-07-19 11:43:06] [market_data] ⚠ Zerodha token expired — regenerate today's access token and paste it in Settings
[2026-07-19 11:43:10] [market_data] ⚠ Zerodha token expired — regenerate today's access token and paste it in Settings
[2026-07-19 11:43:13] [market_data] ⚠ Zerodha token expired — regenerate today's access token and paste it in Settings
[2026-07-19 11:43:16] [market_data] ⚠ Zerodha token expired — regenerate today's access token and paste it in Settings
[2026-07-19 11:43:20] [market_data] ⚠ Zerodha token expired — regenerate today's access token and paste it in Settings
[2026-07-19 11:43:23] [market_data] ⚠ Zerodha token expired — regenerate today's access token and paste it in Settings
[2026-07-19 11:43:26] [market_data] ⚠ Zerodha token expired — regenerate today's access token and paste it in Settings
[2026-07-19 11:43:29] [market_data] ⚠ Zerodha token expired — regenerate today's access token and paste it in Settings
[2026-07-19 11:43:33] [market_data] ⚠ Zerodha token expired — regenerate today's access token and paste it in Settings
[2026-07-19 11:43:36] [market_data] ⚠ Zerodha token expired — regenerate today's access token and paste it in Settings
[2026-07-19 11:43:39] [market_data] ⚠ Zerodha token expired — regenerate today's access token and paste it in Settings
[2026-07-19 11:43:43] [market_data] ⚠ Zerodha token expired — regenerate today's access token and paste it in Settings
[2026-07-19 11:43:46] [market_data] ⚠ Zerodha token expired — regenerate today's access token and paste it in Settings
[2026-07-19 11:43:49] [market_data] ⚠ Zerodha token expired — regenerate today's access token and paste it in Settings
[2026-07-19 11:43:53] [market_data] ⚠ Zerodha token expired — regenerate today's access token and paste it in Settings
[2026-07-19 11:43:56] [market_data] ⚠ Zerodha token expired — regenerate today's access token and paste it in Settings
[2026-07-19 11:43:59] [market_data] ⚠ Zerodha token expired — regenerate today's access token and paste it in Settings
[2026-07-19 11:44:03] [market_data] ⚠ Zerodha token expired — regenerate today's access token and paste it in Settings
[2026-07-19 11:44:06] [market_data] ⚠ Zerodha token expired — regenerate today's access token and paste it in Settings
[2026-07-19 11:44:09] [market_data] ⚠ Zerodha token expired — regenerate today's access token and paste it in Settings
[2026-07-19 11:44:13] [market_data] ⚠ Zerodha token expired — regenerate today's access token and paste it in Settings
[2026-07-19 11:44:16] [market_data] ⚠ Zerodha token expired — regenerate today's access token and paste it in Settings
[2026-07-19 11:44:19] [market_data] ⚠ Zerodha token expired — regenerate today's access token and paste it in Settings
[2026-07-19 11:44:22] [market_data] ⚠ Zerodha token expired — regenerate today's access token and paste it in Settings
[2026-07-19 11:44:26] [market_data] ⚠ Zerodha token expired — regenerate today's access token and paste it in Settings
[2026-07-19 11:44:29] [market_data] ⚠ Zerodha token expired — regenerate today's access token and paste it in Settings
[2026-07-19 11:44:32] [market_data] ⚠ Zerodha token expired — regenerate today's access token and paste it in Settings
[2026-07-19 11:44:36] [market_data] ⚠ Zerodha token expired — regenerate today's access token and paste it in Settings
[2026-07-19 11:44:39] [market_data] ⚠ Zerodha token expired — regenerate today's access token and paste it in Settings
[2026-07-19 11:44:42] [market_data] ⚠ Zerodha token expired — regenerate today's access token and paste it in Settings
[2026-07-19 11:44:45] [market_data] ⚠ Zerodha token expired — regenerate today's access token and paste it in Settings
[2026-07-19 11:44:49] [market_data] ⚠ Zerodha token expired — regenerate today's access token and paste it in Settings
[2026-07-19 11:44:52] [market_data] ⚠ Zerodha token expired — regenerate today's access token and paste it in Settings
[2026-07-19 11:44:55] [market_data] ⚠ Zerodha token expired — regenerate today's access token and paste it in Settings
[2026-07-19 11:44:59] [market_data] ⚠ Zerodha token expired — regenerate today's access token and paste it in Settings
[2026-07-19 11:45:02] [market_data] ⚠ Zerodha token expired — regenerate today's access token and paste it in Settings
[2026-07-19 11:45:05] [market_data] ⚠ Zerodha token expired — regenerate today's access token and paste it in Settings
[2026-07-19 11:45:08] [market_data] ⚠ Zerodha token expired — regenerate today's access token and paste it in Settings
[2026-07-19 11:45:12] [market_data] ⚠ Zerodha token expired — regenerate today's access token and paste it in Settings
[2026-07-19 11:45:15] [market_data] ⚠ Zerodha token expired — regenerate today's access token and paste it in Settings
[2026-07-19 11:45:18] [market_data] ⚠ Zerodha token expired — regenerate today's access token and paste it in Settings
[2026-07-19 11:45:22] [market_data] ⚠ Zerodha token expired — regenerate today's access token and paste it in Settings
[2026-07-19 11:45:25] [market_data] ⚠ Zerodha token expired — regenerate today's access token and paste it in Settings
[2026-07-19 11:45:28] [market_data] ⚠ Zerodha token expired — regenerate today's access token and paste it in Settings
[2026-07-19 11:45:32] [market_data] ⚠ Zerodha token expired — regenerate today's access token and paste it in Settings
[2026-07-19 11:45:35] [market_data] ⚠ Zerodha token expired — regenerate today's access token and paste it in Settings
[2026-07-19 11:45:38] [market_data] ⚠ Zerodha token expired — regenerate today's access token and paste it in Settings
[2026-07-19 11:45:42] [market_data] ⚠ Zerodha token expired — regenerate today's access token and paste it in Settings
[2026-07-19 11:45:45] [market_data] ⚠ Zerodha token expired — regenerate today's access token and paste it in Settings
[2026-07-19 11:45:48] [market_data] ⚠ Zerodha token expired — regenerate today's access token and paste it in Settings
[2026-07-19 11:45:51] [market_data] ⚠ Zerodha token expired — regenerate today's access token and paste it in Settings
[2026-07-19 11:45:55] [market_data] ⚠ Zerodha token expired — regenerate today's access token and paste it in Settings
[2026-07-19 11:45:58] [market_data] ⚠ Zerodha token expired — regenerate today's access token and paste it in Settings
[2026-07-19 11:46:01] [market_data] ⚠ Zerodha token expired — regenerate today's access token and paste it in Settings
[2026-07-19 11:46:04] [market_data] ⚠ Zerodha token expired — regenerate today's access token and paste it in Settings
[2026-07-19 11:46:08] [market_data] ⚠ Zerodha token expired — regenerate today's access token and paste it in Settings
[2026-07-19 11:46:11] [market_data] ⚠ Zerodha token expired — regenerate today's access token and paste it in Settings
[2026-07-19 11:46:14] [market_data] ⚠ Zerodha token expired — regenerate today's access token and paste it in Settings
[2026-07-19 11:46:18] [market_data] ⚠ Zerodha token expired — regenerate today's access token and paste it in Settings
[2026-07-19 11:46:21] [market_data] ⚠ Zerodha token expired — regenerate today's access token and paste it in Settings
[2026-07-19 11:46:24] [market_data] ⚠ Zerodha token expired — regenerate today's access token and paste it in Settings
[2026-07-19 11:46:27] [market_data] ⚠ Zerodha token expired — regenerate today's access token and paste it in Settings
[2026-07-19 11:46:31] [market_data] ⚠ Zerodha token expired — regenerate today's access token and paste it in Settings
[2026-07-19 11:46:34] [market_data] ⚠ Zerodha token expired — regenerate today's access token and paste it in Settings
[2026-07-19 11:46:37] [market_data] ⚠ Zerodha token expired — regenerate today's access token and paste it in Settings
[2026-07-19 11:46:41] [market_data] ⚠ Zerodha token expired — regenerate today's access token and paste it in Settings
[2026-07-19 11:46:44] [market_data] ⚠ Zerodha token expired — regenerate today's access token and paste it in Settings
[2026-07-19 11:46:47] [market_data] ⚠ Zerodha token expired — regenerate today's access token and paste it in Settings
[2026-07-19 11:46:50] [market_data] ⚠ Zerodha token expired — regenerate today's access token and paste it in Settings
[2026-07-19 11:46:54] [market_data] ⚠ Zerodha token expired — regenerate today's access token and paste it in Settings
[2026-07-19 11:46:57] [market_data] ⚠ Zerodha token expired — regenerate today's access token and paste it in Settings
[2026-07-19 11:47:00] [market_data] ⚠ Zerodha token expired — regenerate today's access token and paste it in Settings
[2026-07-19 11:47:03] [market_data] ⚠ Zerodha token expired — regenerate today's access token and paste it in Settings
[2026-07-19 11:47:07] [market_data] ⚠ Zerodha token expired — regenerate today's access token and paste it in Settings
[2026-07-19 11:47:10] [market_data] ⚠ Zerodha token expired — regenerate today's access token and paste it in Settings
[2026-07-19 11:47:13] [market_data] ⚠ Zerodha token expired — regenerate today's access token and paste it in Settings
[2026-07-19 11:47:17] [market_data] ⚠ Zerodha token expired — regenerate today's access token and paste it in Settings
[2026-07-19 11:47:20] [market_data] ⚠ Zerodha token expired — regenerate today's access token and paste it in Settings
[2026-07-19 11:47:23] [market_data] ⚠ Zerodha token expired — regenerate today's access token and paste it in Settings
[2026-07-19 11:47:26] [market_data] ⚠ Zerodha token expired — regenerate today's access token and paste it in Settings
[2026-07-19 11:47:30] [market_data] ⚠ Zerodha token expired — regenerate today's access token and paste it in Settings
[2026-07-19 11:47:33] [market_data] ⚠ Zerodha token expired — regenerate today's access token and paste it in Settings
[2026-07-19 11:47:36] [market_data] ⚠ Zerodha token expired — regenerate today's access token and paste it in Settings
[2026-07-19 11:47:39] [market_data] ⚠ Zerodha token expired — regenerate today's access token and paste it in Settings
[2026-07-19 11:47:43] [market_data] ⚠ Zerodha token expired — regenerate today's access token and paste it in Settings
[2026-07-19 11:47:46] [market_data] ⚠ Zerodha token expired — regenerate today's access token and paste it in Settings
[2026-07-19 11:47:49] [market_data] ⚠ Zerodha token expired — regenerate today's access token and paste it in Settings
[2026-07-19 11:47:53] [market_data] ⚠ Zerodha token expired — regenerate today's access token and paste it in Settings
[2026-07-19 11:47:56] [market_data] ⚠ Zerodha token expired — regenerate today's access token and paste it in Settings
[2026-07-19 11:47:59] [market_data] ⚠ Zerodha token expired — regenerate today's access token and paste it in Settings
[2026-07-19 11:48:02] [market_data] ⚠ Zerodha token expired — regenerate today's access token and paste it in Settings
[2026-07-19 11:48:06] [market_data] ⚠ Zerodha token expired — regenerate today's access token and paste it in Settings
[2026-07-19 11:48:09] [market_data] ⚠ Zerodha token expired — regenerate today's access token and paste it in Settings
[2026-07-19 11:48:12] [market_data] ⚠ Zerodha token expired — regenerate today's access token and paste it in Settings
[2026-07-19 11:48:16] [market_data] ⚠ Zerodha token expired — regenerate today's access token and paste it in Settings
[2026-07-19 11:48:19] [market_data] ⚠ Zerodha token expired — regenerate today's access token and paste it in Settings
[2026-07-19 11:48:22] [market_data] ⚠ Zerodha token expired — regenerate today's access token and paste it in Settings
[2026-07-19 11:48:26] [market_data] ⚠ Zerodha token expired — regenerate today's access token and paste it in Settings
[2026-07-19 11:48:29] [market_data] ⚠ Zerodha token expired — regenerate today's access token and paste it in Settings
[2026-07-19 11:48:32] [market_data] ⚠ Zerodha token expired — regenerate today's access token and paste it in Settings
[2026-07-19 11:48:35] [market_data] ⚠ Zerodha token expired — regenerate today's access token and paste it in Settings
[2026-07-19 11:48:39] [market_data] ⚠ Zerodha token expired — regenerate today's access token and paste it in Settings
[2026-07-19 11:48:42] [market_data] ⚠ Zerodha token expired — regenerate today's access token and paste it in Settings
[2026-07-19 11:48:45] [market_data] ⚠ Zerodha token expired — regenerate today's access token and paste it in Settings
[2026-07-19 11:48:49] [market_data] ⚠ Zerodha token expired — regenerate today's access token and paste it in Settings
[2026-07-19 11:48:52] [market_data] ⚠ Zerodha token expired — regenerate today's access token and paste it in Settings
[2026-07-19 11:48:55] [market_data] ⚠ Zerodha token expired — regenerate today's access token and paste it in Settings
[2026-07-19 11:48:58] [market_data] ⚠ Zerodha token expired — regenerate today's access token and paste it in Settings
[2026-07-19 11:49:02] [market_data] ⚠ Zerodha token expired — regenerate today's access token and paste it in Settings
[2026-07-19 11:49:05] [market_data] ⚠ Zerodha token expired — regenerate today's access token and paste it in Settings
[2026-07-19 11:49:08] [market_data] ⚠ Zerodha token expired — regenerate today's access token and paste it in Settings
[2026-07-19 11:49:12] [market_data] ⚠ Zerodha token expired — regenerate today's access token and paste it in Settings
[2026-07-19 11:49:15] [market_data] ⚠ Zerodha token expired — regenerate today's access token and paste it in Settings
[2026-07-19 11:49:18] [market_data] ⚠ Zerodha token expired — regenerate today's access token and paste it in Settings
[2026-07-19 11:49:21] [market_data] ⚠ Zerodha token expired — regenerate today's access token and paste it in Settings
[2026-07-19 11:49:25] [market_data] ⚠ Zerodha token expired — regenerate today's access token and paste it in Settings
[2026-07-19 11:49:28] [market_data] ⚠ Zerodha token expired — regenerate today's access token and paste it in Settings
[2026-07-19 11:49:31] [market_data] ⚠ Zerodha token expired — regenerate today's access token and paste it in Settings
[2026-07-19 11:49:35] [market_data] ⚠ Zerodha token expired — regenerate today's access token and paste it in Settings
[2026-07-19 11:49:38] [market_data] ⚠ Zerodha token expired — regenerate today's access token and paste it in Settings
[2026-07-19 11:49:41] [market_data] ⚠ Zerodha token expired — regenerate today's access token and paste it in Settings
[2026-07-19 11:49:44] [market_data] ⚠ Zerodha token expired — regenerate today's access token and paste it in Settings
[2026-07-19 11:49:48] [market_data] ⚠ Zerodha token expired — regenerate today's access token and paste it in Settings
[2026-07-19 11:49:51] [market_data] ⚠ Zerodha token expired — regenerate today's access token and paste it in Settings
[2026-07-19 11:49:54] [market_data] ⚠ Zerodha token expired — regenerate today's access token and paste it in Settings
[2026-07-19 11:49:58] [market_data] ⚠ Zerodha token expired — regenerate today's access token and paste it in Settings
[2026-07-19 11:50:01] [market_data] ⚠ Zerodha token expired — regenerate today's access token and paste it in Settings
[2026-07-19 11:50:04] [market_data] ⚠ Zerodha token expired — regenerate today's access token and paste it in Settings
[2026-07-19 11:50:07] [market_data] ⚠ Zerodha token expired — regenerate today's access token and paste it in Settings
[2026-07-19 11:50:11] [market_data] ⚠ Zerodha token expired — regenerate today's access token and paste it in Settings
[2026-07-19 11:50:14] [market_data] ⚠ Zerodha token expired — regenerate today's access token and paste it in Settings
[2026-07-19 11:50:17] [market_data] ⚠ Zerodha token expired — regenerate today's access token and paste it in Settings
[2026-07-19 11:50:20] [market_data] ⚠ Zerodha token expired — regenerate today's access token and paste it in Settings
[2026-07-19 11:50:24] [market_data] ⚠ Zerodha token expired — regenerate today's access token and paste it in Settings
[2026-07-19 11:50:27] [market_data] ⚠ Zerodha token expired — regenerate today's access token and paste it in Settings
[2026-07-19 11:50:30] [market_data] ⚠ Zerodha token expired — regenerate today's access token and paste it in Settings
[2026-07-19 11:50:34] [market_data] ⚠ Zerodha token expired — regenerate today's access token and paste it in Settings
[2026-07-19 11:50:37] [market_data] ⚠ Zerodha token expired — regenerate today's access token and paste it in Settings
[2026-07-19 11:50:40] [market_data] ⚠ Zerodha token expired — regenerate today's access token and paste it in Settings
[2026-07-19 11:50:43] [market_data] ⚠ Zerodha token expired — regenerate today's access token and paste it in Settings
[2026-07-19 11:50:47] [market_data] ⚠ Zerodha token expired — regenerate today's access token and paste it in Settings
[2026-07-19 11:50:50] [market_data] ⚠ Zerodha token expired — regenerate today's access token and paste it in Settings
[2026-07-19 11:50:53] [market_data] ⚠ Zerodha token expired — regenerate today's access token and paste it in Settings
[2026-07-19 11:50:56] [market_data] ⚠ Zerodha token expired — regenerate today's access token and paste it in Settings
[2026-07-19 11:51:00] [market_data] ⚠ Zerodha token expired — regenerate today's access token and paste it in Settings
[2026-07-19 11:51:03] [market_data] ⚠ Zerodha token expired — regenerate today's access token and paste it in Settings
[2026-07-19 11:51:06] [market_data] ⚠ Zerodha token expired — regenerate today's access token and paste it in Settings
[2026-07-19 11:51:10] [market_data] ⚠ Zerodha token expired — regenerate today's access token and paste it in Settings
[2026-07-19 11:51:13] [market_data] ⚠ Zerodha token expired — regenerate today's access token and paste it in Settings
[2026-07-19 11:51:16] [market_data] ⚠ Zerodha token expired — regenerate today's access token and paste it in Settings
[2026-07-19 11:51:19] [market_data] ⚠ Zerodha token expired — regenerate today's access token and paste it in Settings
[2026-07-19 11:51:23] [market_data] ⚠ Zerodha token expired — regenerate today's access token and paste it in Settings
[2026-07-19 11:51:26] [market_data] ⚠ Zerodha token expired — regenerate today's access token and paste it in Settings
[2026-07-19 11:51:30] [market_data] ⚠ Zerodha token expired — regenerate today's access token and paste it in Settings
[2026-07-19 11:51:33] [market_data] ⚠ Zerodha token expired — regenerate today's access token and paste it in Settings
[2026-07-19 11:51:36] [market_data] ⚠ Zerodha token expired — regenerate today's access token and paste it in Settings
[2026-07-19 11:51:40] [market_data] ⚠ Zerodha token expired — regenerate today's access token and paste it in Settings
[2026-07-19 11:51:44] [market_data] ⚠ Zerodha token expired — regenerate today's access token and paste it in Settings
[2026-07-19 11:51:47] [market_data] ⚠ Zerodha token expired — regenerate today's access token and paste it in Settings
[2026-07-19 11:51:50] [market_data] ⚠ Zerodha token expired — regenerate today's access token and paste it in Settings
[2026-07-19 11:51:54] [market_data] ⚠ Zerodha token expired — regenerate today's access token and paste it in Settings
[2026-07-19 11:51:57] [market_data] ⚠ Zerodha token expired — regenerate today's access token and paste it in Settings
[2026-07-19 11:52:00] [market_data] ⚠ Zerodha token expired — regenerate today's access token and paste it in Settings
[2026-07-19 11:52:04] [market_data] ⚠ Zerodha token expired — regenerate today's access token and paste it in Settings
[2026-07-19 11:52:07] [market_data] ⚠ Zerodha token expired — regenerate today's access token and paste it in Settings
[2026-07-19 11:52:10] [market_data] ⚠ Zerodha token expired — regenerate today's access token and paste it in Settings
[2026-07-19 11:52:14] [market_data] ⚠ Zerodha token expired — regenerate today's access token and paste it in Settings
[2026-07-19 11:52:17] [market_data] ⚠ Zerodha token expired — regenerate today's access token and paste it in Settings
[2026-07-19 11:52:20] [market_data] ⚠ Zerodha token expired — regenerate today's access token and paste it in Settings
[2026-07-19 11:52:24] [market_data] ⚠ Zerodha token expired — regenerate today's access token and paste it in Settings
[2026-07-19 11:52:27] [market_data] ⚠ Zerodha token expired — regenerate today's access token and paste it in Settings
[2026-07-19 11:52:30] [market_data] ⚠ Zerodha token expired — regenerate today's access token and paste it in Settings
[2026-07-19 11:52:34] [market_data] ⚠ Zerodha token expired — regenerate today's access token and paste it in Settings
[2026-07-19 11:52:37] [market_data] ⚠ Zerodha token expired — regenerate today's access token and paste it in Settings
[2026-07-19 11:52:40] [market_data] ⚠ Zerodha token expired — regenerate today's access token and paste it in Settings
[2026-07-19 11:52:44] [market_data] ⚠ Zerodha token expired — regenerate today's access token and paste it in Settings
[2026-07-19 11:52:47] [market_data] ⚠ Zerodha token expired — regenerate today's access token and paste it in Settings
[2026-07-19 11:52:50] [market_data] ⚠ Zerodha token expired — regenerate today's access token and paste it in Settings
[2026-07-19 11:52:54] [market_data] ⚠ Zerodha token expired — regenerate today's access token and paste it in Settings
[2026-07-19 11:52:57] [market_data] ⚠ Zerodha token expired — regenerate today's access token and paste it in Settings
[2026-07-19 11:53:00] [market_data] ⚠ Zerodha token expired — regenerate today's access token and paste it in Settings
[2026-07-19 11:53:03] [market_data] ⚠ Zerodha token expired — regenerate today's access token and paste it in Settings
[2026-07-19 11:53:07] [market_data] ⚠ Zerodha token expired — regenerate today's access token and paste it in Settings
[2026-07-19 11:53:10] [market_data] ⚠ Zerodha token expired — regenerate today's access token and paste it in Settings
[2026-07-19 11:53:13] [market_data] ⚠ Zerodha token expired — regenerate today's access token and paste it in Settings
[2026-07-19 11:53:17] [market_data] ⚠ Zerodha token expired — regenerate today's access token and paste it in Settings
[2026-07-19 11:53:20] [market_data] ⚠ Zerodha token expired — regenerate today's access token and paste it in Settings
[2026-07-19 11:53:23] [market_data] ⚠ Zerodha token expired — regenerate today's access token and paste it in Settings
[2026-07-19 11:53:27] [market_data] ⚠ Zerodha token expired — regenerate today's access token and paste it in Settings
[2026-07-19 11:53:30] [market_data] ⚠ Zerodha token expired — regenerate today's access token and paste it in Settings
[2026-07-19 11:53:33] [market_data] ⚠ Zerodha token expired — regenerate today's access token and paste it in Settings
[2026-07-19 11:53:37] [market_data] ⚠ Zerodha token expired — regenerate today's access token and paste it in Settings
[2026-07-19 11:53:40] [market_data] ⚠ Zerodha token expired — regenerate today's access token and paste it in Settings
[2026-07-19 11:53:43] [market_data] ⚠ Zerodha token expired — regenerate today's access token and paste it in Settings
[2026-07-19 11:53:47] [market_data] ⚠ Zerodha token expired — regenerate today's access token and paste it in Settings
[2026-07-19 11:53:50] [market_data] ⚠ Zerodha token expired — regenerate today's access token and paste it in Settings
[2026-07-19 11:53:53] [market_data] ⚠ Zerodha token expired — regenerate today's access token and paste it in Settings
[2026-07-19 11:53:57] [market_data] ⚠ Zerodha token expired — regenerate today's access token and paste it in Settings
[2026-07-19 11:54:00] [market_data] ⚠ Zerodha token expired — regenerate today's access token and paste it in Settings
[2026-07-19 11:54:04] [market_data] ⚠ Zerodha token expired — regenerate today's access token and paste it in Settings
[2026-07-19 11:54:07] [market_data] ⚠ Zerodha token expired — regenerate today's access token and paste it in Settings
[2026-07-19 11:54:10] [market_data] ⚠ Zerodha token expired — regenerate today's access token and paste it in Settings
[2026-07-19 11:54:14] [market_data] ⚠ Zerodha token expired — regenerate today's access token and paste it in Settings
[2026-07-19 11:54:17] [market_data] ⚠ Zerodha token expired — regenerate today's access token and paste it in Settings
[2026-07-19 11:54:20] [market_data] ⚠ Zerodha token expired — regenerate today's access token and paste it in Settings
[2026-07-19 11:54:24] [market_data] ⚠ Zerodha token expired — regenerate today's access token and paste it in Settings
[2026-07-19 11:54:27] [market_data] ⚠ Zerodha token expired — regenerate today's access token and paste it in Settings
[2026-07-19 11:54:30] [market_data] ⚠ Zerodha token expired — regenerate today's access token and paste it in Settings
[2026-07-19 11:54:33] [market_data] ⚠ Zerodha token expired — regenerate today's access token and paste it in Settings
[2026-07-19 11:54:37] [market_data] ⚠ Zerodha token expired — regenerate today's access token and paste it in Settings
[2026-07-19 11:54:40] [market_data] ⚠ Zerodha token expired — regenerate today's access token and paste it in Settings
[2026-07-19 11:54:44] [market_data] ⚠ Zerodha token expired — regenerate today's access token and paste it in Settings
[2026-07-19 11:54:47] [market_data] ⚠ Zerodha token expired — regenerate today's access token and paste it in Settings
[2026-07-19 11:54:50] [market_data] ⚠ Zerodha token expired — regenerate today's access token and paste it in Settings
[2026-07-19 11:54:54] [market_data] ⚠ Zerodha token expired — regenerate today's access token and paste it in Settings
[2026-07-19 11:54:57] [market_data] ⚠ Zerodha token expired — regenerate today's access token and paste it in Settings
[2026-07-19 11:55:01] [market_data] ⚠ Zerodha token expired — regenerate today's access token and paste it in Settings
[2026-07-19 11:55:04] [market_data] ⚠ Zerodha token expired — regenerate today's access token and paste it in Settings
[2026-07-19 11:55:08] [market_data] ⚠ Zerodha token expired — regenerate today's access token and paste it in Settings
[2026-07-19 11:55:11] [market_data] ⚠ Zerodha token expired — regenerate today's access token and paste it in Settings
[2026-07-19 11:55:14] [market_data] ⚠ Zerodha token expired — regenerate today's access token and paste it in Settings
[2026-07-19 11:55:18] [market_data] ⚠ Zerodha token expired — regenerate today's access token and paste it in Settings
[2026-07-19 11:55:21] [market_data] ⚠ Zerodha token expired — regenerate today's access token and paste it in Settings
[2026-07-19 11:55:24] [market_data] ⚠ Zerodha token expired — regenerate today's access token and paste it in Settings
[2026-07-19 11:55:28] [market_data] ⚠ Zerodha token expired — regenerate today's access token and paste it in Settings
[2026-07-19 11:55:31] [market_data] ⚠ Zerodha token expired — regenerate today's access token and paste it in Settings
[2026-07-19 11:55:34] [market_data] ⚠ Zerodha token expired — regenerate today's access token and paste it in Settings
[2026-07-19 11:55:38] [market_data] ⚠ Zerodha token expired — regenerate today's access token and paste it in Settings
[2026-07-19 11:55:41] [market_data] ⚠ Zerodha token expired — regenerate today's access token and paste it in Settings
[2026-07-19 11:55:44] [market_data] ⚠ Zerodha token expired — regenerate today's access token and paste it in Settings
[2026-07-19 11:55:48] [market_data] ⚠ Zerodha token expired — regenerate today's access token and paste it in Settings
[2026-07-19 11:55:51] [market_data] ⚠ Zerodha token expired — regenerate today's access token and paste it in Settings
[2026-07-19 11:55:54] [market_data] ⚠ Zerodha token expired — regenerate today's access token and paste it in Settings
[2026-07-19 11:55:58] [market_data] ⚠ Zerodha token expired — regenerate today's access token and paste it in Settings
[2026-07-19 11:56:01] [market_data] ⚠ Zerodha token expired — regenerate today's access token and paste it in Settings
[2026-07-19 11:56:04] [market_data] ⚠ Zerodha token expired — regenerate today's access token and paste it in Settings
[2026-07-19 11:56:07] [market_data] ⚠ Zerodha token expired — regenerate today's access token and paste it in Settings
[2026-07-19 11:56:11] [market_data] ⚠ Zerodha token expired — regenerate today's access token and paste it in Settings
[2026-07-19 11:56:14] [market_data] ⚠ Zerodha token expired — regenerate today's access token and paste it in Settings
[2026-07-19 11:56:17] [market_data] ⚠ Zerodha token expired — regenerate today's access token and paste it in Settings
[2026-07-19 11:56:21] [market_data] ⚠ Zerodha token expired — regenerate today's access token and paste it in Settings
[2026-07-19 11:56:24] [market_data] ⚠ Zerodha token expired — regenerate today's access token and paste it in Settings
[2026-07-19 11:56:27] [market_data] ⚠ Zerodha token expired — regenerate today's access token and paste it in Settings
[2026-07-19 11:56:30] [market_data] ⚠ Zerodha token expired — regenerate today's access token and paste it in Settings
[2026-07-19 11:56:34] [market_data] ⚠ Zerodha token expired — regenerate today's access token and paste it in Settings
[2026-07-19 11:56:37] [market_data] ⚠ Zerodha token expired — regenerate today's access token and paste it in Settings
[2026-07-19 11:56:40] [market_data] ⚠ Zerodha token expired — regenerate today's access token and paste it in Settings
[2026-07-19 11:56:44] [market_data] ⚠ Zerodha token expired — regenerate today's access token and paste it in Settings
[2026-07-19 11:56:47] [market_data] ⚠ Zerodha token expired — regenerate today's access token and paste it in Settings
[2026-07-19 11:56:50] [market_data] ⚠ Zerodha token expired — regenerate today's access token and paste it in Settings
[2026-07-19 11:56:53] [market_data] ⚠ Zerodha token expired — regenerate today's access token and paste it in Settings
[2026-07-19 11:56:57] [market_data] ⚠ Zerodha token expired — regenerate today's access token and paste it in Settings
[2026-07-19 11:57:00] [market_data] ⚠ Zerodha token expired — regenerate today's access token and paste it in Settings
[2026-07-19 11:57:04] [market_data] ⚠ Zerodha token expired — regenerate today's access token and paste it in Settings
[2026-07-19 11:57:07] [market_data] ⚠ Zerodha token expired — regenerate today's access token and paste it in Settings
[2026-07-19 11:57:10] [market_data] ⚠ Zerodha token expired — regenerate today's access token and paste it in Settings
[2026-07-19 11:57:14] [market_data] ⚠ Zerodha token expired — regenerate today's access token and paste it in Settings
[2026-07-19 11:57:17] [market_data] ⚠ Zerodha token expired — regenerate today's access token and paste it in Settings
[2026-07-19 11:57:20] [market_data] ⚠ Zerodha token expired — regenerate today's access token and paste it in Settings
[2026-07-19 11:57:24] [market_data] ⚠ Zerodha token expired — regenerate today's access token and paste it in Settings
[2026-07-19 11:57:27] [market_data] ⚠ Zerodha token expired — regenerate today's access token and paste it in Settings
[2026-07-19 11:57:30] [market_data] ⚠ Zerodha token expired — regenerate today's access token and paste it in Settings
[2026-07-19 11:57:33] [market_data] ⚠ Zerodha token expired — regenerate today's access token and paste it in Settings
[2026-07-19 11:57:37] [market_data] ⚠ Zerodha token expired — regenerate today's access token and paste it in Settings
[2026-07-19 11:57:41] [market_data] ⚠ Zerodha token expired — regenerate today's access token and paste it in Settings
[2026-07-19 11:57:44] [market_data] ⚠ Zerodha token expired — regenerate today's access token and paste it in Settings
[2026-07-19 11:57:48] [market_data] ⚠ Zerodha token expired — regenerate today's access token and paste it in Settings
[2026-07-19 11:57:51] [market_data] ⚠ Zerodha token expired — regenerate today's access token and paste it in Settings
[2026-07-19 11:57:54] [market_data] ⚠ Zerodha token expired — regenerate today's access token and paste it in Settings
[2026-07-19 11:57:58] [market_data] ⚠ Zerodha token expired — regenerate today's access token and paste it in Settings
[2026-07-19 11:58:01] [market_data] ⚠ Zerodha token expired — regenerate today's access token and paste it in Settings
[2026-07-19 11:58:04] [market_data] ⚠ Zerodha token expired — regenerate today's access token and paste it in Settings
[2026-07-19 11:58:07] [market_data] ⚠ Zerodha token expired — regenerate today's access token and paste it in Settings
[2026-07-19 11:58:11] [market_data] ⚠ Zerodha token expired — regenerate today's access token and paste it in Settings
[2026-07-19 11:58:14] [market_data] ⚠ Zerodha token expired — regenerate today's access token and paste it in Settings
[2026-07-19 11:58:17] [market_data] ⚠ Zerodha token expired — regenerate today's access token and paste it in Settings
[2026-07-19 11:58:20] [market_data] ⚠ Zerodha token expired — regenerate today's access token and paste it in Settings
[2026-07-19 11:58:24] [market_data] ⚠ Zerodha token expired — regenerate today's access token and paste it in Settings
[2026-07-19 11:58:27] [market_data] ⚠ Zerodha token expired — regenerate today's access token and paste it in Settings
[2026-07-19 11:58:30] [market_data] ⚠ Zerodha token expired — regenerate today's access token and paste it in Settings
[2026-07-19 11:58:34] [market_data] ⚠ Zerodha token expired — regenerate today's access token and paste it in Settings
[2026-07-19 11:58:37] [market_data] ⚠ Zerodha token expired — regenerate today's access token and paste it in Settings
[2026-07-19 11:58:40] [market_data] ⚠ Zerodha token expired — regenerate today's access token and paste it in Settings
[2026-07-19 11:58:43] [market_data] ⚠ Zerodha token expired — regenerate today's access token and paste it in Settings
[2026-07-19 11:58:47] [market_data] ⚠ Zerodha token expired — regenerate today's access token and paste it in Settings
[2026-07-19 11:58:50] [market_data] ⚠ Zerodha token expired — regenerate today's access token and paste it in Settings
[2026-07-19 11:58:53] [market_data] ⚠ Zerodha token expired — regenerate today's access token and paste it in Settings
[2026-07-19 11:58:57] [market_data] ⚠ Zerodha token expired — regenerate today's access token and paste it in Settings
[2026-07-19 11:59:00] [market_data] ⚠ Zerodha token expired — regenerate today's access token and paste it in Settings
[2026-07-19 11:59:03] [market_data] ⚠ Zerodha token expired — regenerate today's access token and paste it in Settings
[2026-07-19 11:59:06] [market_data] ⚠ Zerodha token expired — regenerate today's access token and paste it in Settings
[2026-07-19 11:59:10] [market_data] ⚠ Zerodha token expired — regenerate today's access token and paste it in Settings
[2026-07-19 11:59:13] [market_data] ⚠ Zerodha token expired — regenerate today's access token and paste it in Settings
[2026-07-19 11:59:16] [market_data] ⚠ Zerodha token expired — regenerate today's access token and paste it in Settings
[2026-07-19 11:59:19] [market_data] ⚠ Zerodha token expired — regenerate today's access token and paste it in Settings
[2026-07-19 11:59:23] [market_data] ⚠ Zerodha token expired — regenerate today's access token and paste it in Settings
[2026-07-19 11:59:26] [market_data] ⚠ Zerodha token expired — regenerate today's access token and paste it in Settings
[2026-07-19 11:59:29] [market_data] ⚠ Zerodha token expired — regenerate today's access token and paste it in Settings
[2026-07-19 11:59:33] [market_data] ⚠ Zerodha token expired — regenerate today's access token and paste it in Settings
[2026-07-19 11:59:36] [market_data] ⚠ Zerodha token expired — regenerate today's access token and paste it in Settings
[2026-07-19 11:59:39] [market_data] ⚠ Zerodha token expired — regenerate today's access token and paste it in Settings
[2026-07-19 11:59:42] [market_data] ⚠ Zerodha token expired — regenerate today's access token and paste it in Settings
[2026-07-19 11:59:46] [market_data] ⚠ Zerodha token expired — regenerate today's access token and paste it in Settings
[2026-07-19 11:59:49] [market_data] ⚠ Zerodha token expired — regenerate today's access token and paste it in Settings
[2026-07-19 11:59:52] [market_data] ⚠ Zerodha token expired — regenerate today's access token and paste it in Settings
[2026-07-19 11:59:56] [market_data] ⚠ Zerodha token expired — regenerate today's access token and paste it in Settings
[2026-07-19 11:59:59] [market_data] ⚠ Zerodha token expired — regenerate today's access token and paste it in Settings
[2026-07-19 12:00:03] [market_data] ⚠ Zerodha token expired — regenerate today's access token and paste it in Settings
[2026-07-19 12:00:06] [market_data] ⚠ Zerodha token expired — regenerate today's access token and paste it in Settings
[2026-07-19 12:00:09] [market_data] ⚠ Zerodha token expired — regenerate today's access token and paste it in Settings
[2026-07-19 12:00:13] [market_data] ⚠ Zerodha token expired — regenerate today's access token and paste it in Settings
[2026-07-19 12:00:16] [market_data] ⚠ Zerodha token expired — regenerate today's access token and paste it in Settings
[2026-07-19 12:00:19] [market_data] ⚠ Zerodha token expired — regenerate today's access token and paste it in Settings
[2026-07-19 12:00:22] [market_data] ⚠ Zerodha token expired — regenerate today's access token and paste it in Settings
[2026-07-19 12:00:26] [market_data] ⚠ Zerodha token expired — regenerate today's access token and paste it in Settings
[2026-07-19 12:00:29] [market_data] ⚠ Zerodha token expired — regenerate today's access token and paste it in Settings
[2026-07-19 12:00:32] [market_data] ⚠ Zerodha token expired — regenerate today's access token and paste it in Settings
[2026-07-19 12:00:36] [market_data] ⚠ Zerodha token expired — regenerate today's access token and paste it in Settings
[2026-07-19 12:00:39] [market_data] ⚠ Zerodha token expired — regenerate today's access token and paste it in Settings
[2026-07-19 12:00:42] [market_data] ⚠ Zerodha token expired — regenerate today's access token and paste it in Settings
[2026-07-19 12:00:46] [market_data] ⚠ Zerodha token expired — regenerate today's access token and paste it in Settings
[2026-07-19 12:00:49] [market_data] ⚠ Zerodha token expired — regenerate today's access token and paste it in Settings
[2026-07-19 12:00:52] [market_data] ⚠ Zerodha token expired — regenerate today's access token and paste it in Settings
[2026-07-19 12:00:55] [market_data] ⚠ Zerodha token expired — regenerate today's access token and paste it in Settings
[2026-07-19 12:00:59] [market_data] ⚠ Zerodha token expired — regenerate today's access token and paste it in Settings
[2026-07-19 12:01:02] [market_data] ⚠ Zerodha token expired — regenerate today's access token and paste it in Settings
[2026-07-19 12:01:05] [market_data] ⚠ Zerodha token expired — regenerate today's access token and paste it in Settings
[2026-07-19 12:01:08] [market_data] ⚠ Zerodha token expired — regenerate today's access token and paste it in Settings
[2026-07-19 12:01:12] [market_data] ⚠ Zerodha token expired — regenerate today's access token and paste it in Settings
[2026-07-19 12:01:15] [market_data] ⚠ Zerodha token expired — regenerate today's access token and paste it in Settings
[2026-07-19 12:01:18] [market_data] ⚠ Zerodha token expired — regenerate today's access token and paste it in Settings
[2026-07-19 12:01:22] [market_data] ⚠ Zerodha token expired — regenerate today's access token and paste it in Settings
[2026-07-19 12:01:25] [market_data] ⚠ Zerodha token expired — regenerate today's access token and paste it in Settings
[2026-07-19 12:01:28] [market_data] ⚠ Zerodha token expired — regenerate today's access token and paste it in Settings
[2026-07-19 12:01:31] [market_data] ⚠ Zerodha token expired — regenerate today's access token and paste it in Settings
[2026-07-19 12:01:35] [market_data] ⚠ Zerodha token expired — regenerate today's access token and paste it in Settings
[2026-07-19 12:01:38] [market_data] ⚠ Zerodha token expired — regenerate today's access token and paste it in Settings
[2026-07-19 12:01:41] [market_data] ⚠ Zerodha token expired — regenerate today's access token and paste it in Settings
[2026-07-19 12:01:44] [market_data] ⚠ Zerodha token expired — regenerate today's access token and paste it in Settings
[2026-07-19 12:01:48] [market_data] ⚠ Zerodha token expired — regenerate today's access token and paste it in Settings
[2026-07-19 12:01:51] [market_data] ⚠ Zerodha token expired — regenerate today's access token and paste it in Settings
[2026-07-19 12:01:54] [market_data] ⚠ Zerodha token expired — regenerate today's access token and paste it in Settings
[2026-07-19 12:01:58] [market_data] ⚠ Zerodha token expired — regenerate today's access token and paste it in Settings
[2026-07-19 12:02:01] [market_data] ⚠ Zerodha token expired — regenerate today's access token and paste it in Settings
[2026-07-19 12:02:04] [market_data] ⚠ Zerodha token expired — regenerate today's access token and paste it in Settings
[2026-07-19 12:02:08] [market_data] ⚠ Zerodha token expired — regenerate today's access token and paste it in Settings
[2026-07-19 12:02:11] [market_data] ⚠ Zerodha token expired — regenerate today's access token and paste it in Settings
[2026-07-19 12:02:14] [market_data] ⚠ Zerodha token expired — regenerate today's access token and paste it in Settings
[2026-07-19 12:02:18] [market_data] ⚠ Zerodha token expired — regenerate today's access token and paste it in Settings
[2026-07-19 12:02:21] [market_data] ⚠ Zerodha token expired — regenerate today's access token and paste it in Settings
[2026-07-19 12:02:24] [market_data] ⚠ Zerodha token expired — regenerate today's access token and paste it in Settings
[2026-07-19 12:02:28] [market_data] ⚠ Zerodha token expired — regenerate today's access token and paste it in Settings
[2026-07-19 12:02:31] [market_data] ⚠ Zerodha token expired — regenerate today's access token and paste it in Settings
[2026-07-19 12:02:34] [market_data] ⚠ Zerodha token expired — regenerate today's access token and paste it in Settings
[2026-07-19 12:02:38] [market_data] ⚠ Zerodha token expired — regenerate today's access token and paste it in Settings
[2026-07-19 12:02:41] [market_data] ⚠ Zerodha token expired — regenerate today's access token and paste it in Settings
[2026-07-19 12:02:45] [market_data] ⚠ Zerodha token expired — regenerate today's access token and paste it in Settings
[2026-07-19 12:02:48] [market_data] ⚠ Zerodha token expired — regenerate today's access token and paste it in Settings
[2026-07-19 12:02:51] [market_data] ⚠ Zerodha token expired — regenerate today's access token and paste it in Settings
[2026-07-19 12:02:55] [market_data] ⚠ Zerodha token expired — regenerate today's access token and paste it in Settings
[2026-07-19 12:02:58] [market_data] ⚠ Zerodha token expired — regenerate today's access token and paste it in Settings
[2026-07-19 12:03:01] [market_data] ⚠ Zerodha token expired — regenerate today's access token and paste it in Settings
[2026-07-19 12:03:05] [market_data] ⚠ Zerodha token expired — regenerate today's access token and paste it in Settings
[2026-07-19 12:03:08] [market_data] ⚠ Zerodha token expired — regenerate today's access token and paste it in Settings
[2026-07-19 12:03:13] [market_data] ⚠ Zerodha token expired — regenerate today's access token and paste it in Settings
[2026-07-19 12:03:16] [market_data] ⚠ Zerodha token expired — regenerate today's access token and paste it in Settings
[2026-07-19 12:03:19] [market_data] ⚠ Zerodha token expired — regenerate today's access token and paste it in Settings
[2026-07-19 12:03:23] [market_data] ⚠ Zerodha token expired — regenerate today's access token and paste it in Settings
[2026-07-19 12:03:26] [market_data] ⚠ Zerodha token expired — regenerate today's access token and paste it in Settings
[2026-07-19 12:03:30] [market_data] ⚠ Zerodha token expired — regenerate today's access token and paste it in Settings
[2026-07-19 12:03:33] [market_data] ⚠ Zerodha token expired — regenerate today's access token and paste it in Settings
[2026-07-19 12:03:36] [market_data] ⚠ Zerodha token expired — regenerate today's access token and paste it in Settings
[2026-07-19 12:03:40] [market_data] ⚠ Zerodha token expired — regenerate today's access token and paste it in Settings
[2026-07-19 12:03:43] [market_data] ⚠ Zerodha token expired — regenerate today's access token and paste it in Settings
[2026-07-19 12:03:46] [market_data] ⚠ Zerodha token expired — regenerate today's access token and paste it in Settings
[2026-07-19 12:03:50] [market_data] ⚠ Zerodha token expired — regenerate today's access token and paste it in Settings
[2026-07-19 12:03:53] [market_data] ⚠ Zerodha token expired — regenerate today's access token and paste it in Settings
[2026-07-19 12:03:56] [market_data] ⚠ Zerodha token expired — regenerate today's access token and paste it in Settings
[2026-07-19 12:03:59] [market_data] ⚠ Zerodha token expired — regenerate today's access token and paste it in Settings
[2026-07-19 12:04:03] [market_data] ⚠ Zerodha token expired — regenerate today's access token and paste it in Settings
[2026-07-19 12:04:06] [market_data] ⚠ Zerodha token expired — regenerate today's access token and paste it in Settings
[2026-07-19 12:04:09] [market_data] ⚠ Zerodha token expired — regenerate today's access token and paste it in Settings
[2026-07-19 12:04:13] [market_data] ⚠ Zerodha token expired — regenerate today's access token and paste it in Settings
[2026-07-19 12:04:16] [market_data] ⚠ Zerodha token expired — regenerate today's access token and paste it in Settings
[2026-07-19 12:04:19] [market_data] ⚠ Zerodha token expired — regenerate today's access token and paste it in Settings
[2026-07-19 12:04:22] [market_data] ⚠ Zerodha token expired — regenerate today's access token and paste it in Settings
[2026-07-19 12:04:26] [market_data] ⚠ Zerodha token expired — regenerate today's access token and paste it in Settings
[2026-07-19 12:04:29] [market_data] ⚠ Zerodha token expired — regenerate today's access token and paste it in Settings
[2026-07-19 12:04:32] [market_data] ⚠ Zerodha token expired — regenerate today's access token and paste it in Settings
[2026-07-19 12:04:36] [market_data] ⚠ Zerodha token expired — regenerate today's access token and paste it in Settings
[2026-07-19 12:04:39] [market_data] ⚠ Zerodha token expired — regenerate today's access token and paste it in Settings
[2026-07-19 12:04:42] [market_data] ⚠ Zerodha token expired — regenerate today's access token and paste it in Settings
[2026-07-19 12:04:45] [market_data] ⚠ Zerodha token expired — regenerate today's access token and paste it in Settings
[2026-07-19 12:04:49] [market_data] ⚠ Zerodha token expired — regenerate today's access token and paste it in Settings
[2026-07-19 12:04:52] [market_data] ⚠ Zerodha token expired — regenerate today's access token and paste it in Settings
[2026-07-19 12:04:55] [market_data] ⚠ Zerodha token expired — regenerate today's access token and paste it in Settings
[2026-07-19 12:04:58] [market_data] ⚠ Zerodha token expired — regenerate today's access token and paste it in Settings
[2026-07-19 12:05:02] [market_data] ⚠ Zerodha token expired — regenerate today's access token and paste it in Settings
[2026-07-19 12:05:05] [market_data] ⚠ Zerodha token expired — regenerate today's access token and paste it in Settings
[2026-07-19 12:05:08] [market_data] ⚠ Zerodha token expired — regenerate today's access token and paste it in Settings
[2026-07-19 12:05:12] [market_data] ⚠ Zerodha token expired — regenerate today's access token and paste it in Settings
[2026-07-19 12:05:15] [market_data] ⚠ Zerodha token expired — regenerate today's access token and paste it in Settings
[2026-07-19 12:05:18] [market_data] ⚠ Zerodha token expired — regenerate today's access token and paste it in Settings
[2026-07-19 12:05:21] [market_data] ⚠ Zerodha token expired — regenerate today's access token and paste it in Settings
[2026-07-19 12:05:25] [market_data] ⚠ Zerodha token expired — regenerate today's access token and paste it in Settings
[2026-07-19 12:05:28] [market_data] ⚠ Zerodha token expired — regenerate today's access token and paste it in Settings
[2026-07-19 12:05:31] [market_data] ⚠ Zerodha token expired — regenerate today's access token and paste it in Settings
[2026-07-19 12:05:34] [market_data] ⚠ Zerodha token expired — regenerate today's access token and paste it in Settings
[2026-07-19 12:05:38] [market_data] ⚠ Zerodha token expired — regenerate today's access token and paste it in Settings
[2026-07-19 12:05:41] [market_data] ⚠ Zerodha token expired — regenerate today's access token and paste it in Settings
[2026-07-19 12:05:44] [market_data] ⚠ Zerodha token expired — regenerate today's access token and paste it in Settings
[2026-07-19 12:05:48] [market_data] ⚠ Zerodha token expired — regenerate today's access token and paste it in Settings
[2026-07-19 12:05:51] [market_data] ⚠ Zerodha token expired — regenerate today's access token and paste it in Settings
[2026-07-19 12:05:55] [market_data] ⚠ Zerodha token expired — regenerate today's access token and paste it in Settings
[2026-07-19 12:05:59] [market_data] ⚠ Zerodha token expired — regenerate today's access token and paste it in Settings
[2026-07-19 12:06:02] [market_data] ⚠ Zerodha token expired — regenerate today's access token and paste it in Settings
[2026-07-19 12:06:05] [market_data] ⚠ Zerodha token expired — regenerate today's access token and paste it in Settings
[2026-07-19 12:06:09] [market_data] ⚠ Zerodha token expired — regenerate today's access token and paste it in Settings
[2026-07-19 12:06:12] [market_data] ⚠ Zerodha token expired — regenerate today's access token and paste it in Settings
[2026-07-19 12:06:15] [market_data] ⚠ Zerodha token expired — regenerate today's access token and paste it in Settings
[2026-07-19 12:06:18] [market_data] ⚠ Zerodha token expired — regenerate today's access token and paste it in Settings
[2026-07-19 12:06:22] [market_data] ⚠ Zerodha token expired — regenerate today's access token and paste it in Settings
[2026-07-19 12:06:25] [market_data] ⚠ Zerodha token expired — regenerate today's access token and paste it in Settings
[2026-07-19 12:06:28] [market_data] ⚠ Zerodha token expired — regenerate today's access token and paste it in Settings
[2026-07-19 12:06:32] [market_data] ⚠ Zerodha token expired — regenerate today's access token and paste it in Settings
[2026-07-19 12:06:36] [market_data] ⚠ Zerodha token expired — regenerate today's access token and paste it in Settings
[2026-07-19 12:06:39] [market_data] ⚠ Zerodha token expired — regenerate today's access token and paste it in Settings
[2026-07-19 12:06:42] [market_data] ⚠ Zerodha token expired — regenerate today's access token and paste it in Settings
[2026-07-19 12:06:46] [market_data] ⚠ Zerodha token expired — regenerate today's access token and paste it in Settings
[2026-07-19 12:06:49] [market_data] ⚠ Zerodha token expired — regenerate today's access token and paste it in Settings
[2026-07-19 12:06:53] [market_data] ⚠ Zerodha token expired — regenerate today's access token and paste it in Settings
[2026-07-19 12:06:56] [market_data] ⚠ Zerodha token expired — regenerate today's access token and paste it in Settings
[2026-07-19 12:06:59] [market_data] ⚠ Zerodha token expired — regenerate today's access token and paste it in Settings
[2026-07-19 12:07:03] [market_data] ⚠ Zerodha token expired — regenerate today's access token and paste it in Settings
[2026-07-19 12:07:06] [market_data] ⚠ Zerodha token expired — regenerate today's access token and paste it in Settings
[2026-07-19 12:07:09] [market_data] ⚠ Zerodha token expired — regenerate today's access token and paste it in Settings
[2026-07-19 12:07:13] [market_data] ⚠ Zerodha token expired — regenerate today's access token and paste it in Settings
[2026-07-19 12:07:16] [market_data] ⚠ Zerodha token expired — regenerate today's access token and paste it in Settings
[2026-07-19 12:07:19] [market_data] ⚠ Zerodha token expired — regenerate today's access token and paste it in Settings
[2026-07-19 12:07:23] [market_data] ⚠ Zerodha token expired — regenerate today's access token and paste it in Settings
[2026-07-19 12:07:26] [market_data] ⚠ Zerodha token expired — regenerate today's access token and paste it in Settings
[2026-07-19 12:07:29] [market_data] ⚠ Zerodha token expired — regenerate today's access token and paste it in Settings
[2026-07-19 12:07:33] [market_data] ⚠ Zerodha token expired — regenerate today's access token and paste it in Settings
[2026-07-19 12:07:36] [market_data] ⚠ Zerodha token expired — regenerate today's access token and paste it in Settings
[2026-07-19 12:07:39] [market_data] ⚠ Zerodha token expired — regenerate today's access token and paste it in Settings
[2026-07-19 12:07:43] [market_data] ⚠ Zerodha token expired — regenerate today's access token and paste it in Settings
[2026-07-19 12:07:46] [market_data] ⚠ Zerodha token expired — regenerate today's access token and paste it in Settings
[2026-07-19 12:07:49] [market_data] ⚠ Zerodha token expired — regenerate today's access token and paste it in Settings
[2026-07-19 12:07:53] [market_data] ⚠ Zerodha token expired — regenerate today's access token and paste it in Settings
[2026-07-19 12:07:56] [market_data] ⚠ Zerodha token expired — regenerate today's access token and paste it in Settings
[2026-07-19 12:07:59] [market_data] ⚠ Zerodha token expired — regenerate today's access token and paste it in Settings
[2026-07-19 12:08:03] [market_data] ⚠ Zerodha token expired — regenerate today's access token and paste it in Settings
[2026-07-19 12:08:06] [market_data] ⚠ Zerodha token expired — regenerate today's access token and paste it in Settings
[2026-07-19 12:08:09] [market_data] ⚠ Zerodha token expired — regenerate today's access token and paste it in Settings
[2026-07-19 12:08:13] [market_data] ⚠ Zerodha token expired — regenerate today's access token and paste it in Settings
[2026-07-19 12:08:16] [market_data] ⚠ Zerodha token expired — regenerate today's access token and paste it in Settings
[2026-07-19 12:08:19] [market_data] ⚠ Zerodha token expired — regenerate today's access token and paste it in Settings
[2026-07-19 12:08:23] [market_data] ⚠ Zerodha token expired — regenerate today's access token and paste it in Settings
[2026-07-19 12:08:26] [market_data] ⚠ Zerodha token expired — regenerate today's access token and paste it in Settings
[2026-07-19 12:08:29] [market_data] ⚠ Zerodha token expired — regenerate today's access token and paste it in Settings
[2026-07-19 12:08:33] [market_data] ⚠ Zerodha token expired — regenerate today's access token and paste it in Settings
[2026-07-19 12:08:36] [market_data] ⚠ Zerodha token expired — regenerate today's access token and paste it in Settings
[2026-07-19 12:08:39] [market_data] ⚠ Zerodha token expired — regenerate today's access token and paste it in Settings
[2026-07-19 12:08:43] [market_data] ⚠ Zerodha token expired — regenerate today's access token and paste it in Settings
[2026-07-19 12:08:46] [market_data] ⚠ Zerodha token expired — regenerate today's access token and paste it in Settings
[2026-07-19 12:08:49] [market_data] ⚠ Zerodha token expired — regenerate today's access token and paste it in Settings
[2026-07-19 12:08:53] [market_data] ⚠ Zerodha token expired — regenerate today's access token and paste it in Settings
[2026-07-19 12:08:56] [market_data] ⚠ Zerodha token expired — regenerate today's access token and paste it in Settings
[2026-07-19 12:08:59] [market_data] ⚠ Zerodha token expired — regenerate today's access token and paste it in Settings
[2026-07-19 12:09:03] [market_data] ⚠ Zerodha token expired — regenerate today's access token and paste it in Settings
[2026-07-19 12:09:06] [market_data] ⚠ Zerodha token expired — regenerate today's access token and paste it in Settings
[2026-07-19 12:09:09] [market_data] ⚠ Zerodha token expired — regenerate today's access token and paste it in Settings
[2026-07-19 12:09:12] [market_data] ⚠ Zerodha token expired — regenerate today's access token and paste it in Settings
[2026-07-19 12:09:16] [market_data] ⚠ Zerodha token expired — regenerate today's access token and paste it in Settings
[2026-07-19 12:09:19] [market_data] ⚠ Zerodha token expired — regenerate today's access token and paste it in Settings
[2026-07-19 12:09:22] [market_data] ⚠ Zerodha token expired — regenerate today's access token and paste it in Settings
[2026-07-19 12:09:25] [market_data] ⚠ Zerodha token expired — regenerate today's access token and paste it in Settings
[2026-07-19 12:09:29] [market_data] ⚠ Zerodha token expired — regenerate today's access token and paste it in Settings
[2026-07-19 12:09:32] [market_data] ⚠ Zerodha token expired — regenerate today's access token and paste it in Settings
[2026-07-19 12:09:35] [market_data] ⚠ Zerodha token expired — regenerate today's access token and paste it in Settings
[2026-07-19 12:09:39] [market_data] ⚠ Zerodha token expired — regenerate today's access token and paste it in Settings
[2026-07-19 12:09:42] [market_data] ⚠ Zerodha token expired — regenerate today's access token and paste it in Settings
[2026-07-19 12:09:45] [market_data] ⚠ Zerodha token expired — regenerate today's access token and paste it in Settings
[2026-07-19 12:09:48] [market_data] ⚠ Zerodha token expired — regenerate today's access token and paste it in Settings
[2026-07-19 12:09:52] [market_data] ⚠ Zerodha token expired — regenerate today's access token and paste it in Settings
[2026-07-19 12:09:55] [market_data] ⚠ Zerodha token expired — regenerate today's access token and paste it in Settings
[2026-07-19 12:09:58] [market_data] ⚠ Zerodha token expired — regenerate today's access token and paste it in Settings
[2026-07-19 12:10:01] [market_data] ⚠ Zerodha token expired — regenerate today's access token and paste it in Settings
[2026-07-19 12:10:05] [market_data] ⚠ Zerodha token expired — regenerate today's access token and paste it in Settings
[2026-07-19 12:10:08] [market_data] ⚠ Zerodha token expired — regenerate today's access token and paste it in Settings
[2026-07-19 12:10:11] [market_data] ⚠ Zerodha token expired — regenerate today's access token and paste it in Settings
[2026-07-19 12:10:15] [market_data] ⚠ Zerodha token expired — regenerate today's access token and paste it in Settings
[2026-07-19 12:10:18] [market_data] ⚠ Zerodha token expired — regenerate today's access token and paste it in Settings
[2026-07-19 12:10:21] [market_data] ⚠ Zerodha token expired — regenerate today's access token and paste it in Settings
[2026-07-19 12:10:24] [market_data] ⚠ Zerodha token expired — regenerate today's access token and paste it in Settings
[2026-07-19 12:10:28] [market_data] ⚠ Zerodha token expired — regenerate today's access token and paste it in Settings
[2026-07-19 12:10:31] [market_data] ⚠ Zerodha token expired — regenerate today's access token and paste it in Settings
[2026-07-19 12:10:34] [market_data] ⚠ Zerodha token expired — regenerate today's access token and paste it in Settings
[2026-07-19 12:10:38] [market_data] ⚠ Zerodha token expired — regenerate today's access token and paste it in Settings
[2026-07-19 12:10:41] [market_data] ⚠ Zerodha token expired — regenerate today's access token and paste it in Settings
[2026-07-19 12:10:44] [market_data] ⚠ Zerodha token expired — regenerate today's access token and paste it in Settings
[2026-07-19 12:10:47] [market_data] ⚠ Zerodha token expired — regenerate today's access token and paste it in Settings
[2026-07-19 12:10:51] [market_data] ⚠ Zerodha token expired — regenerate today's access token and paste it in Settings
[2026-07-19 12:10:54] [market_data] ⚠ Zerodha token expired — regenerate today's access token and paste it in Settings
[2026-07-19 12:10:57] [market_data] ⚠ Zerodha token expired — regenerate today's access token and paste it in Settings
[2026-07-19 12:11:01] [market_data] ⚠ Zerodha token expired — regenerate today's access token and paste it in Settings
[2026-07-19 12:11:04] [market_data] ⚠ Zerodha token expired — regenerate today's access token and paste it in Settings
[2026-07-19 12:11:07] [market_data] ⚠ Zerodha token expired — regenerate today's access token and paste it in Settings
[2026-07-19 12:11:10] [market_data] ⚠ Zerodha token expired — regenerate today's access token and paste it in Settings
[2026-07-19 12:11:14] [market_data] ⚠ Zerodha token expired — regenerate today's access token and paste it in Settings
[2026-07-19 12:11:17] [market_data] ⚠ Zerodha token expired — regenerate today's access token and paste it in Settings
[2026-07-19 12:11:20] [market_data] ⚠ Zerodha token expired — regenerate today's access token and paste it in Settings
[2026-07-19 12:11:24] [market_data] ⚠ Zerodha token expired — regenerate today's access token and paste it in Settings
[2026-07-19 12:11:27] [market_data] ⚠ Zerodha token expired — regenerate today's access token and paste it in Settings
[2026-07-19 12:11:30] [market_data] ⚠ Zerodha token expired — regenerate today's access token and paste it in Settings
[2026-07-19 12:11:33] [market_data] ⚠ Zerodha token expired — regenerate today's access token and paste it in Settings
[2026-07-19 12:11:37] [market_data] ⚠ Zerodha token expired — regenerate today's access token and paste it in Settings
[2026-07-19 12:11:40] [market_data] ⚠ Zerodha token expired — regenerate today's access token and paste it in Settings
[2026-07-19 12:11:43] [market_data] ⚠ Zerodha token expired — regenerate today's access token and paste it in Settings
[2026-07-19 12:11:47] [market_data] ⚠ Zerodha token expired — regenerate today's access token and paste it in Settings
[2026-07-19 12:11:50] [market_data] ⚠ Zerodha token expired — regenerate today's access token and paste it in Settings
[2026-07-19 12:11:53] [market_data] ⚠ Zerodha token expired — regenerate today's access token and paste it in Settings
[2026-07-19 12:11:56] [market_data] ⚠ Zerodha token expired — regenerate today's access token and paste it in Settings
[2026-07-19 12:12:00] [market_data] ⚠ Zerodha token expired — regenerate today's access token and paste it in Settings
[2026-07-19 12:12:03] [market_data] ⚠ Zerodha token expired — regenerate today's access token and paste it in Settings
[2026-07-19 12:12:06] [market_data] ⚠ Zerodha token expired — regenerate today's access token and paste it in Settings
[2026-07-19 12:12:10] [market_data] ⚠ Zerodha token expired — regenerate today's access token and paste it in Settings
[2026-07-19 12:12:13] [market_data] ⚠ Zerodha token expired — regenerate today's access token and paste it in Settings
[2026-07-19 12:12:16] [market_data] ⚠ Zerodha token expired — regenerate today's access token and paste it in Settings
[2026-07-19 12:12:20] [market_data] ⚠ Zerodha token expired — regenerate today's access token and paste it in Settings
[2026-07-19 12:12:23] [market_data] ⚠ Zerodha token expired — regenerate today's access token and paste it in Settings
[2026-07-19 12:12:27] [market_data] ⚠ Zerodha token expired — regenerate today's access token and paste it in Settings
[2026-07-19 12:12:30] [market_data] ⚠ Zerodha token expired — regenerate today's access token and paste it in Settings
[2026-07-19 12:12:34] [market_data] ⚠ Zerodha token expired — regenerate today's access token and paste it in Settings
[2026-07-19 12:12:37] [market_data] ⚠ Zerodha token expired — regenerate today's access token and paste it in Settings
[2026-07-19 12:12:40] [market_data] ⚠ Zerodha token expired — regenerate today's access token and paste it in Settings
[2026-07-19 12:12:44] [market_data] ⚠ Zerodha token expired — regenerate today's access token and paste it in Settings
[2026-07-19 12:12:47] [market_data] ⚠ Zerodha token expired — regenerate today's access token and paste it in Settings
[2026-07-19 12:12:50] [market_data] ⚠ Zerodha token expired — regenerate today's access token and paste it in Settings
[2026-07-19 12:12:54] [market_data] ⚠ Zerodha token expired — regenerate today's access token and paste it in Settings
[2026-07-19 12:12:57] [market_data] ⚠ Zerodha token expired — regenerate today's access token and paste it in Settings
[2026-07-19 12:13:01] [market_data] ⚠ Zerodha token expired — regenerate today's access token and paste it in Settings
[2026-07-19 12:13:04] [market_data] ⚠ Zerodha token expired — regenerate today's access token and paste it in Settings
[2026-07-19 12:13:07] [market_data] ⚠ Zerodha token expired — regenerate today's access token and paste it in Settings
[2026-07-19 12:13:11] [market_data] ⚠ Zerodha token expired — regenerate today's access token and paste it in Settings
[2026-07-19 12:13:14] [market_data] ⚠ Zerodha token expired — regenerate today's access token and paste it in Settings
[2026-07-19 12:13:17] [market_data] ⚠ Zerodha token expired — regenerate today's access token and paste it in Settings
[2026-07-19 12:13:20] [market_data] ⚠ Zerodha token expired — regenerate today's access token and paste it in Settings
[2026-07-19 12:13:24] [market_data] ⚠ Zerodha token expired — regenerate today's access token and paste it in Settings
[2026-07-19 12:13:27] [market_data] ⚠ Zerodha token expired — regenerate today's access token and paste it in Settings
[2026-07-19 12:13:30] [market_data] ⚠ Zerodha token expired — regenerate today's access token and paste it in Settings
[2026-07-19 12:13:34] [market_data] ⚠ Zerodha token expired — regenerate today's access token and paste it in Settings
[2026-07-19 12:13:37] [market_data] ⚠ Zerodha token expired — regenerate today's access token and paste it in Settings
[2026-07-19 12:13:41] [market_data] ⚠ Zerodha token expired — regenerate today's access token and paste it in Settings
[2026-07-19 12:13:44] [market_data] ⚠ Zerodha token expired — regenerate today's access token and paste it in Settings
[2026-07-19 12:13:48] [market_data] ⚠ Zerodha token expired — regenerate today's access token and paste it in Settings
[2026-07-19 12:13:51] [market_data] ⚠ Zerodha token expired — regenerate today's access token and paste it in Settings
[2026-07-19 12:13:55] [market_data] ⚠ Zerodha token expired — regenerate today's access token and paste it in Settings
[2026-07-19 12:13:58] [market_data] ⚠ Zerodha token expired — regenerate today's access token and paste it in Settings
[2026-07-19 12:14:01] [market_data] ⚠ Zerodha token expired — regenerate today's access token and paste it in Settings
[2026-07-19 12:14:04] [market_data] ⚠ Zerodha token expired — regenerate today's access token and paste it in Settings
[2026-07-19 12:14:08] [market_data] ⚠ Zerodha token expired — regenerate today's access token and paste it in Settings
[2026-07-19 12:14:11] [market_data] ⚠ Zerodha token expired — regenerate today's access token and paste it in Settings
[2026-07-19 12:14:14] [market_data] ⚠ Zerodha token expired — regenerate today's access token and paste it in Settings
[2026-07-19 12:14:18] [market_data] ⚠ Zerodha token expired — regenerate today's access token and paste it in Settings
[2026-07-19 12:14:21] [market_data] ⚠ Zerodha token expired — regenerate today's access token and paste it in Settings
[2026-07-19 12:14:24] [market_data] ⚠ Zerodha token expired — regenerate today's access token and paste it in Settings
[2026-07-19 12:14:28] [market_data] ⚠ Zerodha token expired — regenerate today's access token and paste it in Settings
[2026-07-19 12:14:31] [market_data] ⚠ Zerodha token expired — regenerate today's access token and paste it in Settings
[2026-07-19 12:14:34] [market_data] ⚠ Zerodha token expired — regenerate today's access token and paste it in Settings
[2026-07-19 12:14:38] [market_data] ⚠ Zerodha token expired — regenerate today's access token and paste it in Settings
[2026-07-19 12:14:41] [market_data] ⚠ Zerodha token expired — regenerate today's access token and paste it in Settings
[2026-07-19 12:14:44] [market_data] ⚠ Zerodha token expired — regenerate today's access token and paste it in Settings
[2026-07-19 12:14:47] [market_data] ⚠ Zerodha token expired — regenerate today's access token and paste it in Settings
[2026-07-19 12:14:51] [market_data] ⚠ Zerodha token expired — regenerate today's access token and paste it in Settings
[2026-07-19 12:14:54] [market_data] ⚠ Zerodha token expired — regenerate today's access token and paste it in Settings
[2026-07-19 12:14:57] [market_data] ⚠ Zerodha token expired — regenerate today's access token and paste it in Settings
[2026-07-19 12:15:01] [market_data] ⚠ Zerodha token expired — regenerate today's access token and paste it in Settings
[2026-07-19 12:15:04] [market_data] ⚠ Zerodha token expired — regenerate today's access token and paste it in Settings
[2026-07-19 12:15:07] [market_data] ⚠ Zerodha token expired — regenerate today's access token and paste it in Settings
[2026-07-19 12:15:11] [market_data] ⚠ Zerodha token expired — regenerate today's access token and paste it in Settings
[2026-07-19 12:15:14] [market_data] ⚠ Zerodha token expired — regenerate today's access token and paste it in Settings
[2026-07-19 12:15:17] [market_data] ⚠ Zerodha token expired — regenerate today's access token and paste it in Settings
[2026-07-19 12:15:20] [market_data] ⚠ Zerodha token expired — regenerate today's access token and paste it in Settings
[2026-07-19 12:15:24] [market_data] ⚠ Zerodha token expired — regenerate today's access token and paste it in Settings
[2026-07-19 12:15:27] [market_data] ⚠ Zerodha token expired — regenerate today's access token and paste it in Settings
[2026-07-19 12:15:30] [market_data] ⚠ Zerodha token expired — regenerate today's access token and paste it in Settings
[2026-07-19 12:15:33] [market_data] ⚠ Zerodha token expired — regenerate today's access token and paste it in Settings
[2026-07-19 12:15:37] [market_data] ⚠ Zerodha token expired — regenerate today's access token and paste it in Settings
[2026-07-19 12:15:40] [market_data] ⚠ Zerodha token expired — regenerate today's access token and paste it in Settings
[2026-07-19 12:15:43] [market_data] ⚠ Zerodha token expired — regenerate today's access token and paste it in Settings
[2026-07-19 12:15:47] [market_data] ⚠ Zerodha token expired — regenerate today's access token and paste it in Settings
[2026-07-19 12:15:50] [market_data] ⚠ Zerodha token expired — regenerate today's access token and paste it in Settings
[2026-07-19 12:15:53] [market_data] ⚠ Zerodha token expired — regenerate today's access token and paste it in Settings
[2026-07-19 12:15:56] [market_data] ⚠ Zerodha token expired — regenerate today's access token and paste it in Settings
[2026-07-19 12:16:00] [market_data] ⚠ Zerodha token expired — regenerate today's access token and paste it in Settings
[2026-07-19 12:16:03] [market_data] ⚠ Zerodha token expired — regenerate today's access token and paste it in Settings
[2026-07-19 12:16:06] [market_data] ⚠ Zerodha token expired — regenerate today's access token and paste it in Settings
[2026-07-19 12:16:10] [market_data] ⚠ Zerodha token expired — regenerate today's access token and paste it in Settings
[2026-07-19 12:16:13] [market_data] ⚠ Zerodha token expired — regenerate today's access token and paste it in Settings
[2026-07-19 12:16:16] [market_data] ⚠ Zerodha token expired — regenerate today's access token and paste it in Settings
[2026-07-19 12:16:19] [market_data] ⚠ Zerodha token expired — regenerate today's access token and paste it in Settings
[2026-07-19 12:16:23] [market_data] ⚠ Zerodha token expired — regenerate today's access token and paste it in Settings
[2026-07-19 12:16:26] [market_data] ⚠ Zerodha token expired — regenerate today's access token and paste it in Settings
[2026-07-19 12:16:29] [market_data] ⚠ Zerodha token expired — regenerate today's access token and paste it in Settings
[2026-07-19 12:16:33] [market_data] ⚠ Zerodha token expired — regenerate today's access token and paste it in Settings
[2026-07-19 12:16:36] [market_data] ⚠ Zerodha token expired — regenerate today's access token and paste it in Settings
[2026-07-19 12:16:39] [market_data] ⚠ Zerodha token expired — regenerate today's access token and paste it in Settings
[2026-07-19 12:16:43] [market_data] ⚠ Zerodha token expired — regenerate today's access token and paste it in Settings
[2026-07-19 12:16:46] [market_data] ⚠ Zerodha token expired — regenerate today's access token and paste it in Settings
[2026-07-19 12:16:49] [market_data] ⚠ Zerodha token expired — regenerate today's access token and paste it in Settings
[2026-07-19 12:16:52] [market_data] ⚠ Zerodha token expired — regenerate today's access token and paste it in Settings
[2026-07-19 12:16:56] [market_data] ⚠ Zerodha token expired — regenerate today's access token and paste it in Settings
[2026-07-19 12:16:59] [market_data] ⚠ Zerodha token expired — regenerate today's access token and paste it in Settings
[2026-07-19 12:17:02] [market_data] ⚠ Zerodha token expired — regenerate today's access token and paste it in Settings
[2026-07-19 12:17:06] [market_data] ⚠ Zerodha token expired — regenerate today's access token and paste it in Settings
[2026-07-19 12:17:09] [market_data] ⚠ Zerodha token expired — regenerate today's access token and paste it in Settings
[2026-07-19 12:17:12] [market_data] ⚠ Zerodha token expired — regenerate today's access token and paste it in Settings
[2026-07-19 12:17:16] [market_data] ⚠ Zerodha token expired — regenerate today's access token and paste it in Settings
[2026-07-19 12:17:19] [market_data] ⚠ Zerodha token expired — regenerate today's access token and paste it in Settings
[2026-07-19 12:17:22] [market_data] ⚠ Zerodha token expired — regenerate today's access token and paste it in Settings
[2026-07-19 12:17:26] [market_data] ⚠ Zerodha token expired — regenerate today's access token and paste it in Settings
[2026-07-19 12:17:29] [market_data] ⚠ Zerodha token expired — regenerate today's access token and paste it in Settings
[2026-07-19 12:17:32] [market_data] ⚠ Zerodha token expired — regenerate today's access token and paste it in Settings
[2026-07-19 12:17:36] [market_data] ⚠ Zerodha token expired — regenerate today's access token and paste it in Settings
[2026-07-19 12:17:39] [market_data] ⚠ Zerodha token expired — regenerate today's access token and paste it in Settings
[2026-07-19 12:17:42] [market_data] ⚠ Zerodha token expired — regenerate today's access token and paste it in Settings
[2026-07-19 12:17:46] [market_data] ⚠ Zerodha token expired — regenerate today's access token and paste it in Settings
[2026-07-19 12:17:49] [market_data] ⚠ Zerodha token expired — regenerate today's access token and paste it in Settings
[2026-07-19 12:17:52] [market_data] ⚠ Zerodha token expired — regenerate today's access token and paste it in Settings
[2026-07-19 12:17:55] [market_data] ⚠ Zerodha token expired — regenerate today's access token and paste it in Settings
[2026-07-19 12:17:59] [market_data] ⚠ Zerodha token expired — regenerate today's access token and paste it in Settings
[2026-07-19 12:18:02] [market_data] ⚠ Zerodha token expired — regenerate today's access token and paste it in Settings
[2026-07-19 12:18:05] [market_data] ⚠ Zerodha token expired — regenerate today's access token and paste it in Settings
[2026-07-19 12:18:09] [market_data] ⚠ Zerodha token expired — regenerate today's access token and paste it in Settings
[2026-07-19 12:18:12] [market_data] ⚠ Zerodha token expired — regenerate today's access token and paste it in Settings
[2026-07-19 12:18:15] [market_data] ⚠ Zerodha token expired — regenerate today's access token and paste it in Settings
[2026-07-19 12:18:19] [market_data] ⚠ Zerodha token expired — regenerate today's access token and paste it in Settings
[2026-07-19 12:18:22] [market_data] ⚠ Zerodha token expired — regenerate today's access token and paste it in Settings
[2026-07-19 12:18:26] [market_data] ⚠ Zerodha token expired — regenerate today's access token and paste it in Settings
[2026-07-19 12:18:29] [market_data] ⚠ Zerodha token expired — regenerate today's access token and paste it in Settings
[2026-07-19 12:18:33] [market_data] ⚠ Zerodha token expired — regenerate today's access token and paste it in Settings
[2026-07-19 12:18:36] [market_data] ⚠ Zerodha token expired — regenerate today's access token and paste it in Settings
[2026-07-19 12:18:39] [market_data] ⚠ Zerodha token expired — regenerate today's access token and paste it in Settings
[2026-07-19 12:18:43] [market_data] ⚠ Zerodha token expired — regenerate today's access token and paste it in Settings
[2026-07-19 12:18:46] [market_data] ⚠ Zerodha token expired — regenerate today's access token and paste it in Settings
[2026-07-19 12:18:49] [market_data] ⚠ Zerodha token expired — regenerate today's access token and paste it in Settings
[2026-07-19 12:18:53] [market_data] ⚠ Zerodha token expired — regenerate today's access token and paste it in Settings
[2026-07-19 12:18:56] [market_data] ⚠ Zerodha token expired — regenerate today's access token and paste it in Settings
[2026-07-19 12:18:59] [market_data] ⚠ Zerodha token expired — regenerate today's access token and paste it in Settings
[2026-07-19 12:19:02] [market_data] ⚠ Zerodha token expired — regenerate today's access token and paste it in Settings
[2026-07-19 12:19:06] [market_data] ⚠ Zerodha token expired — regenerate today's access token and paste it in Settings
[2026-07-19 12:19:09] [market_data] ⚠ Zerodha token expired — regenerate today's access token and paste it in Settings
[2026-07-19 12:19:12] [market_data] ⚠ Zerodha token expired — regenerate today's access token and paste it in Settings
[2026-07-19 12:19:16] [market_data] ⚠ Zerodha token expired — regenerate today's access token and paste it in Settings
[2026-07-19 12:19:19] [market_data] ⚠ Zerodha token expired — regenerate today's access token and paste it in Settings
[2026-07-19 12:19:22] [market_data] ⚠ Zerodha token expired — regenerate today's access token and paste it in Settings
[2026-07-19 12:19:25] [market_data] ⚠ Zerodha token expired — regenerate today's access token and paste it in Settings
[2026-07-19 12:19:29] [market_data] ⚠ Zerodha token expired — regenerate today's access token and paste it in Settings
[2026-07-19 12:19:32] [market_data] ⚠ Zerodha token expired — regenerate today's access token and paste it in Settings
[2026-07-19 12:19:36] [market_data] ⚠ Zerodha token expired — regenerate today's access token and paste it in Settings
[2026-07-19 12:19:39] [market_data] ⚠ Zerodha token expired — regenerate today's access token and paste it in Settings
[2026-07-19 12:19:42] [market_data] ⚠ Zerodha token expired — regenerate today's access token and paste it in Settings
[2026-07-19 12:19:46] [market_data] ⚠ Zerodha token expired — regenerate today's access token and paste it in Settings
[2026-07-19 12:19:49] [market_data] ⚠ Zerodha token expired — regenerate today's access token and paste it in Settings
[2026-07-19 12:19:52] [market_data] ⚠ Zerodha token expired — regenerate today's access token and paste it in Settings
[2026-07-19 12:19:55] [market_data] ⚠ Zerodha token expired — regenerate today's access token and paste it in Settings
[2026-07-19 12:19:59] [market_data] ⚠ Zerodha token expired — regenerate today's access token and paste it in Settings
[2026-07-19 12:20:02] [market_data] ⚠ Zerodha token expired — regenerate today's access token and paste it in Settings
[2026-07-19 12:20:05] [market_data] ⚠ Zerodha token expired — regenerate today's access token and paste it in Settings
[2026-07-19 12:20:09] [market_data] ⚠ Zerodha token expired — regenerate today's access token and paste it in Settings
[2026-07-19 12:20:12] [market_data] ⚠ Zerodha token expired — regenerate today's access token and paste it in Settings
[2026-07-19 12:20:15] [market_data] ⚠ Zerodha token expired — regenerate today's access token and paste it in Settings
[2026-07-19 12:20:19] [market_data] ⚠ Zerodha token expired — regenerate today's access token and paste it in Settings
[2026-07-19 12:20:22] [market_data] ⚠ Zerodha token expired — regenerate today's access token and paste it in Settings
[2026-07-19 12:20:25] [market_data] ⚠ Zerodha token expired — regenerate today's access token and paste it in Settings
[2026-07-19 12:20:29] [market_data] ⚠ Zerodha token expired — regenerate today's access token and paste it in Settings
[2026-07-19 12:20:32] [market_data] ⚠ Zerodha token expired — regenerate today's access token and paste it in Settings
[2026-07-19 12:20:35] [market_data] ⚠ Zerodha token expired — regenerate today's access token and paste it in Settings
[2026-07-19 12:20:38] [market_data] ⚠ Zerodha token expired — regenerate today's access token and paste it in Settings
[2026-07-19 12:20:42] [market_data] ⚠ Zerodha token expired — regenerate today's access token and paste it in Settings
[2026-07-19 12:20:45] [market_data] ⚠ Zerodha token expired — regenerate today's access token and paste it in Settings
[2026-07-19 12:20:48] [market_data] ⚠ Zerodha token expired — regenerate today's access token and paste it in Settings
[2026-07-19 12:20:52] [market_data] ⚠ Zerodha token expired — regenerate today's access token and paste it in Settings
[2026-07-19 12:20:55] [market_data] ⚠ Zerodha token expired — regenerate today's access token and paste it in Settings
[2026-07-19 12:20:58] [market_data] ⚠ Zerodha token expired — regenerate today's access token and paste it in Settings
[2026-07-19 12:21:01] [market_data] ⚠ Zerodha token expired — regenerate today's access token and paste it in Settings
[2026-07-19 12:21:05] [market_data] ⚠ Zerodha token expired — regenerate today's access token and paste it in Settings
[2026-07-19 12:21:08] [market_data] ⚠ Zerodha token expired — regenerate today's access token and paste it in Settings
[2026-07-19 12:21:11] [market_data] ⚠ Zerodha token expired — regenerate today's access token and paste it in Settings
[2026-07-19 12:21:15] [market_data] ⚠ Zerodha token expired — regenerate today's access token and paste it in Settings
[2026-07-19 12:21:18] [market_data] ⚠ Zerodha token expired — regenerate today's access token and paste it in Settings
[2026-07-19 12:21:21] [market_data] ⚠ Zerodha token expired — regenerate today's access token and paste it in Settings
[2026-07-19 12:21:24] [market_data] ⚠ Zerodha token expired — regenerate today's access token and paste it in Settings
[2026-07-19 12:21:28] [market_data] ⚠ Zerodha token expired — regenerate today's access token and paste it in Settings
[2026-07-19 12:21:31] [market_data] ⚠ Zerodha token expired — regenerate today's access token and paste it in Settings
[2026-07-19 12:21:34] [market_data] ⚠ Zerodha token expired — regenerate today's access token and paste it in Settings
[2026-07-19 12:21:38] [market_data] ⚠ Zerodha token expired — regenerate today's access token and paste it in Settings
[2026-07-19 12:21:41] [market_data] ⚠ Zerodha token expired — regenerate today's access token and paste it in Settings
[2026-07-19 12:21:44] [market_data] ⚠ Zerodha token expired — regenerate today's access token and paste it in Settings
[2026-07-19 12:21:48] [market_data] ⚠ Zerodha token expired — regenerate today's access token and paste it in Settings
[2026-07-19 12:21:51] [market_data] ⚠ Zerodha token expired — regenerate today's access token and paste it in Settings
[2026-07-19 12:21:54] [market_data] ⚠ Zerodha token expired — regenerate today's access token and paste it in Settings
[2026-07-19 12:21:57] [market_data] ⚠ Zerodha token expired — regenerate today's access token and paste it in Settings
[2026-07-19 12:22:01] [market_data] ⚠ Zerodha token expired — regenerate today's access token and paste it in Settings
[2026-07-19 12:22:04] [market_data] ⚠ Zerodha token expired — regenerate today's access token and paste it in Settings
[2026-07-19 12:22:07] [market_data] ⚠ Zerodha token expired — regenerate today's access token and paste it in Settings
[2026-07-19 12:22:11] [market_data] ⚠ Zerodha token expired — regenerate today's access token and paste it in Settings
[2026-07-19 12:22:14] [market_data] ⚠ Zerodha token expired — regenerate today's access token and paste it in Settings
[2026-07-19 12:22:17] [market_data] ⚠ Zerodha token expired — regenerate today's access token and paste it in Settings
[2026-07-19 12:22:21] [market_data] ⚠ Zerodha token expired — regenerate today's access token and paste it in Settings
[2026-07-19 12:22:24] [market_data] ⚠ Zerodha token expired — regenerate today's access token and paste it in Settings
[2026-07-19 12:22:27] [market_data] ⚠ Zerodha token expired — regenerate today's access token and paste it in Settings
[2026-07-19 12:22:31] [market_data] ⚠ Zerodha token expired — regenerate today's access token and paste it in Settings
[2026-07-19 12:22:34] [market_data] ⚠ Zerodha token expired — regenerate today's access token and paste it in Settings
[2026-07-19 12:22:37] [market_data] ⚠ Zerodha token expired — regenerate today's access token and paste it in Settings
[2026-07-19 12:22:40] [market_data] ⚠ Zerodha token expired — regenerate today's access token and paste it in Settings
[2026-07-19 12:22:44] [market_data] ⚠ Zerodha token expired — regenerate today's access token and paste it in Settings
[2026-07-19 12:22:47] [market_data] ⚠ Zerodha token expired — regenerate today's access token and paste it in Settings
[2026-07-19 12:22:50] [market_data] ⚠ Zerodha token expired — regenerate today's access token and paste it in Settings
[2026-07-19 12:22:54] [market_data] ⚠ Zerodha token expired — regenerate today's access token and paste it in Settings
[2026-07-19 12:22:57] [market_data] ⚠ Zerodha token expired — regenerate today's access token and paste it in Settings
[2026-07-19 12:23:00] [market_data] ⚠ Zerodha token expired — regenerate today's access token and paste it in Settings
[2026-07-19 12:23:04] [market_data] ⚠ Zerodha token expired — regenerate today's access token and paste it in Settings
[2026-07-19 12:23:07] [market_data] ⚠ Zerodha token expired — regenerate today's access token and paste it in Settings
[2026-07-19 12:23:10] [market_data] ⚠ Zerodha token expired — regenerate today's access token and paste it in Settings
[2026-07-19 12:23:13] [market_data] ⚠ Zerodha token expired — regenerate today's access token and paste it in Settings
[2026-07-19 12:23:17] [market_data] ⚠ Zerodha token expired — regenerate today's access token and paste it in Settings
[2026-07-19 12:23:20] [market_data] ⚠ Zerodha token expired — regenerate today's access token and paste it in Settings
[2026-07-19 12:23:23] [market_data] ⚠ Zerodha token expired — regenerate today's access token and paste it in Settings
[2026-07-19 12:23:27] [market_data] ⚠ Zerodha token expired — regenerate today's access token and paste it in Settings
[2026-07-19 12:23:30] [market_data] ⚠ Zerodha token expired — regenerate today's access token and paste it in Settings
[2026-07-19 12:23:33] [market_data] ⚠ Zerodha token expired — regenerate today's access token and paste it in Settings
[2026-07-19 12:23:37] [market_data] ⚠ Zerodha token expired — regenerate today's access token and paste it in Settings
[2026-07-19 12:23:40] [market_data] ⚠ Zerodha token expired — regenerate today's access token and paste it in Settings
[2026-07-19 12:23:43] [market_data] ⚠ Zerodha token expired — regenerate today's access token and paste it in Settings
[2026-07-19 12:23:46] [market_data] ⚠ Zerodha token expired — regenerate today's access token and paste it in Settings
[2026-07-19 12:23:50] [market_data] ⚠ Zerodha token expired — regenerate today's access token and paste it in Settings
[2026-07-19 12:23:53] [market_data] ⚠ Zerodha token expired — regenerate today's access token and paste it in Settings
[2026-07-19 12:23:56] [market_data] ⚠ Zerodha token expired — regenerate today's access token and paste it in Settings
[2026-07-19 12:24:00] [market_data] ⚠ Zerodha token expired — regenerate today's access token and paste it in Settings
[2026-07-19 12:24:03] [market_data] ⚠ Zerodha token expired — regenerate today's access token and paste it in Settings
[2026-07-19 12:24:06] [market_data] ⚠ Zerodha token expired — regenerate today's access token and paste it in Settings
[2026-07-19 12:24:09] [market_data] ⚠ Zerodha token expired — regenerate today's access token and paste it in Settings
[2026-07-19 12:24:13] [market_data] ⚠ Zerodha token expired — regenerate today's access token and paste it in Settings
[2026-07-19 12:24:16] [market_data] ⚠ Zerodha token expired — regenerate today's access token and paste it in Settings
[2026-07-19 12:24:19] [market_data] ⚠ Zerodha token expired — regenerate today's access token and paste it in Settings
[2026-07-19 12:24:23] [market_data] ⚠ Zerodha token expired — regenerate today's access token and paste it in Settings
[2026-07-19 12:24:26] [market_data] ⚠ Zerodha token expired — regenerate today's access token and paste it in Settings
[2026-07-19 12:24:29] [market_data] ⚠ Zerodha token expired — regenerate today's access token and paste it in Settings
[2026-07-19 12:24:32] [market_data] ⚠ Zerodha token expired — regenerate today's access token and paste it in Settings
[2026-07-19 12:24:36] [market_data] ⚠ Zerodha token expired — regenerate today's access token and paste it in Settings
[2026-07-19 12:24:39] [market_data] ⚠ Zerodha token expired — regenerate today's access token and paste it in Settings
[2026-07-19 12:24:42] [market_data] ⚠ Zerodha token expired — regenerate today's access token and paste it in Settings
[2026-07-19 12:24:46] [market_data] ⚠ Zerodha token expired — regenerate today's access token and paste it in Settings
[2026-07-19 12:24:49] [market_data] ⚠ Zerodha token expired — regenerate today's access token and paste it in Settings
[2026-07-19 12:24:52] [market_data] ⚠ Zerodha token expired — regenerate today's access token and paste it in Settings
[2026-07-19 12:24:56] [market_data] ⚠ Zerodha token expired — regenerate today's access token and paste it in Settings
[2026-07-19 12:24:59] [market_data] ⚠ Zerodha token expired — regenerate today's access token and paste it in Settings
[2026-07-19 12:25:02] [market_data] ⚠ Zerodha token expired — regenerate today's access token and paste it in Settings
[2026-07-19 12:25:05] [market_data] ⚠ Zerodha token expired — regenerate today's access token and paste it in Settings
[2026-07-19 12:25:09] [market_data] ⚠ Zerodha token expired — regenerate today's access token and paste it in Settings
[2026-07-19 12:25:12] [market_data] ⚠ Zerodha token expired — regenerate today's access token and paste it in Settings
[2026-07-19 12:25:15] [market_data] ⚠ Zerodha token expired — regenerate today's access token and paste it in Settings
[2026-07-19 12:25:18] [market_data] ⚠ Zerodha token expired — regenerate today's access token and paste it in Settings
[2026-07-19 12:25:22] [market_data] ⚠ Zerodha token expired — regenerate today's access token and paste it in Settings
[2026-07-19 12:25:25] [market_data] ⚠ Zerodha token expired — regenerate today's access token and paste it in Settings
[2026-07-19 12:25:28] [market_data] ⚠ Zerodha token expired — regenerate today's access token and paste it in Settings
[2026-07-19 12:25:32] [market_data] ⚠ Zerodha token expired — regenerate today's access token and paste it in Settings
[2026-07-19 12:25:35] [market_data] ⚠ Zerodha token expired — regenerate today's access token and paste it in Settings
[2026-07-19 12:25:38] [market_data] ⚠ Zerodha token expired — regenerate today's access token and paste it in Settings
[2026-07-19 12:25:41] [market_data] ⚠ Zerodha token expired — regenerate today's access token and paste it in Settings
[2026-07-19 12:25:45] [market_data] ⚠ Zerodha token expired — regenerate today's access token and paste it in Settings
[2026-07-19 12:25:48] [market_data] ⚠ Zerodha token expired — regenerate today's access token and paste it in Settings
[2026-07-19 12:25:51] [market_data] ⚠ Zerodha token expired — regenerate today's access token and paste it in Settings
[2026-07-19 12:25:55] [market_data] ⚠ Zerodha token expired — regenerate today's access token and paste it in Settings
[2026-07-19 12:25:58] [market_data] ⚠ Zerodha token expired — regenerate today's access token and paste it in Settings
[2026-07-19 12:26:01] [market_data] ⚠ Zerodha token expired — regenerate today's access token and paste it in Settings
[2026-07-19 12:26:04] [market_data] ⚠ Zerodha token expired — regenerate today's access token and paste it in Settings
[2026-07-19 12:26:08] [market_data] ⚠ Zerodha token expired — regenerate today's access token and paste it in Settings
[2026-07-19 12:26:11] [market_data] ⚠ Zerodha token expired — regenerate today's access token and paste it in Settings
[2026-07-19 12:26:14] [market_data] ⚠ Zerodha token expired — regenerate today's access token and paste it in Settings
[2026-07-19 12:26:18] [market_data] ⚠ Zerodha token expired — regenerate today's access token and paste it in Settings
[2026-07-19 12:26:21] [market_data] ⚠ Zerodha token expired — regenerate today's access token and paste it in Settings
[2026-07-19 12:26:24] [market_data] ⚠ Zerodha token expired — regenerate today's access token and paste it in Settings
[2026-07-19 12:26:27] [market_data] ⚠ Zerodha token expired — regenerate today's access token and paste it in Settings
[2026-07-19 12:26:31] [market_data] ⚠ Zerodha token expired — regenerate today's access token and paste it in Settings
[2026-07-19 12:26:34] [market_data] ⚠ Zerodha token expired — regenerate today's access token and paste it in Settings
[2026-07-19 12:26:37] [market_data] ⚠ Zerodha token expired — regenerate today's access token and paste it in Settings
[2026-07-19 12:26:41] [market_data] ⚠ Zerodha token expired — regenerate today's access token and paste it in Settings
[2026-07-19 12:26:44] [market_data] ⚠ Zerodha token expired — regenerate today's access token and paste it in Settings
[2026-07-19 12:26:47] [market_data] ⚠ Zerodha token expired — regenerate today's access token and paste it in Settings
[2026-07-19 12:26:51] [market_data] ⚠ Zerodha token expired — regenerate today's access token and paste it in Settings
[2026-07-19 12:26:54] [market_data] ⚠ Zerodha token expired — regenerate today's access token and paste it in Settings
[2026-07-19 12:26:57] [market_data] ⚠ Zerodha token expired — regenerate today's access token and paste it in Settings
[2026-07-19 12:27:00] [market_data] ⚠ Zerodha token expired — regenerate today's access token and paste it in Settings
[2026-07-19 12:27:04] [market_data] ⚠ Zerodha token expired — regenerate today's access token and paste it in Settings
[2026-07-19 12:27:07] [market_data] ⚠ Zerodha token expired — regenerate today's access token and paste it in Settings
[2026-07-19 12:27:10] [market_data] ⚠ Zerodha token expired — regenerate today's access token and paste it in Settings
[2026-07-19 12:27:13] [market_data] ⚠ Zerodha token expired — regenerate today's access token and paste it in Settings
[2026-07-19 12:27:17] [market_data] ⚠ Zerodha token expired — regenerate today's access token and paste it in Settings
[2026-07-19 12:27:20] [market_data] ⚠ Zerodha token expired — regenerate today's access token and paste it in Settings
[2026-07-19 12:27:23] [market_data] ⚠ Zerodha token expired — regenerate today's access token and paste it in Settings
[2026-07-19 12:27:27] [market_data] ⚠ Zerodha token expired — regenerate today's access token and paste it in Settings
[2026-07-19 12:27:30] [market_data] ⚠ Zerodha token expired — regenerate today's access token and paste it in Settings
[2026-07-19 12:27:33] [market_data] ⚠ Zerodha token expired — regenerate today's access token and paste it in Settings
[2026-07-19 12:27:37] [market_data] ⚠ Zerodha token expired — regenerate today's access token and paste it in Settings
[2026-07-19 12:27:40] [market_data] ⚠ Zerodha token expired — regenerate today's access token and paste it in Settings
[2026-07-19 12:27:43] [market_data] ⚠ Zerodha token expired — regenerate today's access token and paste it in Settings
[2026-07-19 12:27:46] [market_data] ⚠ Zerodha token expired — regenerate today's access token and paste it in Settings
[2026-07-19 12:27:50] [market_data] ⚠ Zerodha token expired — regenerate today's access token and paste it in Settings
[2026-07-19 12:27:53] [market_data] ⚠ Zerodha token expired — regenerate today's access token and paste it in Settings
[2026-07-19 12:27:56] [market_data] ⚠ Zerodha token expired — regenerate today's access token and paste it in Settings
[2026-07-19 12:28:00] [market_data] ⚠ Zerodha token expired — regenerate today's access token and paste it in Settings
[2026-07-19 12:28:03] [market_data] ⚠ Zerodha token expired — regenerate today's access token and paste it in Settings
[2026-07-19 12:28:06] [market_data] ⚠ Zerodha token expired — regenerate today's access token and paste it in Settings
[2026-07-19 12:28:09] [market_data] ⚠ Zerodha token expired — regenerate today's access token and paste it in Settings
[2026-07-19 12:28:13] [market_data] ⚠ Zerodha token expired — regenerate today's access token and paste it in Settings
[2026-07-19 12:28:16] [market_data] ⚠ Zerodha token expired — regenerate today's access token and paste it in Settings
[2026-07-19 12:28:19] [market_data] ⚠ Zerodha token expired — regenerate today's access token and paste it in Settings
[2026-07-19 12:28:23] [market_data] ⚠ Zerodha token expired — regenerate today's access token and paste it in Settings
[2026-07-19 12:28:26] [market_data] ⚠ Zerodha token expired — regenerate today's access token and paste it in Settings
[2026-07-19 12:28:29] [market_data] ⚠ Zerodha token expired — regenerate today's access token and paste it in Settings
[2026-07-19 12:28:33] [market_data] ⚠ Zerodha token expired — regenerate today's access token and paste it in Settings
[2026-07-19 12:28:36] [market_data] ⚠ Zerodha token expired — regenerate today's access token and paste it in Settings
[2026-07-19 12:28:39] [market_data] ⚠ Zerodha token expired — regenerate today's access token and paste it in Settings
[2026-07-19 12:28:42] [market_data] ⚠ Zerodha token expired — regenerate today's access token and paste it in Settings
[2026-07-19 12:28:46] [market_data] ⚠ Zerodha token expired — regenerate today's access token and paste it in Settings
[2026-07-19 12:28:49] [market_data] ⚠ Zerodha token expired — regenerate today's access token and paste it in Settings
[2026-07-19 12:28:52] [market_data] ⚠ Zerodha token expired — regenerate today's access token and paste it in Settings
[2026-07-19 12:28:56] [market_data] ⚠ Zerodha token expired — regenerate today's access token and paste it in Settings
[2026-07-19 12:28:59] [market_data] ⚠ Zerodha token expired — regenerate today's access token and paste it in Settings
[2026-07-19 12:29:02] [market_data] ⚠ Zerodha token expired — regenerate today's access token and paste it in Settings
[2026-07-19 12:29:05] [market_data] ⚠ Zerodha token expired — regenerate today's access token and paste it in Settings
[2026-07-19 12:29:09] [market_data] ⚠ Zerodha token expired — regenerate today's access token and paste it in Settings
[2026-07-19 12:29:12] [market_data] ⚠ Zerodha token expired — regenerate today's access token and paste it in Settings
[2026-07-19 12:29:15] [market_data] ⚠ Zerodha token expired — regenerate today's access token and paste it in Settings
[2026-07-19 12:29:19] [market_data] ⚠ Zerodha token expired — regenerate today's access token and paste it in Settings
[2026-07-19 12:29:22] [market_data] ⚠ Zerodha token expired — regenerate today's access token and paste it in Settings
[2026-07-19 12:29:25] [market_data] ⚠ Zerodha token expired — regenerate today's access token and paste it in Settings
[2026-07-19 12:29:28] [market_data] ⚠ Zerodha token expired — regenerate today's access token and paste it in Settings
[2026-07-19 12:29:32] [market_data] ⚠ Zerodha token expired — regenerate today's access token and paste it in Settings
[2026-07-19 12:29:35] [market_data] ⚠ Zerodha token expired — regenerate today's access token and paste it in Settings
[2026-07-19 12:29:38] [market_data] ⚠ Zerodha token expired — regenerate today's access token and paste it in Settings
[2026-07-19 12:29:42] [market_data] ⚠ Zerodha token expired — regenerate today's access token and paste it in Settings
[2026-07-19 12:29:45] [market_data] ⚠ Zerodha token expired — regenerate today's access token and paste it in Settings
[2026-07-19 12:29:48] [market_data] ⚠ Zerodha token expired — regenerate today's access token and paste it in Settings
[2026-07-19 12:29:51] [market_data] ⚠ Zerodha token expired — regenerate today's access token and paste it in Settings
[2026-07-19 12:29:55] [market_data] ⚠ Zerodha token expired — regenerate today's access token and paste it in Settings
[2026-07-19 12:29:58] [market_data] ⚠ Zerodha token expired — regenerate today's access token and paste it in Settings
[2026-07-19 12:30:02] [market_data] ⚠ Zerodha token expired — regenerate today's access token and paste it in Settings
[2026-07-19 12:30:06] [market_data] ⚠ Zerodha token expired — regenerate today's access token and paste it in Settings
[2026-07-19 12:30:09] [market_data] ⚠ Zerodha token expired — regenerate today's access token and paste it in Settings
[2026-07-19 12:30:12] [market_data] ⚠ Zerodha token expired — regenerate today's access token and paste it in Settings
[2026-07-19 12:30:16] [market_data] ⚠ Zerodha token expired — regenerate today's access token and paste it in Settings
[2026-07-19 12:30:19] [market_data] ⚠ Zerodha token expired — regenerate today's access token and paste it in Settings
[2026-07-19 12:30:22] [market_data] ⚠ Zerodha token expired — regenerate today's access token and paste it in Settings
[2026-07-19 12:30:25] [market_data] ⚠ Zerodha token expired — regenerate today's access token and paste it in Settings
[2026-07-19 12:30:29] [market_data] ⚠ Zerodha token expired — regenerate today's access token and paste it in Settings
[2026-07-19 12:30:32] [market_data] ⚠ Zerodha token expired — regenerate today's access token and paste it in Settings
[2026-07-19 12:30:35] [market_data] ⚠ Zerodha token expired — regenerate today's access token and paste it in Settings
[2026-07-19 12:30:39] [market_data] ⚠ Zerodha token expired — regenerate today's access token and paste it in Settings
[2026-07-19 12:30:42] [market_data] ⚠ Zerodha token expired — regenerate today's access token and paste it in Settings
[2026-07-19 12:30:45] [market_data] ⚠ Zerodha token expired — regenerate today's access token and paste it in Settings
[2026-07-19 12:30:48] [market_data] ⚠ Zerodha token expired — regenerate today's access token and paste it in Settings
[2026-07-19 12:30:52] [market_data] ⚠ Zerodha token expired — regenerate today's access token and paste it in Settings
[2026-07-19 12:30:55] [market_data] ⚠ Zerodha token expired — regenerate today's access token and paste it in Settings
[2026-07-19 12:30:58] [market_data] ⚠ Zerodha token expired — regenerate today's access token and paste it in Settings
[2026-07-19 12:31:02] [market_data] ⚠ Zerodha token expired — regenerate today's access token and paste it in Settings
[2026-07-19 12:31:05] [market_data] ⚠ Zerodha token expired — regenerate today's access token and paste it in Settings
[2026-07-19 12:31:08] [market_data] ⚠ Zerodha token expired — regenerate today's access token and paste it in Settings
[2026-07-19 12:31:11] [market_data] ⚠ Zerodha token expired — regenerate today's access token and paste it in Settings
[2026-07-19 12:31:15] [market_data] ⚠ Zerodha token expired — regenerate today's access token and paste it in Settings
[2026-07-19 12:31:18] [market_data] ⚠ Zerodha token expired — regenerate today's access token and paste it in Settings
[2026-07-19 12:31:21] [market_data] ⚠ Zerodha token expired — regenerate today's access token and paste it in Settings
[2026-07-19 12:31:25] [market_data] ⚠ Zerodha token expired — regenerate today's access token and paste it in Settings
[2026-07-19 12:31:28] [market_data] ⚠ Zerodha token expired — regenerate today's access token and paste it in Settings
[2026-07-19 12:31:31] [market_data] ⚠ Zerodha token expired — regenerate today's access token and paste it in Settings
[2026-07-19 12:31:34] [market_data] ⚠ Zerodha token expired — regenerate today's access token and paste it in Settings
[2026-07-19 12:31:38] [market_data] ⚠ Zerodha token expired — regenerate today's access token and paste it in Settings
[2026-07-19 12:31:41] [market_data] ⚠ Zerodha token expired — regenerate today's access token and paste it in Settings
[2026-07-19 12:31:44] [market_data] ⚠ Zerodha token expired — regenerate today's access token and paste it in Settings
[2026-07-19 12:31:48] [market_data] ⚠ Zerodha token expired — regenerate today's access token and paste it in Settings
[2026-07-19 12:31:51] [market_data] ⚠ Zerodha token expired — regenerate today's access token and paste it in Settings
[2026-07-19 12:31:54] [market_data] ⚠ Zerodha token expired — regenerate today's access token and paste it in Settings
[2026-07-19 12:31:57] [market_data] ⚠ Zerodha token expired — regenerate today's access token and paste it in Settings
[2026-07-19 12:32:01] [market_data] ⚠ Zerodha token expired — regenerate today's access token and paste it in Settings
[2026-07-19 12:32:04] [market_data] ⚠ Zerodha token expired — regenerate today's access token and paste it in Settings
[2026-07-19 12:32:07] [market_data] ⚠ Zerodha token expired — regenerate today's access token and paste it in Settings
[2026-07-19 12:32:11] [market_data] ⚠ Zerodha token expired — regenerate today's access token and paste it in Settings
[2026-07-19 12:32:14] [market_data] ⚠ Zerodha token expired — regenerate today's access token and paste it in Settings
[2026-07-19 12:32:17] [market_data] ⚠ Zerodha token expired — regenerate today's access token and paste it in Settings
[2026-07-19 12:32:20] [market_data] ⚠ Zerodha token expired — regenerate today's access token and paste it in Settings
[2026-07-19 12:32:24] [market_data] ⚠ Zerodha token expired — regenerate today's access token and paste it in Settings
[2026-07-19 12:32:27] [market_data] ⚠ Zerodha token expired — regenerate today's access token and paste it in Settings
[2026-07-19 12:32:30] [market_data] ⚠ Zerodha token expired — regenerate today's access token and paste it in Settings
[2026-07-19 12:32:34] [market_data] ⚠ Zerodha token expired — regenerate today's access token and paste it in Settings
[2026-07-19 12:32:37] [market_data] ⚠ Zerodha token expired — regenerate today's access token and paste it in Settings
[2026-07-19 12:32:40] [market_data] ⚠ Zerodha token expired — regenerate today's access token and paste it in Settings
[2026-07-19 12:32:44] [market_data] ⚠ Zerodha token expired — regenerate today's access token and paste it in Settings
[2026-07-19 12:32:47] [market_data] ⚠ Zerodha token expired — regenerate today's access token and paste it in Settings
[2026-07-19 12:32:50] [market_data] ⚠ Zerodha token expired — regenerate today's access token and paste it in Settings
[2026-07-19 12:32:53] [market_data] ⚠ Zerodha token expired — regenerate today's access token and paste it in Settings
[2026-07-19 12:32:57] [market_data] ⚠ Zerodha token expired — regenerate today's access token and paste it in Settings
[2026-07-19 12:33:00] [market_data] ⚠ Zerodha token expired — regenerate today's access token and paste it in Settings
[2026-07-19 12:33:03] [market_data] ⚠ Zerodha token expired — regenerate today's access token and paste it in Settings
[2026-07-19 12:33:07] [market_data] ⚠ Zerodha token expired — regenerate today's access token and paste it in Settings
[2026-07-19 12:33:10] [market_data] ⚠ Zerodha token expired — regenerate today's access token and paste it in Settings
[2026-07-19 12:33:13] [market_data] ⚠ Zerodha token expired — regenerate today's access token and paste it in Settings
[2026-07-19 12:33:17] [market_data] ⚠ Zerodha token expired — regenerate today's access token and paste it in Settings
[2026-07-19 12:33:20] [market_data] ⚠ Zerodha token expired — regenerate today's access token and paste it in Settings
[2026-07-19 12:33:23] [market_data] ⚠ Zerodha token expired — regenerate today's access token and paste it in Settings
[2026-07-19 12:33:27] [market_data] ⚠ Zerodha token expired — regenerate today's access token and paste it in Settings
[2026-07-19 12:33:30] [market_data] ⚠ Zerodha token expired — regenerate today's access token and paste it in Settings
[2026-07-19 12:33:33] [market_data] ⚠ Zerodha token expired — regenerate today's access token and paste it in Settings
[2026-07-19 12:33:36] [market_data] ⚠ Zerodha token expired — regenerate today's access token and paste it in Settings
[2026-07-19 12:33:40] [market_data] ⚠ Zerodha token expired — regenerate today's access token and paste it in Settings
[2026-07-19 12:33:43] [market_data] ⚠ Zerodha token expired — regenerate today's access token and paste it in Settings
[2026-07-19 12:33:46] [market_data] ⚠ Zerodha token expired — regenerate today's access token and paste it in Settings
[2026-07-19 12:33:50] [market_data] ⚠ Zerodha token expired — regenerate today's access token and paste it in Settings
[2026-07-19 12:33:53] [market_data] ⚠ Zerodha token expired — regenerate today's access token and paste it in Settings
[2026-07-19 12:33:56] [market_data] ⚠ Zerodha token expired — regenerate today's access token and paste it in Settings
[2026-07-19 12:33:59] [market_data] ⚠ Zerodha token expired — regenerate today's access token and paste it in Settings
[2026-07-19 12:34:03] [market_data] ⚠ Zerodha token expired — regenerate today's access token and paste it in Settings
[2026-07-19 12:34:06] [market_data] ⚠ Zerodha token expired — regenerate today's access token and paste it in Settings
[2026-07-19 12:34:09] [market_data] ⚠ Zerodha token expired — regenerate today's access token and paste it in Settings
[2026-07-19 12:34:13] [market_data] ⚠ Zerodha token expired — regenerate today's access token and paste it in Settings
[2026-07-19 12:34:16] [market_data] ⚠ Zerodha token expired — regenerate today's access token and paste it in Settings
[2026-07-19 12:34:19] [market_data] ⚠ Zerodha token expired — regenerate today's access token and paste it in Settings
[2026-07-19 12:34:23] [market_data] ⚠ Zerodha token expired — regenerate today's access token and paste it in Settings
[2026-07-19 12:34:26] [market_data] ⚠ Zerodha token expired — regenerate today's access token and paste it in Settings
[2026-07-19 12:34:29] [market_data] ⚠ Zerodha token expired — regenerate today's access token and paste it in Settings
[2026-07-19 12:34:33] [market_data] ⚠ Zerodha token expired — regenerate today's access token and paste it in Settings
[2026-07-19 12:34:36] [market_data] ⚠ Zerodha token expired — regenerate today's access token and paste it in Settings
[2026-07-19 12:34:39] [market_data] ⚠ Zerodha token expired — regenerate today's access token and paste it in Settings
[2026-07-19 12:34:43] [market_data] ⚠ Zerodha token expired — regenerate today's access token and paste it in Settings
[2026-07-19 12:34:46] [market_data] ⚠ Zerodha token expired — regenerate today's access token and paste it in Settings
[2026-07-19 12:34:49] [market_data] ⚠ Zerodha token expired — regenerate today's access token and paste it in Settings
[2026-07-19 12:34:52] [market_data] ⚠ Zerodha token expired — regenerate today's access token and paste it in Settings
[2026-07-19 12:34:56] [market_data] ⚠ Zerodha token expired — regenerate today's access token and paste it in Settings
[2026-07-19 12:34:59] [market_data] ⚠ Zerodha token expired — regenerate today's access token and paste it in Settings
[2026-07-19 12:35:02] [market_data] ⚠ Zerodha token expired — regenerate today's access token and paste it in Settings
[2026-07-19 12:35:06] [market_data] ⚠ Zerodha token expired — regenerate today's access token and paste it in Settings
[2026-07-19 12:35:09] [market_data] ⚠ Zerodha token expired — regenerate today's access token and paste it in Settings
[2026-07-19 12:35:12] [market_data] ⚠ Zerodha token expired — regenerate today's access token and paste it in Settings
[2026-07-19 12:35:15] [market_data] ⚠ Zerodha token expired — regenerate today's access token and paste it in Settings
[2026-07-19 12:35:19] [market_data] ⚠ Zerodha token expired — regenerate today's access token and paste it in Settings
[2026-07-19 12:35:22] [market_data] ⚠ Zerodha token expired — regenerate today's access token and paste it in Settings
[2026-07-19 12:35:25] [market_data] ⚠ Zerodha token expired — regenerate today's access token and paste it in Settings
[2026-07-19 12:35:29] [market_data] ⚠ Zerodha token expired — regenerate today's access token and paste it in Settings
[2026-07-19 12:35:32] [market_data] ⚠ Zerodha token expired — regenerate today's access token and paste it in Settings
[2026-07-19 12:35:35] [market_data] ⚠ Zerodha token expired — regenerate today's access token and paste it in Settings
[2026-07-19 12:35:38] [market_data] ⚠ Zerodha token expired — regenerate today's access token and paste it in Settings
[2026-07-19 12:35:42] [market_data] ⚠ Zerodha token expired — regenerate today's access token and paste it in Settings
[2026-07-19 12:35:45] [market_data] ⚠ Zerodha token expired — regenerate today's access token and paste it in Settings
[2026-07-19 12:35:48] [market_data] ⚠ Zerodha token expired — regenerate today's access token and paste it in Settings
[2026-07-19 12:35:51] [market_data] ⚠ Zerodha token expired — regenerate today's access token and paste it in Settings
[2026-07-19 12:35:55] [market_data] ⚠ Zerodha token expired — regenerate today's access token and paste it in Settings
[2026-07-19 12:35:58] [market_data] ⚠ Zerodha token expired — regenerate today's access token and paste it in Settings
[2026-07-19 12:36:01] [market_data] ⚠ Zerodha token expired — regenerate today's access token and paste it in Settings
[2026-07-19 12:36:05] [market_data] ⚠ Zerodha token expired — regenerate today's access token and paste it in Settings
[2026-07-19 12:36:08] [market_data] ⚠ Zerodha token expired — regenerate today's access token and paste it in Settings
[2026-07-19 12:36:11] [market_data] ⚠ Zerodha token expired — regenerate today's access token and paste it in Settings
[2026-07-19 12:36:15] [market_data] ⚠ Zerodha token expired — regenerate today's access token and paste it in Settings
[2026-07-19 12:36:18] [market_data] ⚠ Zerodha token expired — regenerate today's access token and paste it in Settings
[2026-07-19 12:36:21] [market_data] ⚠ Zerodha token expired — regenerate today's access token and paste it in Settings
[2026-07-19 12:36:24] [market_data] ⚠ Zerodha token expired — regenerate today's access token and paste it in Settings
[2026-07-19 12:36:28] [market_data] ⚠ Zerodha token expired — regenerate today's access token and paste it in Settings
[2026-07-19 12:36:31] [market_data] ⚠ Zerodha token expired — regenerate today's access token and paste it in Settings
[2026-07-19 12:36:34] [market_data] ⚠ Zerodha token expired — regenerate today's access token and paste it in Settings
[2026-07-19 12:36:38] [market_data] ⚠ Zerodha token expired — regenerate today's access token and paste it in Settings
[2026-07-19 12:36:41] [market_data] ⚠ Zerodha token expired — regenerate today's access token and paste it in Settings
[2026-07-19 12:36:44] [market_data] ⚠ Zerodha token expired — regenerate today's access token and paste it in Settings
[2026-07-19 12:36:48] [market_data] ⚠ Zerodha token expired — regenerate today's access token and paste it in Settings
[2026-07-19 12:36:51] [market_data] ⚠ Zerodha token expired — regenerate today's access token and paste it in Settings
[2026-07-19 12:36:55] [market_data] ⚠ Zerodha token expired — regenerate today's access token and paste it in Settings
[2026-07-19 12:36:58] [market_data] ⚠ Zerodha token expired — regenerate today's access token and paste it in Settings
[2026-07-19 12:37:01] [market_data] ⚠ Zerodha token expired — regenerate today's access token and paste it in Settings
[2026-07-19 12:37:04] [market_data] ⚠ Zerodha token expired — regenerate today's access token and paste it in Settings
[2026-07-19 12:37:08] [market_data] ⚠ Zerodha token expired — regenerate today's access token and paste it in Settings
[2026-07-19 12:37:11] [market_data] ⚠ Zerodha token expired — regenerate today's access token and paste it in Settings
[2026-07-19 12:37:14] [market_data] ⚠ Zerodha token expired — regenerate today's access token and paste it in Settings
[2026-07-19 12:37:18] [market_data] ⚠ Zerodha token expired — regenerate today's access token and paste it in Settings
[2026-07-19 12:37:21] [market_data] ⚠ Zerodha token expired — regenerate today's access token and paste it in Settings
[2026-07-19 12:37:24] [market_data] ⚠ Zerodha token expired — regenerate today's access token and paste it in Settings
[2026-07-19 12:37:27] [market_data] ⚠ Zerodha token expired — regenerate today's access token and paste it in Settings
[2026-07-19 12:37:31] [market_data] ⚠ Zerodha token expired — regenerate today's access token and paste it in Settings
[2026-07-19 12:37:34] [market_data] ⚠ Zerodha token expired — regenerate today's access token and paste it in Settings
[2026-07-19 12:37:37] [market_data] ⚠ Zerodha token expired — regenerate today's access token and paste it in Settings
[2026-07-19 12:37:41] [market_data] ⚠ Zerodha token expired — regenerate today's access token and paste it in Settings
[2026-07-19 12:37:44] [market_data] ⚠ Zerodha token expired — regenerate today's access token and paste it in Settings
[2026-07-19 12:37:47] [market_data] ⚠ Zerodha token expired — regenerate today's access token and paste it in Settings
[2026-07-19 12:37:51] [market_data] ⚠ Zerodha token expired — regenerate today's access token and paste it in Settings
[2026-07-19 12:37:54] [market_data] ⚠ Zerodha token expired — regenerate today's access token and paste it in Settings
[2026-07-19 12:37:57] [market_data] ⚠ Zerodha token expired — regenerate today's access token and paste it in Settings
[2026-07-19 12:38:00] [market_data] ⚠ Zerodha token expired — regenerate today's access token and paste it in Settings
[2026-07-19 12:38:04] [market_data] ⚠ Zerodha token expired — regenerate today's access token and paste it in Settings
[2026-07-19 12:38:07] [market_data] ⚠ Zerodha token expired — regenerate today's access token and paste it in Settings
[2026-07-19 12:38:10] [market_data] ⚠ Zerodha token expired — regenerate today's access token and paste it in Settings
[2026-07-19 12:38:14] [market_data] ⚠ Zerodha token expired — regenerate today's access token and paste it in Settings
[2026-07-19 12:38:17] [market_data] ⚠ Zerodha token expired — regenerate today's access token and paste it in Settings
[2026-07-19 12:38:20] [market_data] ⚠ Zerodha token expired — regenerate today's access token and paste it in Settings
[2026-07-19 12:38:24] [market_data] ⚠ Zerodha token expired — regenerate today's access token and paste it in Settings
[2026-07-19 12:38:27] [market_data] ⚠ Zerodha token expired — regenerate today's access token and paste it in Settings
[2026-07-19 12:38:30] [market_data] ⚠ Zerodha token expired — regenerate today's access token and paste it in Settings
[2026-07-19 12:38:34] [market_data] ⚠ Zerodha token expired — regenerate today's access token and paste it in Settings
[2026-07-19 12:38:37] [market_data] ⚠ Zerodha token expired — regenerate today's access token and paste it in Settings
[2026-07-19 12:38:40] [market_data] ⚠ Zerodha token expired — regenerate today's access token and paste it in Settings
[2026-07-19 12:38:43] [market_data] ⚠ Zerodha token expired — regenerate today's access token and paste it in Settings
[2026-07-19 12:38:47] [market_data] ⚠ Zerodha token expired — regenerate today's access token and paste it in Settings
[2026-07-19 12:38:50] [market_data] ⚠ Zerodha token expired — regenerate today's access token and paste it in Settings
[2026-07-19 12:38:53] [market_data] ⚠ Zerodha token expired — regenerate today's access token and paste it in Settings
[2026-07-19 12:38:57] [market_data] ⚠ Zerodha token expired — regenerate today's access token and paste it in Settings
[2026-07-19 12:39:00] [market_data] ⚠ Zerodha token expired — regenerate today's access token and paste it in Settings
[2026-07-19 12:39:03] [market_data] ⚠ Zerodha token expired — regenerate today's access token and paste it in Settings
[2026-07-19 12:39:07] [market_data] ⚠ Zerodha token expired — regenerate today's access token and paste it in Settings
[2026-07-19 12:39:10] [market_data] ⚠ Zerodha token expired — regenerate today's access token and paste it in Settings
[2026-07-19 12:39:13] [market_data] ⚠ Zerodha token expired — regenerate today's access token and paste it in Settings
[2026-07-19 12:39:17] [market_data] ⚠ Zerodha token expired — regenerate today's access token and paste it in Settings
[2026-07-19 12:39:20] [market_data] ⚠ Zerodha token expired — regenerate today's access token and paste it in Settings
[2026-07-19 12:39:23] [market_data] ⚠ Zerodha token expired — regenerate today's access token and paste it in Settings
[2026-07-19 12:39:26] [market_data] ⚠ Zerodha token expired — regenerate today's access token and paste it in Settings
[2026-07-19 12:39:30] [market_data] ⚠ Zerodha token expired — regenerate today's access token and paste it in Settings
[2026-07-19 12:39:33] [market_data] ⚠ Zerodha token expired — regenerate today's access token and paste it in Settings
[2026-07-19 12:39:36] [market_data] ⚠ Zerodha token expired — regenerate today's access token and paste it in Settings
[2026-07-19 12:39:39] [market_data] ⚠ Zerodha token expired — regenerate today's access token and paste it in Settings
[2026-07-19 12:39:43] [market_data] ⚠ Zerodha token expired — regenerate today's access token and paste it in Settings
[2026-07-19 12:39:46] [market_data] ⚠ Zerodha token expired — regenerate today's access token and paste it in Settings
[2026-07-19 12:39:49] [market_data] ⚠ Zerodha token expired — regenerate today's access token and paste it in Settings
[2026-07-19 12:39:53] [market_data] ⚠ Zerodha token expired — regenerate today's access token and paste it in Settings
[2026-07-19 12:39:56] [market_data] ⚠ Zerodha token expired — regenerate today's access token and paste it in Settings
[2026-07-19 12:39:59] [market_data] ⚠ Zerodha token expired — regenerate today's access token and paste it in Settings
[2026-07-19 12:40:03] [market_data] ⚠ Zerodha token expired — regenerate today's access token and paste it in Settings
[2026-07-19 12:40:06] [market_data] ⚠ Zerodha token expired — regenerate today's access token and paste it in Settings
[2026-07-19 12:40:09] [market_data] ⚠ Zerodha token expired — regenerate today's access token and paste it in Settings
[2026-07-19 12:40:12] [market_data] ⚠ Zerodha token expired — regenerate today's access token and paste it in Settings
[2026-07-19 12:40:16] [market_data] ⚠ Zerodha token expired — regenerate today's access token and paste it in Settings
[2026-07-19 12:40:19] [market_data] ⚠ Zerodha token expired — regenerate today's access token and paste it in Settings
[2026-07-19 12:40:22] [market_data] ⚠ Zerodha token expired — regenerate today's access token and paste it in Settings
[2026-07-19 12:40:25] [market_data] ⚠ Zerodha token expired — regenerate today's access token and paste it in Settings
[2026-07-19 12:40:29] [market_data] ⚠ Zerodha token expired — regenerate today's access token and paste it in Settings
[2026-07-19 12:40:32] [market_data] ⚠ Zerodha token expired — regenerate today's access token and paste it in Settings
[2026-07-19 12:40:35] [market_data] ⚠ Zerodha token expired — regenerate today's access token and paste it in Settings
[2026-07-19 12:40:39] [market_data] ⚠ Zerodha token expired — regenerate today's access token and paste it in Settings
[2026-07-19 12:40:42] [market_data] ⚠ Zerodha token expired — regenerate today's access token and paste it in Settings
[2026-07-19 12:40:46] [market_data] ⚠ Zerodha token expired — regenerate today's access token and paste it in Settings
[2026-07-19 12:40:49] [market_data] ⚠ Zerodha token expired — regenerate today's access token and paste it in Settings
[2026-07-19 12:40:52] [market_data] ⚠ Zerodha token expired — regenerate today's access token and paste it in Settings
[2026-07-19 12:40:56] [market_data] ⚠ Zerodha token expired — regenerate today's access token and paste it in Settings
[2026-07-19 12:40:59] [market_data] ⚠ Zerodha token expired — regenerate today's access token and paste it in Settings
[2026-07-19 12:41:02] [market_data] ⚠ Zerodha token expired — regenerate today's access token and paste it in Settings
[2026-07-19 12:41:05] [market_data] ⚠ Zerodha token expired — regenerate today's access token and paste it in Settings
[2026-07-19 12:41:09] [market_data] ⚠ Zerodha token expired — regenerate today's access token and paste it in Settings
[2026-07-19 12:41:12] [market_data] ⚠ Zerodha token expired — regenerate today's access token and paste it in Settings
[2026-07-19 12:41:15] [market_data] ⚠ Zerodha token expired — regenerate today's access token and paste it in Settings
[2026-07-19 12:41:19] [market_data] ⚠ Zerodha token expired — regenerate today's access token and paste it in Settings
[2026-07-19 12:41:22] [market_data] ⚠ Zerodha token expired — regenerate today's access token and paste it in Settings
[2026-07-19 12:41:25] [market_data] ⚠ Zerodha token expired — regenerate today's access token and paste it in Settings
[2026-07-19 12:41:28] [market_data] ⚠ Zerodha token expired — regenerate today's access token and paste it in Settings
[2026-07-19 12:41:32] [market_data] ⚠ Zerodha token expired — regenerate today's access token and paste it in Settings
[2026-07-19 12:41:35] [market_data] ⚠ Zerodha token expired — regenerate today's access token and paste it in Settings
[2026-07-19 12:41:38] [market_data] ⚠ Zerodha token expired — regenerate today's access token and paste it in Settings
[2026-07-19 12:41:42] [market_data] ⚠ Zerodha token expired — regenerate today's access token and paste it in Settings
[2026-07-19 12:41:45] [market_data] ⚠ Zerodha token expired — regenerate today's access token and paste it in Settings
[2026-07-19 12:41:48] [market_data] ⚠ Zerodha token expired — regenerate today's access token and paste it in Settings
[2026-07-19 12:41:51] [market_data] ⚠ Zerodha token expired — regenerate today's access token and paste it in Settings
[2026-07-19 12:41:55] [market_data] ⚠ Zerodha token expired — regenerate today's access token and paste it in Settings
[2026-07-19 12:41:58] [market_data] ⚠ Zerodha token expired — regenerate today's access token and paste it in Settings
[2026-07-19 12:42:01] [market_data] ⚠ Zerodha token expired — regenerate today's access token and paste it in Settings
[2026-07-19 12:42:05] [market_data] ⚠ Zerodha token expired — regenerate today's access token and paste it in Settings
[2026-07-19 12:42:08] [market_data] ⚠ Zerodha token expired — regenerate today's access token and paste it in Settings
[2026-07-19 12:42:11] [market_data] ⚠ Zerodha token expired — regenerate today's access token and paste it in Settings
[2026-07-19 12:42:15] [market_data] ⚠ Zerodha token expired — regenerate today's access token and paste it in Settings
[2026-07-19 12:42:18] [market_data] ⚠ Zerodha token expired — regenerate today's access token and paste it in Settings
[2026-07-19 12:42:21] [market_data] ⚠ Zerodha token expired — regenerate today's access token and paste it in Settings
[2026-07-19 12:42:24] [market_data] ⚠ Zerodha token expired — regenerate today's access token and paste it in Settings
[2026-07-19 12:42:28] [market_data] ⚠ Zerodha token expired — regenerate today's access token and paste it in Settings
[2026-07-19 12:42:31] [market_data] ⚠ Zerodha token expired — regenerate today's access token and paste it in Settings
[2026-07-19 12:42:34] [market_data] ⚠ Zerodha token expired — regenerate today's access token and paste it in Settings
[2026-07-19 12:42:38] [market_data] ⚠ Zerodha token expired — regenerate today's access token and paste it in Settings
[2026-07-19 12:42:41] [market_data] ⚠ Zerodha token expired — regenerate today's access token and paste it in Settings
[2026-07-19 12:42:44] [market_data] ⚠ Zerodha token expired — regenerate today's access token and paste it in Settings
[2026-07-19 12:42:47] [market_data] ⚠ Zerodha token expired — regenerate today's access token and paste it in Settings
[2026-07-19 12:42:51] [market_data] ⚠ Zerodha token expired — regenerate today's access token and paste it in Settings
[2026-07-19 12:42:54] [market_data] ⚠ Zerodha token expired — regenerate today's access token and paste it in Settings
[2026-07-19 12:42:57] [market_data] ⚠ Zerodha token expired — regenerate today's access token and paste it in Settings
[2026-07-19 12:43:01] [market_data] ⚠ Zerodha token expired — regenerate today's access token and paste it in Settings
[2026-07-19 12:43:04] [market_data] ⚠ Zerodha token expired — regenerate today's access token and paste it in Settings
[2026-07-19 12:43:07] [market_data] ⚠ Zerodha token expired — regenerate today's access token and paste it in Settings
[2026-07-19 12:43:10] [market_data] ⚠ Zerodha token expired — regenerate today's access token and paste it in Settings
[2026-07-19 12:43:14] [market_data] ⚠ Zerodha token expired — regenerate today's access token and paste it in Settings
[2026-07-19 12:43:17] [market_data] ⚠ Zerodha token expired — regenerate today's access token and paste it in Settings
[2026-07-19 12:43:20] [market_data] ⚠ Zerodha token expired — regenerate today's access token and paste it in Settings
[2026-07-19 12:43:24] [market_data] ⚠ Zerodha token expired — regenerate today's access token and paste it in Settings
[2026-07-19 12:43:27] [market_data] ⚠ Zerodha token expired — regenerate today's access token and paste it in Settings
[2026-07-19 12:43:30] [market_data] ⚠ Zerodha token expired — regenerate today's access token and paste it in Settings
[2026-07-19 12:43:33] [market_data] ⚠ Zerodha token expired — regenerate today's access token and paste it in Settings
[2026-07-19 12:43:37] [market_data] ⚠ Zerodha token expired — regenerate today's access token and paste it in Settings
[2026-07-19 12:43:40] [market_data] ⚠ Zerodha token expired — regenerate today's access token and paste it in Settings
[2026-07-19 12:43:43] [market_data] ⚠ Zerodha token expired — regenerate today's access token and paste it in Settings
[2026-07-19 12:43:47] [market_data] ⚠ Zerodha token expired — regenerate today's access token and paste it in Settings
[2026-07-19 12:43:50] [market_data] ⚠ Zerodha token expired — regenerate today's access token and paste it in Settings
[2026-07-19 12:43:53] [market_data] ⚠ Zerodha token expired — regenerate today's access token and paste it in Settings
[2026-07-19 12:43:56] [market_data] ⚠ Zerodha token expired — regenerate today's access token and paste it in Settings
[2026-07-19 12:44:00] [market_data] ⚠ Zerodha token expired — regenerate today's access token and paste it in Settings
[2026-07-19 12:44:03] [market_data] ⚠ Zerodha token expired — regenerate today's access token and paste it in Settings
[2026-07-19 12:44:06] [market_data] ⚠ Zerodha token expired — regenerate today's access token and paste it in Settings
[2026-07-19 12:44:10] [market_data] ⚠ Zerodha token expired — regenerate today's access token and paste it in Settings
[2026-07-19 12:44:13] [market_data] ⚠ Zerodha token expired — regenerate today's access token and paste it in Settings
[2026-07-19 12:44:16] [market_data] ⚠ Zerodha token expired — regenerate today's access token and paste it in Settings
[2026-07-19 12:44:19] [market_data] ⚠ Zerodha token expired — regenerate today's access token and paste it in Settings
[2026-07-19 12:44:23] [market_data] ⚠ Zerodha token expired — regenerate today's access token and paste it in Settings
[2026-07-19 12:44:26] [market_data] ⚠ Zerodha token expired — regenerate today's access token and paste it in Settings
[2026-07-19 12:44:29] [market_data] ⚠ Zerodha token expired — regenerate today's access token and paste it in Settings
[2026-07-19 12:44:33] [market_data] ⚠ Zerodha token expired — regenerate today's access token and paste it in Settings
[2026-07-19 12:44:36] [market_data] ⚠ Zerodha token expired — regenerate today's access token and paste it in Settings
[2026-07-19 12:44:39] [market_data] ⚠ Zerodha token expired — regenerate today's access token and paste it in Settings
[2026-07-19 12:44:43] [market_data] ⚠ Zerodha token expired — regenerate today's access token and paste it in Settings
[2026-07-19 12:44:46] [market_data] ⚠ Zerodha token expired — regenerate today's access token and paste it in Settings
[2026-07-19 12:44:49] [market_data] ⚠ Zerodha token expired — regenerate today's access token and paste it in Settings
[2026-07-19 12:44:53] [market_data] ⚠ Zerodha token expired — regenerate today's access token and paste it in Settings
[2026-07-19 12:44:56] [market_data] ⚠ Zerodha token expired — regenerate today's access token and paste it in Settings
[2026-07-19 12:44:59] [market_data] ⚠ Zerodha token expired — regenerate today's access token and paste it in Settings
[2026-07-19 12:45:02] [market_data] ⚠ Zerodha token expired — regenerate today's access token and paste it in Settings
[2026-07-19 12:45:06] [market_data] ⚠ Zerodha token expired — regenerate today's access token and paste it in Settings
[2026-07-19 12:45:09] [market_data] ⚠ Zerodha token expired — regenerate today's access token and paste it in Settings
[2026-07-19 12:45:12] [market_data] ⚠ Zerodha token expired — regenerate today's access token and paste it in Settings
[2026-07-19 12:45:16] [market_data] ⚠ Zerodha token expired — regenerate today's access token and paste it in Settings
[2026-07-19 12:45:19] [market_data] ⚠ Zerodha token expired — regenerate today's access token and paste it in Settings
[2026-07-19 12:45:22] [market_data] ⚠ Zerodha token expired — regenerate today's access token and paste it in Settings
[2026-07-19 12:45:25] [market_data] ⚠ Zerodha token expired — regenerate today's access token and paste it in Settings
[2026-07-19 12:45:29] [market_data] ⚠ Zerodha token expired — regenerate today's access token and paste it in Settings
[2026-07-19 12:45:32] [market_data] ⚠ Zerodha token expired — regenerate today's access token and paste it in Settings
[2026-07-19 12:45:35] [market_data] ⚠ Zerodha token expired — regenerate today's access token and paste it in Settings
[2026-07-19 12:45:39] [market_data] ⚠ Zerodha token expired — regenerate today's access token and paste it in Settings
[2026-07-19 12:45:42] [market_data] ⚠ Zerodha token expired — regenerate today's access token and paste it in Settings
[2026-07-19 12:45:45] [market_data] ⚠ Zerodha token expired — regenerate today's access token and paste it in Settings
[2026-07-19 12:45:48] [market_data] ⚠ Zerodha token expired — regenerate today's access token and paste it in Settings
[2026-07-19 12:45:52] [market_data] ⚠ Zerodha token expired — regenerate today's access token and paste it in Settings
[2026-07-19 12:45:55] [market_data] ⚠ Zerodha token expired — regenerate today's access token and paste it in Settings
[2026-07-19 12:45:58] [market_data] ⚠ Zerodha token expired — regenerate today's access token and paste it in Settings
[2026-07-19 12:46:02] [market_data] ⚠ Zerodha token expired — regenerate today's access token and paste it in Settings
[2026-07-19 12:46:05] [market_data] ⚠ Zerodha token expired — regenerate today's access token and paste it in Settings
[2026-07-19 12:46:08] [market_data] ⚠ Zerodha token expired — regenerate today's access token and paste it in Settings
[2026-07-19 12:46:11] [market_data] ⚠ Zerodha token expired — regenerate today's access token and paste it in Settings
[2026-07-19 12:46:15] [market_data] ⚠ Zerodha token expired — regenerate today's access token and paste it in Settings
[2026-07-19 12:46:18] [market_data] ⚠ Zerodha token expired — regenerate today's access token and paste it in Settings
[2026-07-19 12:46:21] [market_data] ⚠ Zerodha token expired — regenerate today's access token and paste it in Settings
[2026-07-19 12:46:25] [market_data] ⚠ Zerodha token expired — regenerate today's access token and paste it in Settings
[2026-07-19 12:46:28] [market_data] ⚠ Zerodha token expired — regenerate today's access token and paste it in Settings
[2026-07-19 12:46:31] [market_data] ⚠ Zerodha token expired — regenerate today's access token and paste it in Settings
[2026-07-19 12:46:35] [market_data] ⚠ Zerodha token expired — regenerate today's access token and paste it in Settings
[2026-07-19 12:46:38] [market_data] ⚠ Zerodha token expired — regenerate today's access token and paste it in Settings
[2026-07-19 12:46:41] [market_data] ⚠ Zerodha token expired — regenerate today's access token and paste it in Settings
[2026-07-19 12:46:44] [market_data] ⚠ Zerodha token expired — regenerate today's access token and paste it in Settings
[2026-07-19 12:46:48] [market_data] ⚠ Zerodha token expired — regenerate today's access token and paste it in Settings
[2026-07-19 12:46:51] [market_data] ⚠ Zerodha token expired — regenerate today's access token and paste it in Settings
[2026-07-19 12:46:54] [market_data] ⚠ Zerodha token expired — regenerate today's access token and paste it in Settings
[2026-07-19 12:46:58] [market_data] ⚠ Zerodha token expired — regenerate today's access token and paste it in Settings
[2026-07-19 12:47:01] [market_data] ⚠ Zerodha token expired — regenerate today's access token and paste it in Settings
[2026-07-19 12:47:04] [market_data] ⚠ Zerodha token expired — regenerate today's access token and paste it in Settings
[2026-07-19 12:47:07] [market_data] ⚠ Zerodha token expired — regenerate today's access token and paste it in Settings
[2026-07-19 12:47:11] [market_data] ⚠ Zerodha token expired — regenerate today's access token and paste it in Settings
[2026-07-19 12:47:14] [market_data] ⚠ Zerodha token expired — regenerate today's access token and paste it in Settings
[2026-07-19 12:47:17] [market_data] ⚠ Zerodha token expired — regenerate today's access token and paste it in Settings
[2026-07-19 12:47:21] [market_data] ⚠ Zerodha token expired — regenerate today's access token and paste it in Settings
[2026-07-19 12:47:24] [market_data] ⚠ Zerodha token expired — regenerate today's access token and paste it in Settings
[2026-07-19 12:47:27] [market_data] ⚠ Zerodha token expired — regenerate today's access token and paste it in Settings
[2026-07-19 12:47:30] [market_data] ⚠ Zerodha token expired — regenerate today's access token and paste it in Settings
[2026-07-19 12:47:34] [market_data] ⚠ Zerodha token expired — regenerate today's access token and paste it in Settings
[2026-07-19 12:47:37] [market_data] ⚠ Zerodha token expired — regenerate today's access token and paste it in Settings
[2026-07-19 12:47:40] [market_data] ⚠ Zerodha token expired — regenerate today's access token and paste it in Settings
[2026-07-19 12:47:44] [market_data] ⚠ Zerodha token expired — regenerate today's access token and paste it in Settings
[2026-07-19 12:47:47] [market_data] ⚠ Zerodha token expired — regenerate today's access token and paste it in Settings
[2026-07-19 12:47:50] [market_data] ⚠ Zerodha token expired — regenerate today's access token and paste it in Settings
[2026-07-19 12:47:53] [market_data] ⚠ Zerodha token expired — regenerate today's access token and paste it in Settings
[2026-07-19 12:47:57] [market_data] ⚠ Zerodha token expired — regenerate today's access token and paste it in Settings
[2026-07-19 12:48:00] [market_data] ⚠ Zerodha token expired — regenerate today's access token and paste it in Settings
[2026-07-19 12:48:03] [market_data] ⚠ Zerodha token expired — regenerate today's access token and paste it in Settings
[2026-07-19 12:48:06] [market_data] ⚠ Zerodha token expired — regenerate today's access token and paste it in Settings
[2026-07-19 12:48:10] [market_data] ⚠ Zerodha token expired — regenerate today's access token and paste it in Settings
[2026-07-19 12:48:13] [market_data] ⚠ Zerodha token expired — regenerate today's access token and paste it in Settings
[2026-07-19 12:48:16] [market_data] ⚠ Zerodha token expired — regenerate today's access token and paste it in Settings
[2026-07-19 12:48:20] [market_data] ⚠ Zerodha token expired — regenerate today's access token and paste it in Settings
[2026-07-19 12:48:23] [market_data] ⚠ Zerodha token expired — regenerate today's access token and paste it in Settings
[2026-07-19 12:48:26] [market_data] ⚠ Zerodha token expired — regenerate today's access token and paste it in Settings
[2026-07-19 12:48:30] [market_data] ⚠ Zerodha token expired — regenerate today's access token and paste it in Settings
[2026-07-19 12:48:33] [market_data] ⚠ Zerodha token expired — regenerate today's access token and paste it in Settings
[2026-07-19 12:48:36] [market_data] ⚠ Zerodha token expired — regenerate today's access token and paste it in Settings
[2026-07-19 12:48:39] [market_data] ⚠ Zerodha token expired — regenerate today's access token and paste it in Settings
[2026-07-19 12:48:43] [market_data] ⚠ Zerodha token expired — regenerate today's access token and paste it in Settings
[2026-07-19 12:48:46] [market_data] ⚠ Zerodha token expired — regenerate today's access token and paste it in Settings
[2026-07-19 12:48:49] [market_data] ⚠ Zerodha token expired — regenerate today's access token and paste it in Settings
[2026-07-19 12:48:53] [market_data] ⚠ Zerodha token expired — regenerate today's access token and paste it in Settings
[2026-07-19 12:48:56] [market_data] ⚠ Zerodha token expired — regenerate today's access token and paste it in Settings
[2026-07-19 12:48:59] [market_data] ⚠ Zerodha token expired — regenerate today's access token and paste it in Settings
[2026-07-19 12:49:03] [market_data] ⚠ Zerodha token expired — regenerate today's access token and paste it in Settings
[2026-07-19 12:49:06] [market_data] ⚠ Zerodha token expired — regenerate today's access token and paste it in Settings
[2026-07-19 12:49:09] [market_data] ⚠ Zerodha token expired — regenerate today's access token and paste it in Settings
[2026-07-19 12:49:13] [market_data] ⚠ Zerodha token expired — regenerate today's access token and paste it in Settings
[2026-07-19 12:49:16] [market_data] ⚠ Zerodha token expired — regenerate today's access token and paste it in Settings
[2026-07-19 12:49:19] [market_data] ⚠ Zerodha token expired — regenerate today's access token and paste it in Settings
[2026-07-19 12:49:22] [market_data] ⚠ Zerodha token expired — regenerate today's access token and paste it in Settings
[2026-07-19 12:49:26] [market_data] ⚠ Zerodha token expired — regenerate today's access token and paste it in Settings
[2026-07-19 12:49:29] [market_data] ⚠ Zerodha token expired — regenerate today's access token and paste it in Settings
[2026-07-19 12:49:32] [market_data] ⚠ Zerodha token expired — regenerate today's access token and paste it in Settings
[2026-07-19 12:49:36] [market_data] ⚠ Zerodha token expired — regenerate today's access token and paste it in Settings
[2026-07-19 12:49:39] [market_data] ⚠ Zerodha token expired — regenerate today's access token and paste it in Settings
[2026-07-19 12:49:42] [market_data] ⚠ Zerodha token expired — regenerate today's access token and paste it in Settings
[2026-07-19 12:49:45] [market_data] ⚠ Zerodha token expired — regenerate today's access token and paste it in Settings
[2026-07-19 12:49:49] [market_data] ⚠ Zerodha token expired — regenerate today's access token and paste it in Settings
[2026-07-19 12:49:52] [market_data] ⚠ Zerodha token expired — regenerate today's access token and paste it in Settings
[2026-07-19 12:49:55] [market_data] ⚠ Zerodha token expired — regenerate today's access token and paste it in Settings
[2026-07-19 12:49:59] [market_data] ⚠ Zerodha token expired — regenerate today's access token and paste it in Settings
[2026-07-19 12:50:02] [market_data] ⚠ Zerodha token expired — regenerate today's access token and paste it in Settings
[2026-07-19 12:50:05] [market_data] ⚠ Zerodha token expired — regenerate today's access token and paste it in Settings
[2026-07-19 12:50:09] [market_data] ⚠ Zerodha token expired — regenerate today's access token and paste it in Settings
[2026-07-19 12:50:12] [market_data] ⚠ Zerodha token expired — regenerate today's access token and paste it in Settings
[2026-07-19 12:50:15] [market_data] ⚠ Zerodha token expired — regenerate today's access token and paste it in Settings
[2026-07-19 12:50:18] [market_data] ⚠ Zerodha token expired — regenerate today's access token and paste it in Settings
[2026-07-19 12:50:22] [market_data] ⚠ Zerodha token expired — regenerate today's access token and paste it in Settings
[2026-07-19 12:50:25] [market_data] ⚠ Zerodha token expired — regenerate today's access token and paste it in Settings
[2026-07-19 12:50:28] [market_data] ⚠ Zerodha token expired — regenerate today's access token and paste it in Settings
[2026-07-19 12:50:32] [market_data] ⚠ Zerodha token expired — regenerate today's access token and paste it in Settings
[2026-07-19 12:50:35] [market_data] ⚠ Zerodha token expired — regenerate today's access token and paste it in Settings
[2026-07-19 12:50:38] [market_data] ⚠ Zerodha token expired — regenerate today's access token and paste it in Settings
[2026-07-19 12:50:41] [market_data] ⚠ Zerodha token expired — regenerate today's access token and paste it in Settings
[2026-07-19 12:50:45] [market_data] ⚠ Zerodha token expired — regenerate today's access token and paste it in Settings
[2026-07-19 12:50:48] [market_data] ⚠ Zerodha token expired — regenerate today's access token and paste it in Settings
[2026-07-19 12:50:51] [market_data] ⚠ Zerodha token expired — regenerate today's access token and paste it in Settings
[2026-07-19 12:50:54] [market_data] ⚠ Zerodha token expired — regenerate today's access token and paste it in Settings
[2026-07-19 12:50:58] [market_data] ⚠ Zerodha token expired — regenerate today's access token and paste it in Settings
[2026-07-19 12:51:01] [market_data] ⚠ Zerodha token expired — regenerate today's access token and paste it in Settings
[2026-07-19 12:51:04] [market_data] ⚠ Zerodha token expired — regenerate today's access token and paste it in Settings
[2026-07-19 12:51:08] [market_data] ⚠ Zerodha token expired — regenerate today's access token and paste it in Settings
[2026-07-19 12:51:11] [market_data] ⚠ Zerodha token expired — regenerate today's access token and paste it in Settings
[2026-07-19 12:51:14] [market_data] ⚠ Zerodha token expired — regenerate today's access token and paste it in Settings
[2026-07-19 12:51:18] [market_data] ⚠ Zerodha token expired — regenerate today's access token and paste it in Settings
[2026-07-19 12:51:21] [market_data] ⚠ Zerodha token expired — regenerate today's access token and paste it in Settings
[2026-07-19 12:51:24] [market_data] ⚠ Zerodha token expired — regenerate today's access token and paste it in Settings
[2026-07-19 12:51:27] [market_data] ⚠ Zerodha token expired — regenerate today's access token and paste it in Settings
[2026-07-19 12:51:31] [market_data] ⚠ Zerodha token expired — regenerate today's access token and paste it in Settings
[2026-07-19 12:51:34] [market_data] ⚠ Zerodha token expired — regenerate today's access token and paste it in Settings
[2026-07-19 12:51:37] [market_data] ⚠ Zerodha token expired — regenerate today's access token and paste it in Settings
[2026-07-19 12:51:41] [market_data] ⚠ Zerodha token expired — regenerate today's access token and paste it in Settings
[2026-07-19 12:51:44] [market_data] ⚠ Zerodha token expired — regenerate today's access token and paste it in Settings
[2026-07-19 12:51:47] [market_data] ⚠ Zerodha token expired — regenerate today's access token and paste it in Settings
[2026-07-19 12:51:51] [market_data] ⚠ Zerodha token expired — regenerate today's access token and paste it in Settings
[2026-07-19 12:51:54] [market_data] ⚠ Zerodha token expired — regenerate today's access token and paste it in Settings
[2026-07-19 12:51:58] [market_data] ⚠ Zerodha token expired — regenerate today's access token and paste it in Settings
[2026-07-19 12:52:01] [market_data] ⚠ Zerodha token expired — regenerate today's access token and paste it in Settings
[2026-07-19 12:52:04] [market_data] ⚠ Zerodha token expired — regenerate today's access token and paste it in Settings
[2026-07-19 12:52:07] [market_data] ⚠ Zerodha token expired — regenerate today's access token and paste it in Settings
[2026-07-19 12:52:11] [market_data] ⚠ Zerodha token expired — regenerate today's access token and paste it in Settings
[2026-07-19 12:52:14] [market_data] ⚠ Zerodha token expired — regenerate today's access token and paste it in Settings
[2026-07-19 12:52:17] [market_data] ⚠ Zerodha token expired — regenerate today's access token and paste it in Settings
[2026-07-19 12:52:21] [market_data] ⚠ Zerodha token expired — regenerate today's access token and paste it in Settings
[2026-07-19 12:52:24] [market_data] ⚠ Zerodha token expired — regenerate today's access token and paste it in Settings
[2026-07-19 12:52:27] [market_data] ⚠ Zerodha token expired — regenerate today's access token and paste it in Settings
[2026-07-19 12:52:31] [market_data] ⚠ Zerodha token expired — regenerate today's access token and paste it in Settings
[2026-07-19 12:52:34] [market_data] ⚠ Zerodha token expired — regenerate today's access token and paste it in Settings
[2026-07-19 12:52:37] [market_data] ⚠ Zerodha token expired — regenerate today's access token and paste it in Settings
[2026-07-19 12:52:41] [market_data] ⚠ Zerodha token expired — regenerate today's access token and paste it in Settings
[2026-07-19 12:52:44] [market_data] ⚠ Zerodha token expired — regenerate today's access token and paste it in Settings
[2026-07-19 12:52:47] [market_data] ⚠ Zerodha token expired — regenerate today's access token and paste it in Settings
[2026-07-19 12:52:51] [market_data] ⚠ Zerodha token expired — regenerate today's access token and paste it in Settings
[2026-07-19 12:52:54] [market_data] ⚠ Zerodha token expired — regenerate today's access token and paste it in Settings
[2026-07-19 12:52:57] [market_data] ⚠ Zerodha token expired — regenerate today's access token and paste it in Settings
[2026-07-19 12:53:00] [market_data] ⚠ Zerodha token expired — regenerate today's access token and paste it in Settings
[2026-07-19 12:53:04] [market_data] ⚠ Zerodha token expired — regenerate today's access token and paste it in Settings
[2026-07-19 12:53:07] [market_data] ⚠ Zerodha token expired — regenerate today's access token and paste it in Settings
[2026-07-19 12:53:10] [market_data] ⚠ Zerodha token expired — regenerate today's access token and paste it in Settings
[2026-07-19 12:53:14] [market_data] ⚠ Zerodha token expired — regenerate today's access token and paste it in Settings
[2026-07-19 12:53:17] [market_data] ⚠ Zerodha token expired — regenerate today's access token and paste it in Settings
[2026-07-19 12:53:20] [market_data] ⚠ Zerodha token expired — regenerate today's access token and paste it in Settings
[2026-07-19 12:53:24] [market_data] ⚠ Zerodha token expired — regenerate today's access token and paste it in Settings
[2026-07-19 12:53:27] [market_data] ⚠ Zerodha token expired — regenerate today's access token and paste it in Settings
[2026-07-19 12:53:30] [market_data] ⚠ Zerodha token expired — regenerate today's access token and paste it in Settings
[2026-07-19 12:53:34] [market_data] ⚠ Zerodha token expired — regenerate today's access token and paste it in Settings
[2026-07-19 12:53:37] [market_data] ⚠ Zerodha token expired — regenerate today's access token and paste it in Settings
[2026-07-19 12:53:40] [market_data] ⚠ Zerodha token expired — regenerate today's access token and paste it in Settings
[2026-07-19 12:53:44] [market_data] ⚠ Zerodha token expired — regenerate today's access token and paste it in Settings
[2026-07-19 12:53:47] [market_data] ⚠ Zerodha token expired — regenerate today's access token and paste it in Settings
[2026-07-19 12:53:50] [market_data] ⚠ Zerodha token expired — regenerate today's access token and paste it in Settings
[2026-07-19 12:53:54] [market_data] ⚠ Zerodha token expired — regenerate today's access token and paste it in Settings
[2026-07-19 12:53:57] [market_data] ⚠ Zerodha token expired — regenerate today's access token and paste it in Settings
[2026-07-19 12:54:00] [market_data] ⚠ Zerodha token expired — regenerate today's access token and paste it in Settings
[2026-07-19 12:54:03] [market_data] ⚠ Zerodha token expired — regenerate today's access token and paste it in Settings
[2026-07-19 12:54:07] [market_data] ⚠ Zerodha token expired — regenerate today's access token and paste it in Settings
[2026-07-19 12:54:10] [market_data] ⚠ Zerodha token expired — regenerate today's access token and paste it in Settings
[2026-07-19 12:54:13] [market_data] ⚠ Zerodha token expired — regenerate today's access token and paste it in Settings
[2026-07-19 12:54:17] [market_data] ⚠ Zerodha token expired — regenerate today's access token and paste it in Settings
[2026-07-19 12:54:20] [market_data] ⚠ Zerodha token expired — regenerate today's access token and paste it in Settings
[2026-07-19 12:54:23] [market_data] ⚠ Zerodha token expired — regenerate today's access token and paste it in Settings
[2026-07-19 12:54:27] [market_data] ⚠ Zerodha token expired — regenerate today's access token and paste it in Settings
[2026-07-19 12:54:30] [market_data] ⚠ Zerodha token expired — regenerate today's access token and paste it in Settings
[2026-07-19 12:54:33] [market_data] ⚠ Zerodha token expired — regenerate today's access token and paste it in Settings
[2026-07-19 12:54:37] [market_data] ⚠ Zerodha token expired — regenerate today's access token and paste it in Settings
[2026-07-19 12:54:40] [market_data] ⚠ Zerodha token expired — regenerate today's access token and paste it in Settings
[2026-07-19 12:54:43] [market_data] ⚠ Zerodha token expired — regenerate today's access token and paste it in Settings
[2026-07-19 12:54:46] [market_data] ⚠ Zerodha token expired — regenerate today's access token and paste it in Settings
[2026-07-19 12:54:50] [market_data] ⚠ Zerodha token expired — regenerate today's access token and paste it in Settings
[2026-07-19 12:54:53] [market_data] ⚠ Zerodha token expired — regenerate today's access token and paste it in Settings
[2026-07-19 12:54:56] [market_data] ⚠ Zerodha token expired — regenerate today's access token and paste it in Settings
[2026-07-19 12:54:59] [market_data] ⚠ Zerodha token expired — regenerate today's access token and paste it in Settings
[2026-07-19 12:55:03] [market_data] ⚠ Zerodha token expired — regenerate today's access token and paste it in Settings
[2026-07-19 12:55:06] [market_data] ⚠ Zerodha token expired — regenerate today's access token and paste it in Settings
[2026-07-19 12:55:09] [market_data] ⚠ Zerodha token expired — regenerate today's access token and paste it in Settings
[2026-07-19 12:55:13] [market_data] ⚠ Zerodha token expired — regenerate today's access token and paste it in Settings
[2026-07-19 12:55:16] [market_data] ⚠ Zerodha token expired — regenerate today's access token and paste it in Settings
[2026-07-19 12:55:19] [market_data] ⚠ Zerodha token expired — regenerate today's access token and paste it in Settings
[2026-07-19 12:55:23] [market_data] ⚠ Zerodha token expired — regenerate today's access token and paste it in Settings
[2026-07-19 12:55:26] [market_data] ⚠ Zerodha token expired — regenerate today's access token and paste it in Settings
[2026-07-19 12:55:29] [market_data] ⚠ Zerodha token expired — regenerate today's access token and paste it in Settings
[2026-07-19 12:55:33] [market_data] ⚠ Zerodha token expired — regenerate today's access token and paste it in Settings
[2026-07-19 12:55:36] [market_data] ⚠ Zerodha token expired — regenerate today's access token and paste it in Settings
[2026-07-19 12:55:39] [market_data] ⚠ Zerodha token expired — regenerate today's access token and paste it in Settings
[2026-07-19 12:55:43] [market_data] ⚠ Zerodha token expired — regenerate today's access token and paste it in Settings
[2026-07-19 12:55:46] [market_data] ⚠ Zerodha token expired — regenerate today's access token and paste it in Settings
[2026-07-19 12:55:49] [market_data] ⚠ Zerodha token expired — regenerate today's access token and paste it in Settings
[2026-07-19 12:55:52] [market_data] ⚠ Zerodha token expired — regenerate today's access token and paste it in Settings
[2026-07-19 12:55:56] [market_data] ⚠ Zerodha token expired — regenerate today's access token and paste it in Settings
[2026-07-19 12:55:59] [market_data] ⚠ Zerodha token expired — regenerate today's access token and paste it in Settings
[2026-07-19 12:56:02] [market_data] ⚠ Zerodha token expired — regenerate today's access token and paste it in Settings
[2026-07-19 12:56:06] [market_data] ⚠ Zerodha token expired — regenerate today's access token and paste it in Settings
[2026-07-19 12:56:09] [market_data] ⚠ Zerodha token expired — regenerate today's access token and paste it in Settings
[2026-07-19 12:56:12] [market_data] ⚠ Zerodha token expired — regenerate today's access token and paste it in Settings
[2026-07-19 12:56:15] [market_data] ⚠ Zerodha token expired — regenerate today's access token and paste it in Settings
[2026-07-19 12:56:19] [market_data] ⚠ Zerodha token expired — regenerate today's access token and paste it in Settings
[2026-07-19 12:56:22] [market_data] ⚠ Zerodha token expired — regenerate today's access token and paste it in Settings
[2026-07-19 12:56:25] [market_data] ⚠ Zerodha token expired — regenerate today's access token and paste it in Settings
[2026-07-19 12:56:29] [market_data] ⚠ Zerodha token expired — regenerate today's access token and paste it in Settings
[2026-07-19 12:56:32] [market_data] ⚠ Zerodha token expired — regenerate today's access token and paste it in Settings
[2026-07-19 12:56:35] [market_data] ⚠ Zerodha token expired — regenerate today's access token and paste it in Settings
[2026-07-19 12:56:39] [market_data] ⚠ Zerodha token expired — regenerate today's access token and paste it in Settings
[2026-07-19 12:56:42] [market_data] ⚠ Zerodha token expired — regenerate today's access token and paste it in Settings
[2026-07-19 12:56:45] [market_data] ⚠ Zerodha token expired — regenerate today's access token and paste it in Settings
[2026-07-19 12:56:49] [market_data] ⚠ Zerodha token expired — regenerate today's access token and paste it in Settings
[2026-07-19 12:56:52] [market_data] ⚠ Zerodha token expired — regenerate today's access token and paste it in Settings
[2026-07-19 12:56:55] [market_data] ⚠ Zerodha token expired — regenerate today's access token and paste it in Settings
[2026-07-19 12:56:58] [market_data] ⚠ Zerodha token expired — regenerate today's access token and paste it in Settings
[2026-07-19 12:57:02] [market_data] ⚠ Zerodha token expired — regenerate today's access token and paste it in Settings
[2026-07-19 12:57:05] [market_data] ⚠ Zerodha token expired — regenerate today's access token and paste it in Settings
[2026-07-19 12:57:08] [market_data] ⚠ Zerodha token expired — regenerate today's access token and paste it in Settings
[2026-07-19 12:57:12] [market_data] ⚠ Zerodha token expired — regenerate today's access token and paste it in Settings
[2026-07-19 12:57:15] [market_data] ⚠ Zerodha token expired — regenerate today's access token and paste it in Settings
[2026-07-19 12:57:18] [market_data] ⚠ Zerodha token expired — regenerate today's access token and paste it in Settings
[2026-07-19 12:57:21] [market_data] ⚠ Zerodha token expired — regenerate today's access token and paste it in Settings
[2026-07-19 12:57:25] [market_data] ⚠ Zerodha token expired — regenerate today's access token and paste it in Settings
[2026-07-19 12:57:28] [market_data] ⚠ Zerodha token expired — regenerate today's access token and paste it in Settings
[2026-07-19 12:57:31] [market_data] ⚠ Zerodha token expired — regenerate today's access token and paste it in Settings
[2026-07-19 12:57:35] [market_data] ⚠ Zerodha token expired — regenerate today's access token and paste it in Settings
[2026-07-19 12:57:38] [market_data] ⚠ Zerodha token expired — regenerate today's access token and paste it in Settings
[2026-07-19 12:57:41] [market_data] ⚠ Zerodha token expired — regenerate today's access token and paste it in Settings
[2026-07-19 12:57:53] [market_data] ⚠ Zerodha token expired — regenerate today's access token and paste it in Settings
[2026-07-19 12:57:59] [market_data] ⚠ Zerodha token expired — regenerate today's access token and paste it in Settings
[2026-07-19 12:58:02] [market_data] ⚠ Zerodha token expired — regenerate today's access token and paste it in Settings
[2026-07-19 12:58:05] [market_data] ⚠ Zerodha token expired — regenerate today's access token and paste it in Settings
[2026-07-19 12:58:09] [market_data] ⚠ Zerodha token expired — regenerate today's access token and paste it in Settings
[2026-07-19 12:58:12] [market_data] ⚠ Zerodha token expired — regenerate today's access token and paste it in Settings
[2026-07-19 12:58:15] [market_data] ⚠ Zerodha token expired — regenerate today's access token and paste it in Settings
[2026-07-19 12:58:18] [market_data] ⚠ Zerodha token expired — regenerate today's access token and paste it in Settings
[2026-07-19 12:58:22] [market_data] ⚠ Zerodha token expired — regenerate today's access token and paste it in Settings
[2026-07-19 12:58:25] [market_data] ⚠ Zerodha token expired — regenerate today's access token and paste it in Settings
[2026-07-19 12:58:28] [market_data] ⚠ Zerodha token expired — regenerate today's access token and paste it in Settings
[2026-07-19 12:58:32] [market_data] ⚠ Zerodha token expired — regenerate today's access token and paste it in Settings
[2026-07-19 12:58:35] [market_data] ⚠ Zerodha token expired — regenerate today's access token and paste it in Settings
[2026-07-19 12:58:38] [market_data] ⚠ Zerodha token expired — regenerate today's access token and paste it in Settings
[2026-07-19 12:58:41] [market_data] ⚠ Zerodha token expired — regenerate today's access token and paste it in Settings
[2026-07-19 12:58:45] [market_data] ⚠ Zerodha token expired — regenerate today's access token and paste it in Settings
[2026-07-19 12:58:48] [market_data] ⚠ Zerodha token expired — regenerate today's access token and paste it in Settings
[2026-07-19 12:58:51] [market_data] ⚠ Zerodha token expired — regenerate today's access token and paste it in Settings
[2026-07-19 12:58:55] [market_data] ⚠ Zerodha token expired — regenerate today's access token and paste it in Settings
[2026-07-19 12:58:58] [market_data] ⚠ Zerodha token expired — regenerate today's access token and paste it in Settings
[2026-07-19 12:59:01] [market_data] ⚠ Zerodha token expired — regenerate today's access token and paste it in Settings
[2026-07-19 12:59:04] [market_data] ⚠ Zerodha token expired — regenerate today's access token and paste it in Settings
[2026-07-19 12:59:08] [market_data] ⚠ Zerodha token expired — regenerate today's access token and paste it in Settings
[2026-07-19 12:59:11] [market_data] ⚠ Zerodha token expired — regenerate today's access token and paste it in Settings
[2026-07-19 12:59:14] [market_data] ⚠ Zerodha token expired — regenerate today's access token and paste it in Settings
[2026-07-19 12:59:18] [market_data] ⚠ Zerodha token expired — regenerate today's access token and paste it in Settings
[2026-07-19 12:59:21] [market_data] ⚠ Zerodha token expired — regenerate today's access token and paste it in Settings
[2026-07-19 12:59:25] [market_data] ⚠ Zerodha token expired — regenerate today's access token and paste it in Settings
[2026-07-19 12:59:28] [market_data] ⚠ Zerodha token expired — regenerate today's access token and paste it in Settings
[2026-07-19 12:59:31] [market_data] ⚠ Zerodha token expired — regenerate today's access token and paste it in Settings
[2026-07-19 12:59:35] [market_data] ⚠ Zerodha token expired — regenerate today's access token and paste it in Settings
[2026-07-19 12:59:38] [market_data] ⚠ Zerodha token expired — regenerate today's access token and paste it in Settings
[2026-07-19 12:59:41] [market_data] ⚠ Zerodha token expired — regenerate today's access token and paste it in Settings
[2026-07-19 12:59:44] [market_data] ⚠ Zerodha token expired — regenerate today's access token and paste it in Settings
[2026-07-19 12:59:48] [market_data] ⚠ Zerodha token expired — regenerate today's access token and paste it in Settings
[2026-07-19 12:59:52] [market_data] ⚠ Zerodha token expired — regenerate today's access token and paste it in Settings
[2026-07-19 12:59:55] [market_data] ⚠ Zerodha token expired — regenerate today's access token and paste it in Settings
[2026-07-19 12:59:58] [market_data] ⚠ Zerodha token expired — regenerate today's access token and paste it in Settings
[2026-07-19 13:00:02] [market_data] ⚠ Zerodha token expired — regenerate today's access token and paste it in Settings
[2026-07-19 13:00:05] [market_data] ⚠ Zerodha token expired — regenerate today's access token and paste it in Settings
[2026-07-19 13:00:08] [market_data] ⚠ Zerodha token expired — regenerate today's access token and paste it in Settings
[2026-07-19 13:00:11] [market_data] ⚠ Zerodha token expired — regenerate today's access token and paste it in Settings
[2026-07-19 13:00:15] [market_data] ⚠ Zerodha token expired — regenerate today's access token and paste it in Settings
[2026-07-19 13:00:18] [market_data] ⚠ Zerodha token expired — regenerate today's access token and paste it in Settings
[2026-07-19 13:00:21] [market_data] ⚠ Zerodha token expired — regenerate today's access token and paste it in Settings
[2026-07-19 13:00:25] [market_data] ⚠ Zerodha token expired — regenerate today's access token and paste it in Settings
[2026-07-19 13:00:28] [market_data] ⚠ Zerodha token expired — regenerate today's access token and paste it in Settings
[2026-07-19 13:00:31] [market_data] ⚠ Zerodha token expired — regenerate today's access token and paste it in Settings
[2026-07-19 13:00:34] [market_data] ⚠ Zerodha token expired — regenerate today's access token and paste it in Settings
[2026-07-19 13:00:38] [market_data] ⚠ Zerodha token expired — regenerate today's access token and paste it in Settings
[2026-07-19 13:00:41] [market_data] ⚠ Zerodha token expired — regenerate today's access token and paste it in Settings
[2026-07-19 13:00:44] [market_data] ⚠ Zerodha token expired — regenerate today's access token and paste it in Settings
[2026-07-19 13:00:48] [market_data] ⚠ Zerodha token expired — regenerate today's access token and paste it in Settings
[2026-07-19 13:00:51] [market_data] ⚠ Zerodha token expired — regenerate today's access token and paste it in Settings
[2026-07-19 13:00:54] [market_data] ⚠ Zerodha token expired — regenerate today's access token and paste it in Settings
[2026-07-19 13:00:58] [market_data] ⚠ Zerodha token expired — regenerate today's access token and paste it in Settings
[2026-07-19 13:01:01] [market_data] ⚠ Zerodha token expired — regenerate today's access token and paste it in Settings
[2026-07-19 13:01:04] [market_data] ⚠ Zerodha token expired — regenerate today's access token and paste it in Settings
[2026-07-19 13:01:08] [market_data] ⚠ Zerodha token expired — regenerate today's access token and paste it in Settings
[2026-07-19 13:01:11] [market_data] ⚠ Zerodha token expired — regenerate today's access token and paste it in Settings
[2026-07-19 13:01:14] [market_data] ⚠ Zerodha token expired — regenerate today's access token and paste it in Settings
[2026-07-19 13:01:17] [market_data] ⚠ Zerodha token expired — regenerate today's access token and paste it in Settings
[2026-07-19 13:01:21] [market_data] ⚠ Zerodha token expired — regenerate today's access token and paste it in Settings
[2026-07-19 13:01:24] [market_data] ⚠ Zerodha token expired — regenerate today's access token and paste it in Settings
[2026-07-19 13:01:27] [market_data] ⚠ Zerodha token expired — regenerate today's access token and paste it in Settings
[2026-07-19 13:01:31] [market_data] ⚠ Zerodha token expired — regenerate today's access token and paste it in Settings
[2026-07-19 13:01:34] [market_data] ⚠ Zerodha token expired — regenerate today's access token and paste it in Settings
[2026-07-19 13:01:37] [market_data] ⚠ Zerodha token expired — regenerate today's access token and paste it in Settings
[2026-07-19 13:01:40] [market_data] ⚠ Zerodha token expired — regenerate today's access token and paste it in Settings
[2026-07-19 13:01:44] [market_data] ⚠ Zerodha token expired — regenerate today's access token and paste it in Settings
[2026-07-19 13:01:47] [market_data] ⚠ Zerodha token expired — regenerate today's access token and paste it in Settings
[2026-07-19 13:01:50] [market_data] ⚠ Zerodha token expired — regenerate today's access token and paste it in Settings
[2026-07-19 13:01:54] [market_data] ⚠ Zerodha token expired — regenerate today's access token and paste it in Settings
[2026-07-19 13:01:57] [market_data] ⚠ Zerodha token expired — regenerate today's access token and paste it in Settings
[2026-07-19 13:02:00] [market_data] ⚠ Zerodha token expired — regenerate today's access token and paste it in Settings
[2026-07-19 13:02:03] [market_data] ⚠ Zerodha token expired — regenerate today's access token and paste it in Settings
[2026-07-19 13:02:07] [market_data] ⚠ Zerodha token expired — regenerate today's access token and paste it in Settings
[2026-07-19 13:02:10] [market_data] ⚠ Zerodha token expired — regenerate today's access token and paste it in Settings
[2026-07-19 13:02:13] [market_data] ⚠ Zerodha token expired — regenerate today's access token and paste it in Settings
[2026-07-19 13:02:17] [market_data] ⚠ Zerodha token expired — regenerate today's access token and paste it in Settings
[2026-07-19 13:02:20] [market_data] ⚠ Zerodha token expired — regenerate today's access token and paste it in Settings
[2026-07-19 13:02:23] [market_data] ⚠ Zerodha token expired — regenerate today's access token and paste it in Settings
[2026-07-19 13:02:27] [market_data] ⚠ Zerodha token expired — regenerate today's access token and paste it in Settings
[2026-07-19 13:02:36] [market_data] ⚠ Zerodha token expired — regenerate today's access token and paste it in Settings
[2026-07-19 13:02:40] [market_data] ⚠ Zerodha token expired — regenerate today's access token and paste it in Settings
[2026-07-19 13:02:43] [market_data] ⚠ Zerodha token expired — regenerate today's access token and paste it in Settings
[2026-07-19 13:02:46] [market_data] ⚠ Zerodha token expired — regenerate today's access token and paste it in Settings
[2026-07-19 13:02:50] [market_data] ⚠ Zerodha token expired — regenerate today's access token and paste it in Settings
[2026-07-19 13:02:53] [market_data] ⚠ Zerodha token expired — regenerate today's access token and paste it in Settings
[2026-07-19 13:02:56] [market_data] ⚠ Zerodha token expired — regenerate today's access token and paste it in Settings
[2026-07-19 13:03:00] [market_data] ⚠ Zerodha token expired — regenerate today's access token and paste it in Settings
[2026-07-19 13:03:03] [market_data] ⚠ Zerodha token expired — regenerate today's access token and paste it in Settings
[2026-07-19 13:03:06] [market_data] ⚠ Zerodha token expired — regenerate today's access token and paste it in Settings
[2026-07-19 13:03:09] [market_data] ⚠ Zerodha token expired — regenerate today's access token and paste it in Settings
[2026-07-19 13:03:13] [market_data] ⚠ Zerodha token expired — regenerate today's access token and paste it in Settings
[2026-07-19 13:03:16] [market_data] ⚠ Zerodha token expired — regenerate today's access token and paste it in Settings
[2026-07-19 13:03:19] [market_data] ⚠ Zerodha token expired — regenerate today's access token and paste it in Settings
[2026-07-19 13:03:23] [market_data] ⚠ Zerodha token expired — regenerate today's access token and paste it in Settings
[2026-07-19 13:03:26] [market_data] ⚠ Zerodha token expired — regenerate today's access token and paste it in Settings
[2026-07-19 13:03:30] [market_data] ⚠ Zerodha token expired — regenerate today's access token and paste it in Settings
[2026-07-19 13:03:33] [market_data] ⚠ Zerodha token expired — regenerate today's access token and paste it in Settings
[2026-07-19 13:03:36] [market_data] ⚠ Zerodha token expired — regenerate today's access token and paste it in Settings
[2026-07-19 13:03:39] [market_data] ⚠ Zerodha token expired — regenerate today's access token and paste it in Settings
[2026-07-19 13:03:43] [market_data] ⚠ Zerodha token expired — regenerate today's access token and paste it in Settings
[2026-07-19 13:03:46] [market_data] ⚠ Zerodha token expired — regenerate today's access token and paste it in Settings
[2026-07-19 13:03:49] [market_data] ⚠ Zerodha token expired — regenerate today's access token and paste it in Settings
[2026-07-19 13:03:53] [market_data] ⚠ Zerodha token expired — regenerate today's access token and paste it in Settings
[2026-07-19 13:03:56] [market_data] ⚠ Zerodha token expired — regenerate today's access token and paste it in Settings
[2026-07-19 13:03:59] [market_data] ⚠ Zerodha token expired — regenerate today's access token and paste it in Settings
[2026-07-19 13:04:04] [market_data] ⚠ Zerodha token expired — regenerate today's access token and paste it in Settings
[2026-07-19 13:04:08] [market_data] ⚠ Zerodha token expired — regenerate today's access token and paste it in Settings
[2026-07-19 13:04:11] [market_data] ⚠ Zerodha token expired — regenerate today's access token and paste it in Settings
[2026-07-19 13:04:14] [market_data] ⚠ Zerodha token expired — regenerate today's access token and paste it in Settings
[2026-07-19 13:04:18] [market_data] ⚠ Zerodha token expired — regenerate today's access token and paste it in Settings
[2026-07-19 13:04:21] [market_data] ⚠ Zerodha token expired — regenerate today's access token and paste it in Settings
[2026-07-19 13:04:25] [market_data] ⚠ Zerodha token expired — regenerate today's access token and paste it in Settings
[2026-07-19 13:04:28] [market_data] ⚠ Zerodha token expired — regenerate today's access token and paste it in Settings
[2026-07-19 13:04:31] [market_data] ⚠ Zerodha token expired — regenerate today's access token and paste it in Settings
[2026-07-19 13:04:35] [market_data] ⚠ Zerodha token expired — regenerate today's access token and paste it in Settings
[2026-07-19 13:04:38] [market_data] ⚠ Zerodha token expired — regenerate today's access token and paste it in Settings
[2026-07-19 13:04:41] [market_data] ⚠ Zerodha token expired — regenerate today's access token and paste it in Settings
[2026-07-19 13:04:44] [market_data] ⚠ Zerodha token expired — regenerate today's access token and paste it in Settings
[2026-07-19 13:04:48] [market_data] ⚠ Zerodha token expired — regenerate today's access token and paste it in Settings
[2026-07-19 13:04:51] [market_data] ⚠ Zerodha token expired — regenerate today's access token and paste it in Settings
[2026-07-19 13:04:54] [market_data] ⚠ Zerodha token expired — regenerate today's access token and paste it in Settings
[2026-07-19 13:04:58] [market_data] ⚠ Zerodha token expired — regenerate today's access token and paste it in Settings
[2026-07-19 13:05:01] [market_data] ⚠ Zerodha token expired — regenerate today's access token and paste it in Settings
[2026-07-19 13:05:04] [market_data] ⚠ Zerodha token expired — regenerate today's access token and paste it in Settings
[2026-07-19 13:05:07] [market_data] ⚠ Zerodha token expired — regenerate today's access token and paste it in Settings
[2026-07-19 13:05:11] [market_data] ⚠ Zerodha token expired — regenerate today's access token and paste it in Settings
[2026-07-19 13:05:14] [market_data] ⚠ Zerodha token expired — regenerate today's access token and paste it in Settings
[2026-07-19 13:05:17] [market_data] ⚠ Zerodha token expired — regenerate today's access token and paste it in Settings
[2026-07-19 13:05:21] [market_data] ⚠ Zerodha token expired — regenerate today's access token and paste it in Settings
[2026-07-19 13:05:24] [market_data] ⚠ Zerodha token expired — regenerate today's access token and paste it in Settings
[2026-07-19 13:05:27] [market_data] ⚠ Zerodha token expired — regenerate today's access token and paste it in Settings
[2026-07-19 13:05:31] [market_data] ⚠ Zerodha token expired — regenerate today's access token and paste it in Settings
[2026-07-19 13:05:34] [market_data] ⚠ Zerodha token expired — regenerate today's access token and paste it in Settings
[2026-07-19 13:05:37] [market_data] ⚠ Zerodha token expired — regenerate today's access token and paste it in Settings
[2026-07-19 13:05:40] [market_data] ⚠ Zerodha token expired — regenerate today's access token and paste it in Settings
[2026-07-19 13:05:44] [market_data] ⚠ Zerodha token expired — regenerate today's access token and paste it in Settings
[2026-07-19 13:05:47] [market_data] ⚠ Zerodha token expired — regenerate today's access token and paste it in Settings
[2026-07-19 13:05:50] [market_data] ⚠ Zerodha token expired — regenerate today's access token and paste it in Settings
[2026-07-19 13:05:54] [market_data] ⚠ Zerodha token expired — regenerate today's access token and paste it in Settings
[2026-07-19 13:05:57] [market_data] ⚠ Zerodha token expired — regenerate today's access token and paste it in Settings
[2026-07-19 13:06:00] [market_data] ⚠ Zerodha token expired — regenerate today's access token and paste it in Settings
[2026-07-19 13:06:03] [market_data] ⚠ Zerodha token expired — regenerate today's access token and paste it in Settings
[2026-07-19 13:06:07] [market_data] ⚠ Zerodha token expired — regenerate today's access token and paste it in Settings
[2026-07-19 13:06:10] [market_data] ⚠ Zerodha token expired — regenerate today's access token and paste it in Settings
[2026-07-19 13:06:13] [market_data] ⚠ Zerodha token expired — regenerate today's access token and paste it in Settings
[2026-07-19 13:06:17] [market_data] ⚠ Zerodha token expired — regenerate today's access token and paste it in Settings
[2026-07-19 13:06:20] [market_data] ⚠ Zerodha token expired — regenerate today's access token and paste it in Settings
[2026-07-19 13:06:23] [market_data] ⚠ Zerodha token expired — regenerate today's access token and paste it in Settings
[2026-07-19 13:06:26] [market_data] ⚠ Zerodha token expired — regenerate today's access token and paste it in Settings
[2026-07-19 13:06:30] [market_data] ⚠ Zerodha token expired — regenerate today's access token and paste it in Settings
[2026-07-19 13:06:33] [market_data] ⚠ Zerodha token expired — regenerate today's access token and paste it in Settings
[2026-07-19 13:06:36] [market_data] ⚠ Zerodha token expired — regenerate today's access token and paste it in Settings
[2026-07-19 13:06:39] [market_data] ⚠ Zerodha token expired — regenerate today's access token and paste it in Settings
[2026-07-19 13:06:43] [market_data] ⚠ Zerodha token expired — regenerate today's access token and paste it in Settings
[2026-07-19 13:06:46] [market_data] ⚠ Zerodha token expired — regenerate today's access token and paste it in Settings
[2026-07-19 13:06:49] [market_data] ⚠ Zerodha token expired — regenerate today's access token and paste it in Settings
[2026-07-19 13:06:53] [market_data] ⚠ Zerodha token expired — regenerate today's access token and paste it in Settings
[2026-07-19 13:06:56] [market_data] ⚠ Zerodha token expired — regenerate today's access token and paste it in Settings
[2026-07-19 13:06:59] [market_data] ⚠ Zerodha token expired — regenerate today's access token and paste it in Settings
[2026-07-19 13:07:03] [market_data] ⚠ Zerodha token expired — regenerate today's access token and paste it in Settings
[2026-07-19 13:07:06] [market_data] ⚠ Zerodha token expired — regenerate today's access token and paste it in Settings
[2026-07-19 13:07:09] [market_data] ⚠ Zerodha token expired — regenerate today's access token and paste it in Settings
[2026-07-19 13:07:13] [market_data] ⚠ Zerodha token expired — regenerate today's access token and paste it in Settings
[2026-07-19 13:07:16] [market_data] ⚠ Zerodha token expired — regenerate today's access token and paste it in Settings
[2026-07-19 13:07:19] [market_data] ⚠ Zerodha token expired — regenerate today's access token and paste it in Settings
[2026-07-19 13:07:22] [market_data] ⚠ Zerodha token expired — regenerate today's access token and paste it in Settings
[2026-07-19 13:07:26] [market_data] ⚠ Zerodha token expired — regenerate today's access token and paste it in Settings
[2026-07-19 13:07:29] [market_data] ⚠ Zerodha token expired — regenerate today's access token and paste it in Settings
[2026-07-19 13:07:32] [market_data] ⚠ Zerodha token expired — regenerate today's access token and paste it in Settings
[2026-07-19 13:07:36] [market_data] ⚠ Zerodha token expired — regenerate today's access token and paste it in Settings
[2026-07-19 13:07:39] [market_data] ⚠ Zerodha token expired — regenerate today's access token and paste it in Settings
[2026-07-19 13:07:42] [market_data] ⚠ Zerodha token expired — regenerate today's access token and paste it in Settings
[2026-07-19 13:07:46] [market_data] ⚠ Zerodha token expired — regenerate today's access token and paste it in Settings
[2026-07-19 13:07:49] [market_data] ⚠ Zerodha token expired — regenerate today's access token and paste it in Settings
[2026-07-19 13:07:52] [market_data] ⚠ Zerodha token expired — regenerate today's access token and paste it in Settings
[2026-07-19 13:07:56] [market_data] ⚠ Zerodha token expired — regenerate today's access token and paste it in Settings
[2026-07-19 13:07:59] [market_data] ⚠ Zerodha token expired — regenerate today's access token and paste it in Settings
[2026-07-19 13:08:02] [market_data] ⚠ Zerodha token expired — regenerate today's access token and paste it in Settings
[2026-07-19 13:08:06] [market_data] ⚠ Zerodha token expired — regenerate today's access token and paste it in Settings
[2026-07-19 13:08:09] [market_data] ⚠ Zerodha token expired — regenerate today's access token and paste it in Settings
[2026-07-19 13:08:12] [market_data] ⚠ Zerodha token expired — regenerate today's access token and paste it in Settings
[2026-07-19 13:08:16] [market_data] ⚠ Zerodha token expired — regenerate today's access token and paste it in Settings
[2026-07-19 13:08:19] [market_data] ⚠ Zerodha token expired — regenerate today's access token and paste it in Settings
[2026-07-19 13:08:22] [market_data] ⚠ Zerodha token expired — regenerate today's access token and paste it in Settings
[2026-07-19 13:08:25] [market_data] ⚠ Zerodha token expired — regenerate today's access token and paste it in Settings
[2026-07-19 13:08:29] [market_data] ⚠ Zerodha token expired — regenerate today's access token and paste it in Settings
[2026-07-19 13:08:32] [market_data] ⚠ Zerodha token expired — regenerate today's access token and paste it in Settings
[2026-07-19 13:08:35] [market_data] ⚠ Zerodha token expired — regenerate today's access token and paste it in Settings
[2026-07-19 13:08:39] [market_data] ⚠ Zerodha token expired — regenerate today's access token and paste it in Settings
[2026-07-19 13:08:42] [market_data] ⚠ Zerodha token expired — regenerate today's access token and paste it in Settings
[2026-07-19 13:08:46] [market_data] ⚠ Zerodha token expired — regenerate today's access token and paste it in Settings
[2026-07-19 13:08:49] [market_data] ⚠ Zerodha token expired — regenerate today's access token and paste it in Settings
[2026-07-19 13:08:52] [market_data] ⚠ Zerodha token expired — regenerate today's access token and paste it in Settings
[2026-07-19 13:08:56] [market_data] ⚠ Zerodha token expired — regenerate today's access token and paste it in Settings
[2026-07-19 13:08:59] [market_data] ⚠ Zerodha token expired — regenerate today's access token and paste it in Settings
[2026-07-19 13:09:03] [market_data] ⚠ Zerodha token expired — regenerate today's access token and paste it in Settings
[2026-07-19 13:09:06] [market_data] ⚠ Zerodha token expired — regenerate today's access token and paste it in Settings
[2026-07-19 13:09:09] [market_data] ⚠ Zerodha token expired — regenerate today's access token and paste it in Settings
[2026-07-19 13:09:13] [market_data] ⚠ Zerodha token expired — regenerate today's access token and paste it in Settings
[2026-07-19 13:09:16] [market_data] ⚠ Zerodha token expired — regenerate today's access token and paste it in Settings
[2026-07-19 13:09:19] [market_data] ⚠ Zerodha token expired — regenerate today's access token and paste it in Settings
[2026-07-19 13:09:22] [market_data] ⚠ Zerodha token expired — regenerate today's access token and paste it in Settings
[2026-07-19 13:09:26] [market_data] ⚠ Zerodha token expired — regenerate today's access token and paste it in Settings
[2026-07-19 13:09:29] [market_data] ⚠ Zerodha token expired — regenerate today's access token and paste it in Settings
[2026-07-19 13:09:32] [market_data] ⚠ Zerodha token expired — regenerate today's access token and paste it in Settings
[2026-07-19 13:09:36] [market_data] ⚠ Zerodha token expired — regenerate today's access token and paste it in Settings
[2026-07-19 13:09:39] [market_data] ⚠ Zerodha token expired — regenerate today's access token and paste it in Settings
[2026-07-19 13:09:42] [market_data] ⚠ Zerodha token expired — regenerate today's access token and paste it in Settings
[2026-07-19 13:09:45] [market_data] ⚠ Zerodha token expired — regenerate today's access token and paste it in Settings
[2026-07-19 13:09:49] [market_data] ⚠ Zerodha token expired — regenerate today's access token and paste it in Settings
[2026-07-19 13:09:52] [market_data] ⚠ Zerodha token expired — regenerate today's access token and paste it in Settings
[2026-07-19 13:09:55] [market_data] ⚠ Zerodha token expired — regenerate today's access token and paste it in Settings
[2026-07-19 13:09:59] [market_data] ⚠ Zerodha token expired — regenerate today's access token and paste it in Settings
[2026-07-19 13:10:02] [market_data] ⚠ Zerodha token expired — regenerate today's access token and paste it in Settings
[2026-07-19 13:10:05] [market_data] ⚠ Zerodha token expired — regenerate today's access token and paste it in Settings
[2026-07-19 13:10:09] [market_data] ⚠ Zerodha token expired — regenerate today's access token and paste it in Settings
[2026-07-19 13:10:12] [market_data] ⚠ Zerodha token expired — regenerate today's access token and paste it in Settings
[2026-07-19 13:10:15] [market_data] ⚠ Zerodha token expired — regenerate today's access token and paste it in Settings
[2026-07-19 13:10:19] [market_data] ⚠ Zerodha token expired — regenerate today's access token and paste it in Settings
[2026-07-19 13:10:22] [market_data] ⚠ Zerodha token expired — regenerate today's access token and paste it in Settings
[2026-07-19 13:10:25] [market_data] ⚠ Zerodha token expired — regenerate today's access token and paste it in Settings
[2026-07-19 13:10:28] [market_data] ⚠ Zerodha token expired — regenerate today's access token and paste it in Settings
[2026-07-19 13:10:32] [market_data] ⚠ Zerodha token expired — regenerate today's access token and paste it in Settings
[2026-07-19 13:10:35] [market_data] ⚠ Zerodha token expired — regenerate today's access token and paste it in Settings
[2026-07-19 13:10:38] [market_data] ⚠ Zerodha token expired — regenerate today's access token and paste it in Settings
[2026-07-19 13:10:41] [market_data] ⚠ Zerodha token expired — regenerate today's access token and paste it in Settings
[2026-07-19 13:10:45] [market_data] ⚠ Zerodha token expired — regenerate today's access token and paste it in Settings
[2026-07-19 13:10:48] [market_data] ⚠ Zerodha token expired — regenerate today's access token and paste it in Settings
[2026-07-19 13:10:51] [market_data] ⚠ Zerodha token expired — regenerate today's access token and paste it in Settings
[2026-07-19 13:10:55] [market_data] ⚠ Zerodha token expired — regenerate today's access token and paste it in Settings
[2026-07-19 13:10:58] [market_data] ⚠ Zerodha token expired — regenerate today's access token and paste it in Settings
[2026-07-19 13:11:01] [market_data] ⚠ Zerodha token expired — regenerate today's access token and paste it in Settings
[2026-07-19 13:11:04] [market_data] ⚠ Zerodha token expired — regenerate today's access token and paste it in Settings
[2026-07-19 13:11:08] [market_data] ⚠ Zerodha token expired — regenerate today's access token and paste it in Settings
[2026-07-19 13:11:11] [market_data] ⚠ Zerodha token expired — regenerate today's access token and paste it in Settings
[2026-07-19 13:11:14] [market_data] ⚠ Zerodha token expired — regenerate today's access token and paste it in Settings
[2026-07-19 13:11:18] [market_data] ⚠ Zerodha token expired — regenerate today's access token and paste it in Settings
[2026-07-19 13:11:21] [market_data] ⚠ Zerodha token expired — regenerate today's access token and paste it in Settings
[2026-07-19 13:11:24] [market_data] ⚠ Zerodha token expired — regenerate today's access token and paste it in Settings
[2026-07-19 13:11:28] [market_data] ⚠ Zerodha token expired — regenerate today's access token and paste it in Settings
[2026-07-19 13:11:31] [market_data] ⚠ Zerodha token expired — regenerate today's access token and paste it in Settings
[2026-07-19 13:11:34] [market_data] ⚠ Zerodha token expired — regenerate today's access token and paste it in Settings
[2026-07-19 13:11:37] [market_data] ⚠ Zerodha token expired — regenerate today's access token and paste it in Settings
[2026-07-19 13:11:41] [market_data] ⚠ Zerodha token expired — regenerate today's access token and paste it in Settings
[2026-07-19 13:11:44] [market_data] ⚠ Zerodha token expired — regenerate today's access token and paste it in Settings
[2026-07-19 13:11:47] [market_data] ⚠ Zerodha token expired — regenerate today's access token and paste it in Settings
[2026-07-19 13:11:51] [market_data] ⚠ Zerodha token expired — regenerate today's access token and paste it in Settings
[2026-07-19 13:11:54] [market_data] ⚠ Zerodha token expired — regenerate today's access token and paste it in Settings
[2026-07-19 13:11:57] [market_data] ⚠ Zerodha token expired — regenerate today's access token and paste it in Settings
[2026-07-19 13:12:00] [market_data] ⚠ Zerodha token expired — regenerate today's access token and paste it in Settings
[2026-07-19 13:12:04] [market_data] ⚠ Zerodha token expired — regenerate today's access token and paste it in Settings
[2026-07-19 13:12:07] [market_data] ⚠ Zerodha token expired — regenerate today's access token and paste it in Settings
[2026-07-19 13:12:10] [market_data] ⚠ Zerodha token expired — regenerate today's access token and paste it in Settings
[2026-07-19 13:12:14] [market_data] ⚠ Zerodha token expired — regenerate today's access token and paste it in Settings
[2026-07-19 13:12:17] [market_data] ⚠ Zerodha token expired — regenerate today's access token and paste it in Settings
[2026-07-19 13:12:20] [market_data] ⚠ Zerodha token expired — regenerate today's access token and paste it in Settings
[2026-07-19 13:12:24] [market_data] ⚠ Zerodha token expired — regenerate today's access token and paste it in Settings
[2026-07-19 13:12:27] [market_data] ⚠ Zerodha token expired — regenerate today's access token and paste it in Settings
[2026-07-19 13:12:30] [market_data] ⚠ Zerodha token expired — regenerate today's access token and paste it in Settings
[2026-07-19 13:12:33] [market_data] ⚠ Zerodha token expired — regenerate today's access token and paste it in Settings
[2026-07-19 13:12:37] [market_data] ⚠ Zerodha token expired — regenerate today's access token and paste it in Settings
[2026-07-19 13:12:40] [market_data] ⚠ Zerodha token expired — regenerate today's access token and paste it in Settings
[2026-07-19 13:12:43] [market_data] ⚠ Zerodha token expired — regenerate today's access token and paste it in Settings
[2026-07-19 13:12:47] [market_data] ⚠ Zerodha token expired — regenerate today's access token and paste it in Settings
[2026-07-19 13:12:50] [market_data] ⚠ Zerodha token expired — regenerate today's access token and paste it in Settings
[2026-07-19 13:12:53] [market_data] ⚠ Zerodha token expired — regenerate today's access token and paste it in Settings
[2026-07-19 13:12:56] [market_data] ⚠ Zerodha token expired — regenerate today's access token and paste it in Settings
[2026-07-19 13:13:00] [market_data] ⚠ Zerodha token expired — regenerate today's access token and paste it in Settings
[2026-07-19 13:13:03] [market_data] ⚠ Zerodha token expired — regenerate today's access token and paste it in Settings
[2026-07-19 13:13:06] [market_data] ⚠ Zerodha token expired — regenerate today's access token and paste it in Settings
[2026-07-19 13:13:09] [market_data] ⚠ Zerodha token expired — regenerate today's access token and paste it in Settings
[2026-07-19 13:13:13] [market_data] ⚠ Zerodha token expired — regenerate today's access token and paste it in Settings
[2026-07-19 13:13:16] [market_data] ⚠ Zerodha token expired — regenerate today's access token and paste it in Settings
[2026-07-19 13:13:19] [market_data] ⚠ Zerodha token expired — regenerate today's access token and paste it in Settings
[2026-07-19 13:13:23] [market_data] ⚠ Zerodha token expired — regenerate today's access token and paste it in Settings
[2026-07-19 13:13:26] [market_data] ⚠ Zerodha token expired — regenerate today's access token and paste it in Settings
[2026-07-19 13:13:29] [market_data] ⚠ Zerodha token expired — regenerate today's access token and paste it in Settings
[2026-07-19 13:13:32] [market_data] ⚠ Zerodha token expired — regenerate today's access token and paste it in Settings
[2026-07-19 13:13:36] [market_data] ⚠ Zerodha token expired — regenerate today's access token and paste it in Settings
[2026-07-19 13:13:39] [market_data] ⚠ Zerodha token expired — regenerate today's access token and paste it in Settings
[2026-07-19 13:13:42] [market_data] ⚠ Zerodha token expired — regenerate today's access token and paste it in Settings
[2026-07-19 13:13:46] [market_data] ⚠ Zerodha token expired — regenerate today's access token and paste it in Settings
[2026-07-19 13:13:49] [market_data] ⚠ Zerodha token expired — regenerate today's access token and paste it in Settings
[2026-07-19 13:13:52] [market_data] ⚠ Zerodha token expired — regenerate today's access token and paste it in Settings
[2026-07-19 13:13:56] [market_data] ⚠ Zerodha token expired — regenerate today's access token and paste it in Settings
[2026-07-19 13:13:59] [market_data] ⚠ Zerodha token expired — regenerate today's access token and paste it in Settings
[2026-07-19 13:14:02] [market_data] ⚠ Zerodha token expired — regenerate today's access token and paste it in Settings
[2026-07-19 13:14:05] [market_data] ⚠ Zerodha token expired — regenerate today's access token and paste it in Settings
[2026-07-19 13:14:09] [market_data] ⚠ Zerodha token expired — regenerate today's access token and paste it in Settings
[2026-07-19 13:14:12] [market_data] ⚠ Zerodha token expired — regenerate today's access token and paste it in Settings
[2026-07-19 13:14:16] [market_data] ⚠ Zerodha token expired — regenerate today's access token and paste it in Settings
[2026-07-19 13:14:19] [market_data] ⚠ Zerodha token expired — regenerate today's access token and paste it in Settings
[2026-07-19 13:14:22] [market_data] ⚠ Zerodha token expired — regenerate today's access token and paste it in Settings
[2026-07-19 13:14:25] [market_data] ⚠ Zerodha token expired — regenerate today's access token and paste it in Settings
[2026-07-19 13:14:29] [market_data] ⚠ Zerodha token expired — regenerate today's access token and paste it in Settings
[2026-07-19 13:14:32] [market_data] ⚠ Zerodha token expired — regenerate today's access token and paste it in Settings
[2026-07-19 13:14:35] [market_data] ⚠ Zerodha token expired — regenerate today's access token and paste it in Settings
[2026-07-19 13:14:39] [market_data] ⚠ Zerodha token expired — regenerate today's access token and paste it in Settings
[2026-07-19 13:14:42] [market_data] ⚠ Zerodha token expired — regenerate today's access token and paste it in Settings
[2026-07-19 13:14:45] [market_data] ⚠ Zerodha token expired — regenerate today's access token and paste it in Settings
[2026-07-19 13:14:49] [market_data] ⚠ Zerodha token expired — regenerate today's access token and paste it in Settings
[2026-07-19 13:14:52] [market_data] ⚠ Zerodha token expired — regenerate today's access token and paste it in Settings
[2026-07-19 13:14:55] [market_data] ⚠ Zerodha token expired — regenerate today's access token and paste it in Settings
[2026-07-19 13:14:58] [market_data] ⚠ Zerodha token expired — regenerate today's access token and paste it in Settings
[2026-07-19 13:15:02] [market_data] ⚠ Zerodha token expired — regenerate today's access token and paste it in Settings
[2026-07-19 13:15:05] [market_data] ⚠ Zerodha token expired — regenerate today's access token and paste it in Settings
[2026-07-19 13:15:08] [market_data] ⚠ Zerodha token expired — regenerate today's access token and paste it in Settings
[2026-07-19 13:15:12] [market_data] ⚠ Zerodha token expired — regenerate today's access token and paste it in Settings
[2026-07-19 13:15:15] [market_data] ⚠ Zerodha token expired — regenerate today's access token and paste it in Settings
[2026-07-19 13:15:18] [market_data] ⚠ Zerodha token expired — regenerate today's access token and paste it in Settings
[2026-07-19 13:15:22] [market_data] ⚠ Zerodha token expired — regenerate today's access token and paste it in Settings
[2026-07-19 13:15:25] [market_data] ⚠ Zerodha token expired — regenerate today's access token and paste it in Settings
[2026-07-19 13:15:28] [market_data] ⚠ Zerodha token expired — regenerate today's access token and paste it in Settings
[2026-07-19 13:15:31] [market_data] ⚠ Zerodha token expired — regenerate today's access token and paste it in Settings
[2026-07-19 13:15:35] [market_data] ⚠ Zerodha token expired — regenerate today's access token and paste it in Settings
[2026-07-19 13:15:38] [market_data] ⚠ Zerodha token expired — regenerate today's access token and paste it in Settings
[2026-07-19 13:15:41] [market_data] ⚠ Zerodha token expired — regenerate today's access token and paste it in Settings
[2026-07-19 13:15:45] [market_data] ⚠ Zerodha token expired — regenerate today's access token and paste it in Settings
[2026-07-19 13:15:48] [market_data] ⚠ Zerodha token expired — regenerate today's access token and paste it in Settings
[2026-07-19 13:15:51] [market_data] ⚠ Zerodha token expired — regenerate today's access token and paste it in Settings
[2026-07-19 13:15:54] [market_data] ⚠ Zerodha token expired — regenerate today's access token and paste it in Settings
[2026-07-19 13:15:58] [market_data] ⚠ Zerodha token expired — regenerate today's access token and paste it in Settings
[2026-07-19 13:16:01] [market_data] ⚠ Zerodha token expired — regenerate today's access token and paste it in Settings
[2026-07-19 13:16:04] [market_data] ⚠ Zerodha token expired — regenerate today's access token and paste it in Settings
[2026-07-19 13:16:08] [market_data] ⚠ Zerodha token expired — regenerate today's access token and paste it in Settings
[2026-07-19 13:16:11] [market_data] ⚠ Zerodha token expired — regenerate today's access token and paste it in Settings
[2026-07-19 13:16:14] [market_data] ⚠ Zerodha token expired — regenerate today's access token and paste it in Settings
[2026-07-19 13:16:17] [market_data] ⚠ Zerodha token expired — regenerate today's access token and paste it in Settings
[2026-07-19 13:16:21] [market_data] ⚠ Zerodha token expired — regenerate today's access token and paste it in Settings
[2026-07-19 13:16:24] [market_data] ⚠ Zerodha token expired — regenerate today's access token and paste it in Settings
[2026-07-19 13:16:27] [market_data] ⚠ Zerodha token expired — regenerate today's access token and paste it in Settings
[2026-07-19 13:16:31] [market_data] ⚠ Zerodha token expired — regenerate today's access token and paste it in Settings
[2026-07-19 13:16:34] [market_data] ⚠ Zerodha token expired — regenerate today's access token and paste it in Settings
[2026-07-19 13:16:37] [market_data] ⚠ Zerodha token expired — regenerate today's access token and paste it in Settings
[2026-07-19 13:16:40] [market_data] ⚠ Zerodha token expired — regenerate today's access token and paste it in Settings
[2026-07-19 13:16:44] [market_data] ⚠ Zerodha token expired — regenerate today's access token and paste it in Settings
[2026-07-19 13:16:47] [market_data] ⚠ Zerodha token expired — regenerate today's access token and paste it in Settings
[2026-07-19 13:16:50] [market_data] ⚠ Zerodha token expired — regenerate today's access token and paste it in Settings
[2026-07-19 13:16:53] [market_data] ⚠ Zerodha token expired — regenerate today's access token and paste it in Settings
[2026-07-19 13:16:57] [market_data] ⚠ Zerodha token expired — regenerate today's access token and paste it in Settings
[2026-07-19 13:17:00] [market_data] ⚠ Zerodha token expired — regenerate today's access token and paste it in Settings
[2026-07-19 13:17:03] [market_data] ⚠ Zerodha token expired — regenerate today's access token and paste it in Settings
[2026-07-19 13:17:07] [market_data] ⚠ Zerodha token expired — regenerate today's access token and paste it in Settings
[2026-07-19 13:17:10] [market_data] ⚠ Zerodha token expired — regenerate today's access token and paste it in Settings
[2026-07-19 13:17:13] [market_data] ⚠ Zerodha token expired — regenerate today's access token and paste it in Settings
[2026-07-19 13:17:16] [market_data] ⚠ Zerodha token expired — regenerate today's access token and paste it in Settings
[2026-07-19 13:17:20] [market_data] ⚠ Zerodha token expired — regenerate today's access token and paste it in Settings
[2026-07-19 13:17:23] [market_data] ⚠ Zerodha token expired — regenerate today's access token and paste it in Settings
[2026-07-19 13:17:26] [market_data] ⚠ Zerodha token expired — regenerate today's access token and paste it in Settings
[2026-07-19 13:17:29] [market_data] ⚠ Zerodha token expired — regenerate today's access token and paste it in Settings
[2026-07-19 13:17:33] [market_data] ⚠ Zerodha token expired — regenerate today's access token and paste it in Settings
[2026-07-19 13:17:36] [market_data] ⚠ Zerodha token expired — regenerate today's access token and paste it in Settings
[2026-07-19 13:17:39] [market_data] ⚠ Zerodha token expired — regenerate today's access token and paste it in Settings
[2026-07-19 13:17:43] [market_data] ⚠ Zerodha token expired — regenerate today's access token and paste it in Settings
[2026-07-19 13:17:46] [market_data] ⚠ Zerodha token expired — regenerate today's access token and paste it in Settings
[2026-07-19 13:17:49] [market_data] ⚠ Zerodha token expired — regenerate today's access token and paste it in Settings
[2026-07-19 13:17:52] [market_data] ⚠ Zerodha token expired — regenerate today's access token and paste it in Settings
[2026-07-19 13:17:56] [market_data] ⚠ Zerodha token expired — regenerate today's access token and paste it in Settings
[2026-07-19 13:17:59] [market_data] ⚠ Zerodha token expired — regenerate today's access token and paste it in Settings
[2026-07-19 13:18:02] [market_data] ⚠ Zerodha token expired — regenerate today's access token and paste it in Settings
[2026-07-19 13:18:06] [market_data] ⚠ Zerodha token expired — regenerate today's access token and paste it in Settings
[2026-07-19 13:18:09] [market_data] ⚠ Zerodha token expired — regenerate today's access token and paste it in Settings
[2026-07-19 13:18:12] [market_data] ⚠ Zerodha token expired — regenerate today's access token and paste it in Settings
[2026-07-19 13:18:15] [market_data] ⚠ Zerodha token expired — regenerate today's access token and paste it in Settings
[2026-07-19 13:18:19] [market_data] ⚠ Zerodha token expired — regenerate today's access token and paste it in Settings
[2026-07-19 13:18:22] [market_data] ⚠ Zerodha token expired — regenerate today's access token and paste it in Settings
[2026-07-19 13:18:25] [market_data] ⚠ Zerodha token expired — regenerate today's access token and paste it in Settings
[2026-07-19 13:18:28] [market_data] ⚠ Zerodha token expired — regenerate today's access token and paste it in Settings
[2026-07-19 13:18:32] [market_data] ⚠ Zerodha token expired — regenerate today's access token and paste it in Settings
[2026-07-19 13:18:35] [market_data] ⚠ Zerodha token expired — regenerate today's access token and paste it in Settings
[2026-07-19 13:18:39] [market_data] ⚠ Zerodha token expired — regenerate today's access token and paste it in Settings
[2026-07-19 13:18:42] [market_data] ⚠ Zerodha token expired — regenerate today's access token and paste it in Settings
[2026-07-19 13:18:45] [market_data] ⚠ Zerodha token expired — regenerate today's access token and paste it in Settings
[2026-07-19 13:18:48] [market_data] ⚠ Zerodha token expired — regenerate today's access token and paste it in Settings
[2026-07-19 13:18:52] [market_data] ⚠ Zerodha token expired — regenerate today's access token and paste it in Settings
[2026-07-19 13:18:55] [market_data] ⚠ Zerodha token expired — regenerate today's access token and paste it in Settings
[2026-07-19 13:18:58] [market_data] ⚠ Zerodha token expired — regenerate today's access token and paste it in Settings
[2026-07-19 13:19:02] [market_data] ⚠ Zerodha token expired — regenerate today's access token and paste it in Settings
[2026-07-19 13:19:05] [market_data] ⚠ Zerodha token expired — regenerate today's access token and paste it in Settings
[2026-07-19 13:19:08] [market_data] ⚠ Zerodha token expired — regenerate today's access token and paste it in Settings
[2026-07-19 13:19:11] [market_data] ⚠ Zerodha token expired — regenerate today's access token and paste it in Settings
[2026-07-19 13:19:15] [market_data] ⚠ Zerodha token expired — regenerate today's access token and paste it in Settings
[2026-07-19 13:19:18] [market_data] ⚠ Zerodha token expired — regenerate today's access token and paste it in Settings
[2026-07-19 13:19:21] [market_data] ⚠ Zerodha token expired — regenerate today's access token and paste it in Settings
[2026-07-19 13:19:25] [market_data] ⚠ Zerodha token expired — regenerate today's access token and paste it in Settings
[2026-07-19 13:19:28] [market_data] ⚠ Zerodha token expired — regenerate today's access token and paste it in Settings
[2026-07-19 13:19:31] [market_data] ⚠ Zerodha token expired — regenerate today's access token and paste it in Settings
[2026-07-19 13:19:34] [market_data] ⚠ Zerodha token expired — regenerate today's access token and paste it in Settings
[2026-07-19 13:19:38] [market_data] ⚠ Zerodha token expired — regenerate today's access token and paste it in Settings
[2026-07-19 13:19:41] [market_data] ⚠ Zerodha token expired — regenerate today's access token and paste it in Settings
[2026-07-19 13:19:44] [market_data] ⚠ Zerodha token expired — regenerate today's access token and paste it in Settings
[2026-07-19 13:19:48] [market_data] ⚠ Zerodha token expired — regenerate today's access token and paste it in Settings
[2026-07-19 13:19:51] [market_data] ⚠ Zerodha token expired — regenerate today's access token and paste it in Settings
[2026-07-19 13:19:54] [market_data] ⚠ Zerodha token expired — regenerate today's access token and paste it in Settings
[2026-07-19 13:19:57] [market_data] ⚠ Zerodha token expired — regenerate today's access token and paste it in Settings
[2026-07-19 13:20:01] [market_data] ⚠ Zerodha token expired — regenerate today's access token and paste it in Settings
[2026-07-19 13:20:04] [market_data] ⚠ Zerodha token expired — regenerate today's access token and paste it in Settings
[2026-07-19 13:20:07] [market_data] ⚠ Zerodha token expired — regenerate today's access token and paste it in Settings
[2026-07-19 13:20:11] [market_data] ⚠ Zerodha token expired — regenerate today's access token and paste it in Settings
[2026-07-19 13:20:14] [market_data] ⚠ Zerodha token expired — regenerate today's access token and paste it in Settings
[2026-07-19 13:20:17] [market_data] ⚠ Zerodha token expired — regenerate today's access token and paste it in Settings
[2026-07-19 13:20:21] [market_data] ⚠ Zerodha token expired — regenerate today's access token and paste it in Settings
[2026-07-19 13:20:24] [market_data] ⚠ Zerodha token expired — regenerate today's access token and paste it in Settings
[2026-07-19 13:20:27] [market_data] ⚠ Zerodha token expired — regenerate today's access token and paste it in Settings
[2026-07-19 13:20:31] [market_data] ⚠ Zerodha token expired — regenerate today's access token and paste it in Settings
[2026-07-19 13:20:34] [market_data] ⚠ Zerodha token expired — regenerate today's access token and paste it in Settings
[2026-07-19 13:20:37] [market_data] ⚠ Zerodha token expired — regenerate today's access token and paste it in Settings
[2026-07-19 13:20:41] [market_data] ⚠ Zerodha token expired — regenerate today's access token and paste it in Settings
[2026-07-19 13:20:44] [market_data] ⚠ Zerodha token expired — regenerate today's access token and paste it in Settings
[2026-07-19 13:20:47] [market_data] ⚠ Zerodha token expired — regenerate today's access token and paste it in Settings
[2026-07-19 13:20:51] [market_data] ⚠ Zerodha token expired — regenerate today's access token and paste it in Settings
[2026-07-19 13:20:54] [market_data] ⚠ Zerodha token expired — regenerate today's access token and paste it in Settings
[2026-07-19 13:20:57] [market_data] ⚠ Zerodha token expired — regenerate today's access token and paste it in Settings
[2026-07-19 13:21:00] [market_data] ⚠ Zerodha token expired — regenerate today's access token and paste it in Settings
[2026-07-19 13:21:04] [market_data] ⚠ Zerodha token expired — regenerate today's access token and paste it in Settings
[2026-07-19 13:21:07] [market_data] ⚠ Zerodha token expired — regenerate today's access token and paste it in Settings
[2026-07-19 13:21:10] [market_data] ⚠ Zerodha token expired — regenerate today's access token and paste it in Settings
[2026-07-19 13:21:14] [market_data] ⚠ Zerodha token expired — regenerate today's access token and paste it in Settings
[2026-07-19 13:21:17] [market_data] ⚠ Zerodha token expired — regenerate today's access token and paste it in Settings
[2026-07-19 13:21:20] [market_data] ⚠ Zerodha token expired — regenerate today's access token and paste it in Settings
[2026-07-19 13:21:24] [market_data] ⚠ Zerodha token expired — regenerate today's access token and paste it in Settings
[2026-07-19 13:21:27] [market_data] ⚠ Zerodha token expired — regenerate today's access token and paste it in Settings
[2026-07-19 13:21:30] [market_data] ⚠ Zerodha token expired — regenerate today's access token and paste it in Settings
[2026-07-19 13:21:34] [market_data] ⚠ Zerodha token expired — regenerate today's access token and paste it in Settings
[2026-07-19 13:21:37] [market_data] ⚠ Zerodha token expired — regenerate today's access token and paste it in Settings
[2026-07-19 13:21:40] [market_data] ⚠ Zerodha token expired — regenerate today's access token and paste it in Settings
[2026-07-19 13:21:44] [market_data] ⚠ Zerodha token expired — regenerate today's access token and paste it in Settings
[2026-07-19 13:21:47] [market_data] ⚠ Zerodha token expired — regenerate today's access token and paste it in Settings
[2026-07-19 13:21:50] [market_data] ⚠ Zerodha token expired — regenerate today's access token and paste it in Settings
[2026-07-19 13:21:53] [market_data] ⚠ Zerodha token expired — regenerate today's access token and paste it in Settings
[2026-07-19 13:21:57] [market_data] ⚠ Zerodha token expired — regenerate today's access token and paste it in Settings
[2026-07-19 13:22:00] [market_data] ⚠ Zerodha token expired — regenerate today's access token and paste it in Settings
[2026-07-19 13:22:03] [market_data] ⚠ Zerodha token expired — regenerate today's access token and paste it in Settings
[2026-07-19 13:22:07] [market_data] ⚠ Zerodha token expired — regenerate today's access token and paste it in Settings
[2026-07-19 13:22:10] [market_data] ⚠ Zerodha token expired — regenerate today's access token and paste it in Settings
[2026-07-19 13:22:14] [market_data] ⚠ Zerodha token expired — regenerate today's access token and paste it in Settings
[2026-07-19 13:22:17] [market_data] ⚠ Zerodha token expired — regenerate today's access token and paste it in Settings
[2026-07-19 13:22:20] [market_data] ⚠ Zerodha token expired — regenerate today's access token and paste it in Settings
[2026-07-19 13:22:20] [news] 🔔[HIGH] : News risk event: <one line>
[2026-07-19 13:22:24] [market_data] ⚠ Zerodha token expired — regenerate today's access token and paste it in Settings
[2026-07-19 13:22:27] [market_data] ⚠ Zerodha token expired — regenerate today's access token and paste it in Settings
[2026-07-19 13:22:30] [market_data] ⚠ Zerodha token expired — regenerate today's access token and paste it in Settings
[2026-07-19 13:22:33] [market_data] ⚠ Zerodha token expired — regenerate today's access token and paste it in Settings
[2026-07-19 13:22:37] [market_data] ⚠ Zerodha token expired — regenerate today's access token and paste it in Settings
[2026-07-19 13:22:40] [market_data] ⚠ Zerodha token expired — regenerate today's access token and paste it in Settings
[2026-07-19 13:22:43] [market_data] ⚠ Zerodha token expired — regenerate today's access token and paste it in Settings
[2026-07-19 13:22:47] [market_data] ⚠ Zerodha token expired — regenerate today's access token and paste it in Settings
[2026-07-19 13:22:50] [market_data] ⚠ Zerodha token expired — regenerate today's access token and paste it in Settings
[2026-07-19 13:22:53] [market_data] ⚠ Zerodha token expired — regenerate today's access token and paste it in Settings
[2026-07-19 13:22:57] [market_data] ⚠ Zerodha token expired — regenerate today's access token and paste it in Settings
[2026-07-19 13:23:00] [market_data] ⚠ Zerodha token expired — regenerate today's access token and paste it in Settings
[2026-07-19 13:23:03] [market_data] ⚠ Zerodha token expired — regenerate today's access token and paste it in Settings
[2026-07-19 13:23:06] [market_data] ⚠ Zerodha token expired — regenerate today's access token and paste it in Settings
[2026-07-19 13:23:10] [market_data] ⚠ Zerodha token expired — regenerate today's access token and paste it in Settings
[2026-07-19 13:23:13] [market_data] ⚠ Zerodha token expired — regenerate today's access token and paste it in Settings
[2026-07-19 13:23:16] [market_data] ⚠ Zerodha token expired — regenerate today's access token and paste it in Settings
[2026-07-19 13:23:20] [market_data] ⚠ Zerodha token expired — regenerate today's access token and paste it in Settings
[2026-07-19 13:23:23] [market_data] ⚠ Zerodha token expired — regenerate today's access token and paste it in Settings
[2026-07-19 13:23:26] [market_data] ⚠ Zerodha token expired — regenerate today's access token and paste it in Settings
[2026-07-19 13:23:30] [market_data] ⚠ Zerodha token expired — regenerate today's access token and paste it in Settings
[2026-07-19 13:23:33] [market_data] ⚠ Zerodha token expired — regenerate today's access token and paste it in Settings
[2026-07-19 13:23:36] [market_data] ⚠ Zerodha token expired — regenerate today's access token and paste it in Settings
[2026-07-19 13:23:39] [market_data] ⚠ Zerodha token expired — regenerate today's access token and paste it in Settings
[2026-07-19 13:23:43] [market_data] ⚠ Zerodha token expired — regenerate today's access token and paste it in Settings
[2026-07-19 13:23:47] [market_data] ⚠ Zerodha token expired — regenerate today's access token and paste it in Settings
[2026-07-19 13:23:51] [market_data] ⚠ Zerodha token expired — regenerate today's access token and paste it in Settings
[2026-07-19 13:23:54] [market_data] ⚠ Zerodha token expired — regenerate today's access token and paste it in Settings
[2026-07-19 13:23:57] [market_data] ⚠ Zerodha token expired — regenerate today's access token and paste it in Settings
[2026-07-19 13:24:00] [market_data] ⚠ Zerodha token expired — regenerate today's access token and paste it in Settings
[2026-07-19 13:24:04] [market_data] ⚠ Zerodha token expired — regenerate today's access token and paste it in Settings
[2026-07-19 13:24:07] [market_data] ⚠ Zerodha token expired — regenerate today's access token and paste it in Settings
[2026-07-19 13:24:10] [market_data] ⚠ Zerodha token expired — regenerate today's access token and paste it in Settings
[2026-07-19 13:24:14] [market_data] ⚠ Zerodha token expired — regenerate today's access token and paste it in Settings
[2026-07-19 13:24:17] [market_data] ⚠ Zerodha token expired — regenerate today's access token and paste it in Settings
[2026-07-19 13:24:20] [market_data] ⚠ Zerodha token expired — regenerate today's access token and paste it in Settings
[2026-07-19 13:24:24] [market_data] ⚠ Zerodha token expired — regenerate today's access token and paste it in Settings
[2026-07-19 13:24:27] [market_data] ⚠ Zerodha token expired — regenerate today's access token and paste it in Settings
[2026-07-19 13:24:30] [market_data] ⚠ Zerodha token expired — regenerate today's access token and paste it in Settings
[2026-07-19 13:24:33] [market_data] ⚠ Zerodha token expired — regenerate today's access token and paste it in Settings
[2026-07-19 13:24:37] [market_data] ⚠ Zerodha token expired — regenerate today's access token and paste it in Settings
[2026-07-19 13:24:40] [market_data] ⚠ Zerodha token expired — regenerate today's access token and paste it in Settings
[2026-07-19 13:24:43] [market_data] ⚠ Zerodha token expired — regenerate today's access token and paste it in Settings
[2026-07-19 13:24:46] [market_data] ⚠ Zerodha token expired — regenerate today's access token and paste it in Settings
[2026-07-19 13:24:50] [market_data] ⚠ Zerodha token expired — regenerate today's access token and paste it in Settings
[2026-07-19 13:24:53] [market_data] ⚠ Zerodha token expired — regenerate today's access token and paste it in Settings
[2026-07-19 13:24:56] [market_data] ⚠ Zerodha token expired — regenerate today's access token and paste it in Settings
[2026-07-19 13:25:00] [market_data] ⚠ Zerodha token expired — regenerate today's access token and paste it in Settings
[2026-07-19 13:25:03] [market_data] ⚠ Zerodha token expired — regenerate today's access token and paste it in Settings
[2026-07-19 13:25:06] [market_data] ⚠ Zerodha token expired — regenerate today's access token and paste it in Settings
[2026-07-19 13:25:09] [market_data] ⚠ Zerodha token expired — regenerate today's access token and paste it in Settings
[2026-07-19 13:25:13] [market_data] ⚠ Zerodha token expired — regenerate today's access token and paste it in Settings
[2026-07-19 13:25:16] [market_data] ⚠ Zerodha token expired — regenerate today's access token and paste it in Settings
[2026-07-19 13:25:19] [market_data] ⚠ Zerodha token expired — regenerate today's access token and paste it in Settings
[2026-07-19 13:25:22] [market_data] ⚠ Zerodha token expired — regenerate today's access token and paste it in Settings
[2026-07-19 13:25:26] [market_data] ⚠ Zerodha token expired — regenerate today's access token and paste it in Settings
[2026-07-19 13:25:29] [market_data] ⚠ Zerodha token expired — regenerate today's access token and paste it in Settings
[2026-07-19 13:25:32] [market_data] ⚠ Zerodha token expired — regenerate today's access token and paste it in Settings
[2026-07-19 13:25:36] [market_data] ⚠ Zerodha token expired — regenerate today's access token and paste it in Settings
[2026-07-19 13:25:39] [market_data] ⚠ Zerodha token expired — regenerate today's access token and paste it in Settings
[2026-07-19 13:25:42] [market_data] ⚠ Zerodha token expired — regenerate today's access token and paste it in Settings
[2026-07-19 13:25:45] [market_data] ⚠ Zerodha token expired — regenerate today's access token and paste it in Settings
[2026-07-19 13:25:49] [market_data] ⚠ Zerodha token expired — regenerate today's access token and paste it in Settings
[2026-07-19 13:25:52] [market_data] ⚠ Zerodha token expired — regenerate today's access token and paste it in Settings
[2026-07-19 13:25:55] [market_data] ⚠ Zerodha token expired — regenerate today's access token and paste it in Settings
[2026-07-19 13:25:58] [market_data] ⚠ Zerodha token expired — regenerate today's access token and paste it in Settings
[2026-07-19 13:26:02] [market_data] ⚠ Zerodha token expired — regenerate today's access token and paste it in Settings
[2026-07-19 13:26:05] [market_data] ⚠ Zerodha token expired — regenerate today's access token and paste it in Settings
[2026-07-19 13:26:08] [market_data] ⚠ Zerodha token expired — regenerate today's access token and paste it in Settings
[2026-07-19 13:26:12] [market_data] ⚠ Zerodha token expired — regenerate today's access token and paste it in Settings
[2026-07-19 13:26:15] [market_data] ⚠ Zerodha token expired — regenerate today's access token and paste it in Settings
[2026-07-19 13:26:18] [market_data] ⚠ Zerodha token expired — regenerate today's access token and paste it in Settings
[2026-07-19 13:26:22] [market_data] ⚠ Zerodha token expired — regenerate today's access token and paste it in Settings
[2026-07-19 13:26:25] [market_data] ⚠ Zerodha token expired — regenerate today's access token and paste it in Settings
[2026-07-19 13:26:28] [market_data] ⚠ Zerodha token expired — regenerate today's access token and paste it in Settings
[2026-07-19 13:26:31] [market_data] ⚠ Zerodha token expired — regenerate today's access token and paste it in Settings
[2026-07-19 13:26:35] [market_data] ⚠ Zerodha token expired — regenerate today's access token and paste it in Settings
[2026-07-19 13:26:38] [market_data] ⚠ Zerodha token expired — regenerate today's access token and paste it in Settings
[2026-07-19 13:26:41] [market_data] ⚠ Zerodha token expired — regenerate today's access token and paste it in Settings
[2026-07-19 13:26:44] [market_data] ⚠ Zerodha token expired — regenerate today's access token and paste it in Settings
[2026-07-19 13:26:48] [market_data] ⚠ Zerodha token expired — regenerate today's access token and paste it in Settings
[2026-07-19 13:26:51] [market_data] ⚠ Zerodha token expired — regenerate today's access token and paste it in Settings
[2026-07-19 13:26:54] [market_data] ⚠ Zerodha token expired — regenerate today's access token and paste it in Settings
[2026-07-19 13:26:58] [market_data] ⚠ Zerodha token expired — regenerate today's access token and paste it in Settings
[2026-07-19 13:27:01] [market_data] ⚠ Zerodha token expired — regenerate today's access token and paste it in Settings
[2026-07-19 13:27:04] [market_data] ⚠ Zerodha token expired — regenerate today's access token and paste it in Settings
[2026-07-19 13:27:07] [market_data] ⚠ Zerodha token expired — regenerate today's access token and paste it in Settings
[2026-07-19 13:27:11] [market_data] ⚠ Zerodha token expired — regenerate today's access token and paste it in Settings
[2026-07-19 13:27:14] [market_data] ⚠ Zerodha token expired — regenerate today's access token and paste it in Settings
[2026-07-19 13:27:17] [market_data] ⚠ Zerodha token expired — regenerate today's access token and paste it in Settings
[2026-07-19 13:27:21] [market_data] ⚠ Zerodha token expired — regenerate today's access token and paste it in Settings
[2026-07-19 13:27:24] [market_data] ⚠ Zerodha token expired — regenerate today's access token and paste it in Settings
[2026-07-19 13:27:27] [market_data] ⚠ Zerodha token expired — regenerate today's access token and paste it in Settings
[2026-07-19 13:27:31] [market_data] ⚠ Zerodha token expired — regenerate today's access token and paste it in Settings
[2026-07-19 13:27:34] [market_data] ⚠ Zerodha token expired — regenerate today's access token and paste it in Settings
[2026-07-19 13:27:37] [market_data] ⚠ Zerodha token expired — regenerate today's access token and paste it in Settings
[2026-07-19 13:27:40] [market_data] ⚠ Zerodha token expired — regenerate today's access token and paste it in Settings
[2026-07-19 13:27:44] [market_data] ⚠ Zerodha token expired — regenerate today's access token and paste it in Settings
[2026-07-19 13:27:47] [market_data] ⚠ Zerodha token expired — regenerate today's access token and paste it in Settings
[2026-07-19 13:27:50] [market_data] ⚠ Zerodha token expired — regenerate today's access token and paste it in Settings
[2026-07-19 13:27:54] [market_data] ⚠ Zerodha token expired — regenerate today's access token and paste it in Settings
[2026-07-19 13:27:57] [market_data] ⚠ Zerodha token expired — regenerate today's access token and paste it in Settings
[2026-07-19 13:28:00] [market_data] ⚠ Zerodha token expired — regenerate today's access token and paste it in Settings
[2026-07-19 13:28:03] [market_data] ⚠ Zerodha token expired — regenerate today's access token and paste it in Settings
[2026-07-19 13:28:07] [market_data] ⚠ Zerodha token expired — regenerate today's access token and paste it in Settings
[2026-07-19 13:28:10] [market_data] ⚠ Zerodha token expired — regenerate today's access token and paste it in Settings
[2026-07-19 13:28:13] [market_data] ⚠ Zerodha token expired — regenerate today's access token and paste it in Settings
[2026-07-19 13:28:17] [market_data] ⚠ Zerodha token expired — regenerate today's access token and paste it in Settings
[2026-07-19 13:28:20] [market_data] ⚠ Zerodha token expired — regenerate today's access token and paste it in Settings
[2026-07-19 13:28:23] [market_data] ⚠ Zerodha token expired — regenerate today's access token and paste it in Settings
[2026-07-19 13:28:27] [market_data] ⚠ Zerodha token expired — regenerate today's access token and paste it in Settings
[2026-07-19 13:28:30] [market_data] ⚠ Zerodha token expired — regenerate today's access token and paste it in Settings
[2026-07-19 13:28:33] [market_data] ⚠ Zerodha token expired — regenerate today's access token and paste it in Settings
[2026-07-19 13:28:36] [market_data] ⚠ Zerodha token expired — regenerate today's access token and paste it in Settings
[2026-07-19 13:28:40] [market_data] ⚠ Zerodha token expired — regenerate today's access token and paste it in Settings
[2026-07-19 13:28:43] [market_data] ⚠ Zerodha token expired — regenerate today's access token and paste it in Settings
[2026-07-19 13:28:46] [market_data] ⚠ Zerodha token expired — regenerate today's access token and paste it in Settings
[2026-07-19 13:28:50] [market_data] ⚠ Zerodha token expired — regenerate today's access token and paste it in Settings
[2026-07-19 13:28:53] [market_data] ⚠ Zerodha token expired — regenerate today's access token and paste it in Settings
[2026-07-19 13:28:56] [market_data] ⚠ Zerodha token expired — regenerate today's access token and paste it in Settings
[2026-07-19 13:29:00] [market_data] ⚠ Zerodha token expired — regenerate today's access token and paste it in Settings
[2026-07-19 13:29:03] [market_data] ⚠ Zerodha token expired — regenerate today's access token and paste it in Settings
[2026-07-19 13:29:06] [market_data] ⚠ Zerodha token expired — regenerate today's access token and paste it in Settings
[2026-07-19 13:29:10] [market_data] ⚠ Zerodha token expired — regenerate today's access token and paste it in Settings
[2026-07-19 13:29:13] [market_data] ⚠ Zerodha token expired — regenerate today's access token and paste it in Settings
[2026-07-19 13:29:16] [market_data] ⚠ Zerodha token expired — regenerate today's access token and paste it in Settings
[2026-07-19 13:29:20] [market_data] ⚠ Zerodha token expired — regenerate today's access token and paste it in Settings
[2026-07-19 13:29:23] [market_data] ⚠ Zerodha token expired — regenerate today's access token and paste it in Settings
[2026-07-19 13:29:26] [market_data] ⚠ Zerodha token expired — regenerate today's access token and paste it in Settings
[2026-07-19 13:29:30] [market_data] ⚠ Zerodha token expired — regenerate today's access token and paste it in Settings
[2026-07-19 13:29:33] [market_data] ⚠ Zerodha token expired — regenerate today's access token and paste it in Settings
[2026-07-19 13:29:36] [market_data] ⚠ Zerodha token expired — regenerate today's access token and paste it in Settings
[2026-07-19 13:29:40] [market_data] ⚠ Zerodha token expired — regenerate today's access token and paste it in Settings
[2026-07-19 13:29:43] [market_data] ⚠ Zerodha token expired — regenerate today's access token and paste it in Settings
[2026-07-19 13:29:46] [market_data] ⚠ Zerodha token expired — regenerate today's access token and paste it in Settings
[2026-07-19 13:29:50] [market_data] ⚠ Zerodha token expired — regenerate today's access token and paste it in Settings
[2026-07-19 13:29:53] [market_data] ⚠ Zerodha token expired — regenerate today's access token and paste it in Settings
[2026-07-19 13:29:56] [market_data] ⚠ Zerodha token expired — regenerate today's access token and paste it in Settings
[2026-07-19 13:30:00] [market_data] ⚠ Zerodha token expired — regenerate today's access token and paste it in Settings
[2026-07-19 13:30:03] [market_data] ⚠ Zerodha token expired — regenerate today's access token and paste it in Settings
[2026-07-19 13:30:06] [market_data] ⚠ Zerodha token expired — regenerate today's access token and paste it in Settings
[2026-07-19 13:30:09] [market_data] ⚠ Zerodha token expired — regenerate today's access token and paste it in Settings
[2026-07-19 13:30:13] [market_data] ⚠ Zerodha token expired — regenerate today's access token and paste it in Settings
[2026-07-19 13:30:16] [market_data] ⚠ Zerodha token expired — regenerate today's access token and paste it in Settings
[2026-07-19 13:30:19] [market_data] ⚠ Zerodha token expired — regenerate today's access token and paste it in Settings
[2026-07-19 13:30:23] [market_data] ⚠ Zerodha token expired — regenerate today's access token and paste it in Settings
[2026-07-19 13:30:26] [market_data] ⚠ Zerodha token expired — regenerate today's access token and paste it in Settings
[2026-07-19 13:30:29] [market_data] ⚠ Zerodha token expired — regenerate today's access token and paste it in Settings
[2026-07-19 13:30:33] [market_data] ⚠ Zerodha token expired — regenerate today's access token and paste it in Settings
[2026-07-19 13:30:36] [market_data] ⚠ Zerodha token expired — regenerate today's access token and paste it in Settings
[2026-07-19 13:30:39] [market_data] ⚠ Zerodha token expired — regenerate today's access token and paste it in Settings
[2026-07-19 13:30:43] [market_data] ⚠ Zerodha token expired — regenerate today's access token and paste it in Settings
[2026-07-19 13:30:46] [market_data] ⚠ Zerodha token expired — regenerate today's access token and paste it in Settings
[2026-07-19 13:30:49] [market_data] ⚠ Zerodha token expired — regenerate today's access token and paste it in Settings
[2026-07-19 13:30:53] [market_data] ⚠ Zerodha token expired — regenerate today's access token and paste it in Settings
[2026-07-19 13:30:56] [market_data] ⚠ Zerodha token expired — regenerate today's access token and paste it in Settings
[2026-07-19 13:30:59] [market_data] ⚠ Zerodha token expired — regenerate today's access token and paste it in Settings
[2026-07-19 13:31:02] [market_data] ⚠ Zerodha token expired — regenerate today's access token and paste it in Settings
[2026-07-19 13:31:06] [market_data] ⚠ Zerodha token expired — regenerate today's access token and paste it in Settings
[2026-07-19 13:31:09] [market_data] ⚠ Zerodha token expired — regenerate today's access token and paste it in Settings
[2026-07-19 13:31:12] [market_data] ⚠ Zerodha token expired — regenerate today's access token and paste it in Settings
[2026-07-19 13:31:16] [market_data] ⚠ Zerodha token expired — regenerate today's access token and paste it in Settings
[2026-07-19 13:31:19] [market_data] ⚠ Zerodha token expired — regenerate today's access token and paste it in Settings
[2026-07-19 13:31:22] [market_data] ⚠ Zerodha token expired — regenerate today's access token and paste it in Settings
[2026-07-19 13:31:26] [market_data] ⚠ Zerodha token expired — regenerate today's access token and paste it in Settings
[2026-07-19 13:31:29] [market_data] ⚠ Zerodha token expired — regenerate today's access token and paste it in Settings
[2026-07-19 13:31:32] [market_data] ⚠ Zerodha token expired — regenerate today's access token and paste it in Settings
[2026-07-19 13:31:35] [market_data] ⚠ Zerodha token expired — regenerate today's access token and paste it in Settings
[2026-07-19 13:31:39] [market_data] ⚠ Zerodha token expired — regenerate today's access token and paste it in Settings
[2026-07-19 13:31:42] [market_data] ⚠ Zerodha token expired — regenerate today's access token and paste it in Settings
[2026-07-19 13:31:45] [market_data] ⚠ Zerodha token expired — regenerate today's access token and paste it in Settings
[2026-07-19 13:31:49] [market_data] ⚠ Zerodha token expired — regenerate today's access token and paste it in Settings
[2026-07-19 13:31:52] [market_data] ⚠ Zerodha token expired — regenerate today's access token and paste it in Settings
[2026-07-19 13:31:55] [market_data] ⚠ Zerodha token expired — regenerate today's access token and paste it in Settings
[2026-07-19 13:31:59] [market_data] ⚠ Zerodha token expired — regenerate today's access token and paste it in Settings
[2026-07-19 13:32:02] [market_data] ⚠ Zerodha token expired — regenerate today's access token and paste it in Settings
[2026-07-19 13:32:05] [market_data] ⚠ Zerodha token expired — regenerate today's access token and paste it in Settings
[2026-07-19 13:32:08] [market_data] ⚠ Zerodha token expired — regenerate today's access token and paste it in Settings
[2026-07-19 13:32:12] [market_data] ⚠ Zerodha token expired — regenerate today's access token and paste it in Settings
[2026-07-19 13:32:15] [market_data] ⚠ Zerodha token expired — regenerate today's access token and paste it in Settings
[2026-07-19 13:32:18] [market_data] ⚠ Zerodha token expired — regenerate today's access token and paste it in Settings
[2026-07-19 13:32:22] [market_data] ⚠ Zerodha token expired — regenerate today's access token and paste it in Settings
[2026-07-19 13:32:25] [market_data] ⚠ Zerodha token expired — regenerate today's access token and paste it in Settings
[2026-07-19 13:32:28] [market_data] ⚠ Zerodha token expired — regenerate today's access token and paste it in Settings
[2026-07-19 13:32:31] [market_data] ⚠ Zerodha token expired — regenerate today's access token and paste it in Settings
[2026-07-19 13:32:35] [market_data] ⚠ Zerodha token expired — regenerate today's access token and paste it in Settings
[2026-07-19 13:32:38] [market_data] ⚠ Zerodha token expired — regenerate today's access token and paste it in Settings
[2026-07-19 13:32:41] [market_data] ⚠ Zerodha token expired — regenerate today's access token and paste it in Settings
[2026-07-19 13:32:45] [market_data] ⚠ Zerodha token expired — regenerate today's access token and paste it in Settings
[2026-07-19 13:32:48] [market_data] ⚠ Zerodha token expired — regenerate today's access token and paste it in Settings
[2026-07-19 13:32:51] [market_data] ⚠ Zerodha token expired — regenerate today's access token and paste it in Settings
[2026-07-19 13:32:55] [market_data] ⚠ Zerodha token expired — regenerate today's access token and paste it in Settings
[2026-07-19 13:32:58] [market_data] ⚠ Zerodha token expired — regenerate today's access token and paste it in Settings
[2026-07-19 13:33:01] [market_data] ⚠ Zerodha token expired — regenerate today's access token and paste it in Settings
[2026-07-19 13:33:05] [market_data] ⚠ Zerodha token expired — regenerate today's access token and paste it in Settings
[2026-07-19 13:33:08] [market_data] ⚠ Zerodha token expired — regenerate today's access token and paste it in Settings
[2026-07-19 13:33:11] [market_data] ⚠ Zerodha token expired — regenerate today's access token and paste it in Settings
[2026-07-19 13:33:14] [market_data] ⚠ Zerodha token expired — regenerate today's access token and paste it in Settings
[2026-07-19 13:33:18] [market_data] ⚠ Zerodha token expired — regenerate today's access token and paste it in Settings
[2026-07-19 13:33:21] [market_data] ⚠ Zerodha token expired — regenerate today's access token and paste it in Settings
[2026-07-19 13:33:24] [market_data] ⚠ Zerodha token expired — regenerate today's access token and paste it in Settings
[2026-07-19 13:33:28] [market_data] ⚠ Zerodha token expired — regenerate today's access token and paste it in Settings
[2026-07-19 13:33:31] [market_data] ⚠ Zerodha token expired — regenerate today's access token and paste it in Settings
[2026-07-19 13:33:34] [market_data] ⚠ Zerodha token expired — regenerate today's access token and paste it in Settings
[2026-07-19 13:33:38] [market_data] ⚠ Zerodha token expired — regenerate today's access token and paste it in Settings
[2026-07-19 13:33:41] [market_data] ⚠ Zerodha token expired — regenerate today's access token and paste it in Settings
[2026-07-19 13:33:44] [market_data] ⚠ Zerodha token expired — regenerate today's access token and paste it in Settings
[2026-07-19 13:33:48] [market_data] ⚠ Zerodha token expired — regenerate today's access token and paste it in Settings
[2026-07-19 13:33:51] [market_data] ⚠ Zerodha token expired — regenerate today's access token and paste it in Settings
[2026-07-19 13:33:54] [market_data] ⚠ Zerodha token expired — regenerate today's access token and paste it in Settings
[2026-07-19 13:33:57] [market_data] ⚠ Zerodha token expired — regenerate today's access token and paste it in Settings
[2026-07-19 13:34:01] [market_data] ⚠ Zerodha token expired — regenerate today's access token and paste it in Settings
[2026-07-19 13:34:04] [market_data] ⚠ Zerodha token expired — regenerate today's access token and paste it in Settings
[2026-07-19 13:34:07] [market_data] ⚠ Zerodha token expired — regenerate today's access token and paste it in Settings
[2026-07-19 13:34:11] [market_data] ⚠ Zerodha token expired — regenerate today's access token and paste it in Settings
[2026-07-19 13:34:14] [market_data] ⚠ Zerodha token expired — regenerate today's access token and paste it in Settings
[2026-07-19 13:34:17] [market_data] ⚠ Zerodha token expired — regenerate today's access token and paste it in Settings
[2026-07-19 13:34:21] [market_data] ⚠ Zerodha token expired — regenerate today's access token and paste it in Settings
[2026-07-19 13:34:24] [market_data] ⚠ Zerodha token expired — regenerate today's access token and paste it in Settings
[2026-07-19 13:34:28] [market_data] ⚠ Zerodha token expired — regenerate today's access token and paste it in Settings
[2026-07-19 13:34:31] [market_data] ⚠ Zerodha token expired — regenerate today's access token and paste it in Settings
[2026-07-19 13:34:34] [market_data] ⚠ Zerodha token expired — regenerate today's access token and paste it in Settings
[2026-07-19 13:34:37] [market_data] ⚠ Zerodha token expired — regenerate today's access token and paste it in Settings
[2026-07-19 13:34:41] [market_data] ⚠ Zerodha token expired — regenerate today's access token and paste it in Settings
[2026-07-19 13:34:44] [market_data] ⚠ Zerodha token expired — regenerate today's access token and paste it in Settings
[2026-07-19 13:34:47] [market_data] ⚠ Zerodha token expired — regenerate today's access token and paste it in Settings
[2026-07-19 13:34:51] [market_data] ⚠ Zerodha token expired — regenerate today's access token and paste it in Settings
[2026-07-19 13:34:54] [market_data] ⚠ Zerodha token expired — regenerate today's access token and paste it in Settings
[2026-07-19 13:34:57] [market_data] ⚠ Zerodha token expired — regenerate today's access token and paste it in Settings
[2026-07-19 13:35:00] [market_data] ⚠ Zerodha token expired — regenerate today's access token and paste it in Settings
[2026-07-19 13:35:04] [market_data] ⚠ Zerodha token expired — regenerate today's access token and paste it in Settings
[2026-07-19 13:35:07] [market_data] ⚠ Zerodha token expired — regenerate today's access token and paste it in Settings
[2026-07-19 13:35:10] [market_data] ⚠ Zerodha token expired — regenerate today's access token and paste it in Settings
[2026-07-19 13:35:14] [market_data] ⚠ Zerodha token expired — regenerate today's access token and paste it in Settings
[2026-07-19 13:35:17] [market_data] ⚠ Zerodha token expired — regenerate today's access token and paste it in Settings
[2026-07-19 13:35:20] [market_data] ⚠ Zerodha token expired — regenerate today's access token and paste it in Settings
[2026-07-19 13:35:23] [market_data] ⚠ Zerodha token expired — regenerate today's access token and paste it in Settings
[2026-07-19 13:35:27] [market_data] ⚠ Zerodha token expired — regenerate today's access token and paste it in Settings
[2026-07-19 13:35:30] [market_data] ⚠ Zerodha token expired — regenerate today's access token and paste it in Settings
[2026-07-19 13:35:33] [market_data] ⚠ Zerodha token expired — regenerate today's access token and paste it in Settings
[2026-07-19 13:35:37] [market_data] ⚠ Zerodha token expired — regenerate today's access token and paste it in Settings
[2026-07-19 13:35:40] [market_data] ⚠ Zerodha token expired — regenerate today's access token and paste it in Settings
[2026-07-19 13:35:43] [market_data] ⚠ Zerodha token expired — regenerate today's access token and paste it in Settings
[2026-07-19 13:35:46] [market_data] ⚠ Zerodha token expired — regenerate today's access token and paste it in Settings
[2026-07-19 13:35:50] [market_data] ⚠ Zerodha token expired — regenerate today's access token and paste it in Settings
[2026-07-19 13:35:53] [market_data] ⚠ Zerodha token expired — regenerate today's access token and paste it in Settings
[2026-07-19 13:35:56] [market_data] ⚠ Zerodha token expired — regenerate today's access token and paste it in Settings
[2026-07-19 13:36:00] [market_data] ⚠ Zerodha token expired — regenerate today's access token and paste it in Settings
[2026-07-19 13:36:03] [market_data] ⚠ Zerodha token expired — regenerate today's access token and paste it in Settings
[2026-07-19 13:36:06] [market_data] ⚠ Zerodha token expired — regenerate today's access token and paste it in Settings
[2026-07-19 13:36:10] [market_data] ⚠ Zerodha token expired — regenerate today's access token and paste it in Settings
[2026-07-19 13:36:13] [market_data] ⚠ Zerodha token expired — regenerate today's access token and paste it in Settings
[2026-07-19 13:36:16] [market_data] ⚠ Zerodha token expired — regenerate today's access token and paste it in Settings
[2026-07-19 13:36:19] [market_data] ⚠ Zerodha token expired — regenerate today's access token and paste it in Settings
[2026-07-19 13:36:23] [market_data] ⚠ Zerodha token expired — regenerate today's access token and paste it in Settings
[2026-07-19 13:36:26] [market_data] ⚠ Zerodha token expired — regenerate today's access token and paste it in Settings
[2026-07-19 13:36:30] [market_data] ⚠ Zerodha token expired — regenerate today's access token and paste it in Settings
[2026-07-19 13:36:33] [market_data] ⚠ Zerodha token expired — regenerate today's access token and paste it in Settings
[2026-07-19 13:36:36] [market_data] ⚠ Zerodha token expired — regenerate today's access token and paste it in Settings
[2026-07-19 13:36:39] [market_data] ⚠ Zerodha token expired — regenerate today's access token and paste it in Settings
[2026-07-19 13:36:43] [market_data] ⚠ Zerodha token expired — regenerate today's access token and paste it in Settings
[2026-07-19 13:36:46] [market_data] ⚠ Zerodha token expired — regenerate today's access token and paste it in Settings
[2026-07-19 13:36:49] [market_data] ⚠ Zerodha token expired — regenerate today's access token and paste it in Settings
[2026-07-19 13:36:53] [market_data] ⚠ Zerodha token expired — regenerate today's access token and paste it in Settings
[2026-07-19 13:36:56] [market_data] ⚠ Zerodha token expired — regenerate today's access token and paste it in Settings
[2026-07-19 13:36:59] [market_data] ⚠ Zerodha token expired — regenerate today's access token and paste it in Settings
[2026-07-19 13:37:03] [market_data] ⚠ Zerodha token expired — regenerate today's access token and paste it in Settings
[2026-07-19 13:37:06] [market_data] ⚠ Zerodha token expired — regenerate today's access token and paste it in Settings
[2026-07-19 13:37:09] [market_data] ⚠ Zerodha token expired — regenerate today's access token and paste it in Settings
[2026-07-19 13:37:13] [market_data] ⚠ Zerodha token expired — regenerate today's access token and paste it in Settings
[2026-07-19 13:37:16] [market_data] ⚠ Zerodha token expired — regenerate today's access token and paste it in Settings
[2026-07-19 13:37:19] [market_data] ⚠ Zerodha token expired — regenerate today's access token and paste it in Settings
[2026-07-19 13:37:23] [market_data] ⚠ Zerodha token expired — regenerate today's access token and paste it in Settings
[2026-07-19 13:37:26] [market_data] ⚠ Zerodha token expired — regenerate today's access token and paste it in Settings
[2026-07-19 13:37:30] [market_data] ⚠ Zerodha token expired — regenerate today's access token and paste it in Settings
[2026-07-19 13:37:33] [market_data] ⚠ Zerodha token expired — regenerate today's access token and paste it in Settings
[2026-07-19 13:37:36] [market_data] ⚠ Zerodha token expired — regenerate today's access token and paste it in Settings
[2026-07-19 13:37:40] [market_data] ⚠ Zerodha token expired — regenerate today's access token and paste it in Settings
[2026-07-19 13:37:43] [market_data] ⚠ Zerodha token expired — regenerate today's access token and paste it in Settings
[2026-07-19 13:37:46] [market_data] ⚠ Zerodha token expired — regenerate today's access token and paste it in Settings
[2026-07-19 13:37:50] [market_data] ⚠ Zerodha token expired — regenerate today's access token and paste it in Settings
[2026-07-19 13:37:53] [market_data] ⚠ Zerodha token expired — regenerate today's access token and paste it in Settings
[2026-07-19 13:37:56] [market_data] ⚠ Zerodha token expired — regenerate today's access token and paste it in Settings
[2026-07-19 13:38:00] [market_data] ⚠ Zerodha token expired — regenerate today's access token and paste it in Settings
[2026-07-19 13:38:03] [market_data] ⚠ Zerodha token expired — regenerate today's access token and paste it in Settings
[2026-07-19 13:38:06] [market_data] ⚠ Zerodha token expired — regenerate today's access token and paste it in Settings
[2026-07-19 13:38:10] [market_data] ⚠ Zerodha token expired — regenerate today's access token and paste it in Settings
[2026-07-19 13:38:13] [market_data] ⚠ Zerodha token expired — regenerate today's access token and paste it in Settings
[2026-07-19 13:38:16] [market_data] ⚠ Zerodha token expired — regenerate today's access token and paste it in Settings
[2026-07-19 13:38:20] [market_data] ⚠ Zerodha token expired — regenerate today's access token and paste it in Settings
[2026-07-19 13:38:23] [market_data] ⚠ Zerodha token expired — regenerate today's access token and paste it in Settings
[2026-07-19 13:38:26] [market_data] ⚠ Zerodha token expired — regenerate today's access token and paste it in Settings
[2026-07-19 13:38:30] [market_data] ⚠ Zerodha token expired — regenerate today's access token and paste it in Settings
[2026-07-19 13:38:33] [market_data] ⚠ Zerodha token expired — regenerate today's access token and paste it in Settings
[2026-07-19 13:38:37] [market_data] ⚠ Zerodha token expired — regenerate today's access token and paste it in Settings
[2026-07-19 13:38:40] [market_data] ⚠ Zerodha token expired — regenerate today's access token and paste it in Settings
[2026-07-19 13:38:43] [market_data] ⚠ Zerodha token expired — regenerate today's access token and paste it in Settings
[2026-07-19 13:38:47] [market_data] ⚠ Zerodha token expired — regenerate today's access token and paste it in Settings
[2026-07-19 13:38:50] [market_data] ⚠ Zerodha token expired — regenerate today's access token and paste it in Settings
[2026-07-19 13:38:54] [market_data] ⚠ Zerodha token expired — regenerate today's access token and paste it in Settings
[2026-07-19 13:38:57] [market_data] ⚠ Zerodha token expired — regenerate today's access token and paste it in Settings
[2026-07-19 13:39:00] [market_data] ⚠ Zerodha token expired — regenerate today's access token and paste it in Settings
[2026-07-19 13:39:04] [market_data] ⚠ Zerodha token expired — regenerate today's access token and paste it in Settings
[2026-07-19 13:39:07] [market_data] ⚠ Zerodha token expired — regenerate today's access token and paste it in Settings
[2026-07-19 13:39:10] [market_data] ⚠ Zerodha token expired — regenerate today's access token and paste it in Settings
[2026-07-19 13:39:14] [market_data] ⚠ Zerodha token expired — regenerate today's access token and paste it in Settings
[2026-07-19 13:39:17] [market_data] ⚠ Zerodha token expired — regenerate today's access token and paste it in Settings
[2026-07-19 13:39:20] [market_data] ⚠ Zerodha token expired — regenerate today's access token and paste it in Settings
[2026-07-19 13:39:24] [market_data] ⚠ Zerodha token expired — regenerate today's access token and paste it in Settings
[2026-07-19 13:39:27] [market_data] ⚠ Zerodha token expired — regenerate today's access token and paste it in Settings
[2026-07-19 13:40:00] [orchestrator] restored 15 historical trades (0 today, ₹0 realized today)
[2026-07-19 13:40:24] [orchestrator] all 11 agents started on NIFTY+BANKNIFTY+FINNIFTY+SENSEX (PAPER)
[2026-07-19 13:40:24] [market_data] ⚠ Zerodha token expired — regenerate today's access token and paste it in Settings
[2026-07-19 13:40:28] [market_data] ⚠ Zerodha token expired — regenerate today's access token and paste it in Settings
[2026-07-19 13:40:30] [news] 🔔[HIGH] : News risk event: <one line>
[2026-07-19 13:40:31] [market_data] ⚠ Zerodha token expired — regenerate today's access token and paste it in Settings
[2026-07-19 13:40:34] [market_data] ⚠ Zerodha token expired — regenerate today's access token and paste it in Settings
[2026-07-19 13:40:38] [market_data] ⚠ Zerodha token expired — regenerate today's access token and paste it in Settings
[2026-07-19 13:40:41] [market_data] ⚠ Zerodha token expired — regenerate today's access token and paste it in Settings
[2026-07-19 13:40:45] [market_data] ⚠ Zerodha token expired — regenerate today's access token and paste it in Settings
[2026-07-19 13:40:48] [market_data] ⚠ Zerodha token expired — regenerate today's access token and paste it in Settings
[2026-07-19 13:40:51] [market_data] ⚠ Zerodha token expired — regenerate today's access token and paste it in Settings
[2026-07-19 13:40:55] [market_data] ⚠ Zerodha token expired — regenerate today's access token and paste it in Settings
[2026-07-19 13:40:58] [market_data] ⚠ Zerodha token expired — regenerate today's access token and paste it in Settings
[2026-07-19 13:41:01] [market_data] ⚠ Zerodha token expired — regenerate today's access token and paste it in Settings
[2026-07-19 13:41:05] [market_data] ⚠ Zerodha token expired — regenerate today's access token and paste it in Settings
[2026-07-19 13:41:08] [market_data] ⚠ Zerodha token expired — regenerate today's access token and paste it in Settings
[2026-07-19 13:41:11] [market_data] ⚠ Zerodha token expired — regenerate today's access token and paste it in Settings
[2026-07-19 13:41:15] [market_data] ⚠ Zerodha token expired — regenerate today's access token and paste it in Settings
[2026-07-19 13:41:18] [market_data] ⚠ Zerodha token expired — regenerate today's access token and paste it in Settings
[2026-07-19 13:45:24] [backtest] no archived chain days yet — archive builds daily from close
[2026-07-19 13:50:24] [backtest] no archived chain days yet — archive builds daily from close
[2026-07-19 14:10:43] [news] 🔔[HIGH] : News risk event: <one line>
[2026-07-19 14:30:10] [market_data] ⚠ Dhan says 401 Unauthorized — your access token has expired; generate a new one at web.dhan.co and update DHAN_ACCESS_TOKEN.
[2026-07-19 14:30:14] [market_data] ⚠ Dhan says 401 Unauthorized — your access token has expired; generate a new one at web.dhan.co and update DHAN_ACCESS_TOKEN.
[2026-07-19 14:30:17] [market_data] ⚠ Dhan says 401 Unauthorized — your access token has expired; generate a new one at web.dhan.co and update DHAN_ACCESS_TOKEN.
[2026-07-19 14:30:20] [market_data] ⚠ Dhan says 401 Unauthorized — your access token has expired; generate a new one at web.dhan.co and update DHAN_ACCESS_TOKEN.
[2026-07-19 14:30:23] [market_data] ⚠ Dhan says 401 Unauthorized — your access token has expired; generate a new one at web.dhan.co and update DHAN_ACCESS_TOKEN.
[2026-07-19 14:30:27] [backtest] sync NIFTY: Dhan says 401 Unauthorized — your access token has expired; 
[2026-07-19 14:30:30] [market_data] ⚠ Dhan says 401 Unauthorized — your access token has expired; generate a new one at web.dhan.co and update DHAN_ACCESS_TOKEN.
[2026-07-19 14:30:33] [backtest] sync BANKNIFTY: Dhan says 401 Unauthorized — your access token has expired; 
[2026-07-19 14:30:36] [market_data] ⚠ Dhan says 401 Unauthorized — your access token has expired; generate a new one at web.dhan.co and update DHAN_ACCESS_TOKEN.
[2026-07-19 14:30:39] [backtest] sync FINNIFTY: Dhan says 401 Unauthorized — your access token has expired; 
[2026-07-19 14:30:43] [market_data] ⚠ Dhan says 401 Unauthorized — your access token has expired; generate a new one at web.dhan.co and update DHAN_ACCESS_TOKEN.
[2026-07-19 14:30:46] [backtest] sync SENSEX: Dhan says 401 Unauthorized — your access token has expired; 
[2026-07-19 14:30:46] [backtest] no archived chain days yet — archive builds daily from close
[2026-07-19 14:30:49] [market_data] ⚠ Dhan says 401 Unauthorized — your access token has expired; generate a new one at web.dhan.co and update DHAN_ACCESS_TOKEN.
[2026-07-19 14:30:52] [market_data] ⚠ Dhan says 401 Unauthorized — your access token has expired; generate a new one at web.dhan.co and update DHAN_ACCESS_TOKEN.
[2026-07-19 14:30:55] [market_data] ⚠ Dhan says 401 Unauthorized — your access token has expired; generate a new one at web.dhan.co and update DHAN_ACCESS_TOKEN.
[2026-07-19 14:30:59] [market_data] ⚠ Dhan says 401 Unauthorized — your access token has expired; generate a new one at web.dhan.co and update DHAN_ACCESS_TOKEN.
[2026-07-19 14:31:02] [market_data] ⚠ Dhan says 401 Unauthorized — your access token has expired; generate a new one at web.dhan.co and update DHAN_ACCESS_TOKEN.
[2026-07-19 14:31:05] [market_data] ⚠ Dhan says 401 Unauthorized — your access token has expired; generate a new one at web.dhan.co and update DHAN_ACCESS_TOKEN.
[2026-07-19 14:31:08] [market_data] ⚠ Dhan says 401 Unauthorized — your access token has expired; generate a new one at web.dhan.co and update DHAN_ACCESS_TOKEN.
[2026-07-19 14:31:11] [market_data] ⚠ Dhan says 401 Unauthorized — your access token has expired; generate a new one at web.dhan.co and update DHAN_ACCESS_TOKEN.
[2026-07-19 14:31:15] [market_data] ⚠ Dhan says 401 Unauthorized — your access token has expired; generate a new one at web.dhan.co and update DHAN_ACCESS_TOKEN.
[2026-07-19 14:31:18] [market_data] ⚠ Dhan says 401 Unauthorized — your access token has expired; generate a new one at web.dhan.co and update DHAN_ACCESS_TOKEN.
[2026-07-19 14:31:21] [market_data] ⚠ Dhan says 401 Unauthorized — your access token has expired; generate a new one at web.dhan.co and update DHAN_ACCESS_TOKEN.
[2026-07-19 14:31:24] [market_data] ⚠ Dhan says 401 Unauthorized — your access token has expired; generate a new one at web.dhan.co and update DHAN_ACCESS_TOKEN.
[2026-07-19 14:31:27] [market_data] ⚠ Dhan says 401 Unauthorized — your access token has expired; generate a new one at web.dhan.co and update DHAN_ACCESS_TOKEN.
[2026-07-19 14:31:31] [market_data] ⚠ Dhan says 401 Unauthorized — your access token has expired; generate a new one at web.dhan.co and update DHAN_ACCESS_TOKEN.
[2026-07-19 14:31:34] [market_data] ⚠ Dhan says 401 Unauthorized — your access token has expired; generate a new one at web.dhan.co and update DHAN_ACCESS_TOKEN.
[2026-07-19 14:31:37] [market_data] ⚠ Dhan says 401 Unauthorized — your access token has expired; generate a new one at web.dhan.co and update DHAN_ACCESS_TOKEN.
[2026-07-19 14:31:40] [market_data] ⚠ Dhan says 401 Unauthorized — your access token has expired; generate a new one at web.dhan.co and update DHAN_ACCESS_TOKEN.
[2026-07-19 14:31:43] [market_data] ⚠ Dhan says 401 Unauthorized — your access token has expired; generate a new one at web.dhan.co and update DHAN_ACCESS_TOKEN.
[2026-07-19 14:31:50] [market_data] ⚠ Dhan says 401 Unauthorized — your access token has expired; generate a new one at web.dhan.co and update DHAN_ACCESS_TOKEN.
[2026-07-19 14:31:53] [market_data] ⚠ Dhan says 401 Unauthorized — your access token has expired; generate a new one at web.dhan.co and update DHAN_ACCESS_TOKEN.
[2026-07-19 14:32:03] [market_data] ⚠ Dhan says 401 Unauthorized — your access token has expired; generate a new one at web.dhan.co and update DHAN_ACCESS_TOKEN.
[2026-07-19 14:32:09] [market_data] ⚠ Dhan says 401 Unauthorized — your access token has expired; generate a new one at web.dhan.co and update DHAN_ACCESS_TOKEN.
[2026-07-19 14:32:12] [market_data] ⚠ Dhan says 401 Unauthorized — your access token has expired; generate a new one at web.dhan.co and update DHAN_ACCESS_TOKEN.
[2026-07-19 14:32:15] [market_data] ⚠ Dhan says 401 Unauthorized — your access token has expired; generate a new one at web.dhan.co and update DHAN_ACCESS_TOKEN.
[2026-07-19 14:32:22] [market_data] ⚠ Dhan says 401 Unauthorized — your access token has expired; generate a new one at web.dhan.co and update DHAN_ACCESS_TOKEN.
[2026-07-19 14:32:25] [market_data] ⚠ Dhan says 401 Unauthorized — your access token has expired; generate a new one at web.dhan.co and update DHAN_ACCESS_TOKEN.
[2026-07-19 14:32:31] [market_data] ⚠ Dhan says 401 Unauthorized — your access token has expired; generate a new one at web.dhan.co and update DHAN_ACCESS_TOKEN.
[2026-07-19 14:32:35] [market_data] ⚠ Dhan says 401 Unauthorized — your access token has expired; generate a new one at web.dhan.co and update DHAN_ACCESS_TOKEN.
[2026-07-19 14:32:41] [market_data] ⚠ Dhan says 401 Unauthorized — your access token has expired; generate a new one at web.dhan.co and update DHAN_ACCESS_TOKEN.
[2026-07-19 14:32:44] [market_data] ⚠ Dhan says 401 Unauthorized — your access token has expired; generate a new one at web.dhan.co and update DHAN_ACCESS_TOKEN.
[2026-07-19 14:32:51] [market_data] ⚠ Dhan says 401 Unauthorized — your access token has expired; generate a new one at web.dhan.co and update DHAN_ACCESS_TOKEN.
[2026-07-19 14:32:54] [market_data] ⚠ Dhan says 401 Unauthorized — your access token has expired; generate a new one at web.dhan.co and update DHAN_ACCESS_TOKEN.
[2026-07-19 14:33:00] [market_data] ⚠ Dhan says 401 Unauthorized — your access token has expired; generate a new one at web.dhan.co and update DHAN_ACCESS_TOKEN.
[2026-07-19 14:33:04] [market_data] ⚠ Dhan says 401 Unauthorized — your access token has expired; generate a new one at web.dhan.co and update DHAN_ACCESS_TOKEN.
[2026-07-19 14:33:10] [market_data] ⚠ Dhan says 401 Unauthorized — your access token has expired; generate a new one at web.dhan.co and update DHAN_ACCESS_TOKEN.
[2026-07-19 14:33:13] [market_data] ⚠ Dhan says 401 Unauthorized — your access token has expired; generate a new one at web.dhan.co and update DHAN_ACCESS_TOKEN.
[2026-07-19 14:33:19] [orchestrator] agents stopped
[2026-07-19 14:33:20] [market_data] ⚠ Dhan says 401 Unauthorized — your access token has expired; generate a new one at web.dhan.co and update DHAN_ACCESS_TOKEN.
[2026-07-19 18:22:54] [orchestrator] all 11 agents started on NIFTY+BANKNIFTY+FINNIFTY+SENSEX (PAPER)
[2026-07-19 18:23:04] [learning] journal: 15 trades, P&L ₹-4922
[2026-07-19 18:28:50] [orchestrator] restored 15 historical trades (0 today, ₹0 realized today)
[2026-07-19 18:28:52] [orchestrator] all 11 agents started on NIFTY+BANKNIFTY+FINNIFTY+SENSEX (PAPER)
[2026-07-19 18:29:05] [learning] journal: 15 trades, P&L ₹-4922
[2026-07-19 18:36:08] [orchestrator] agents stopped
[2026-07-19 18:36:10] [orchestrator] all 11 agents started on NIFTY+BANKNIFTY+FINNIFTY+SENSEX (PAPER)
[2026-07-19 18:41:10] [backtest] no archived chain days yet — archive builds daily from close
[2026-07-19 18:42:20] [orchestrator] restored 15 historical trades (0 today, ₹0 realized today)
[2026-07-19 18:42:22] [orchestrator] all 11 agents started on NIFTY+BANKNIFTY+FINNIFTY+SENSEX (PAPER)
[2026-07-19 18:42:23] [backtest] no archived chain days yet — archive builds daily from close
[2026-07-19 18:42:35] [learning] journal: 15 trades, P&L ₹-4922
[2026-07-19 18:43:03] [backtest] no archived chain days yet — archive builds daily from close
[2026-07-19 18:48:44] [backtest] no archived chain days yet — archive builds daily from close
[2026-07-19 19:07:13] [market_data] ⚠ HTTPSConnectionPool(host='api.dhan.co', port=443): Read timed out. (read timeout=15)
[2026-07-19 19:08:46] [orchestrator] restored 15 historical trades (0 today, ₹0 realized today)
[2026-07-19 19:08:48] [orchestrator] all 12 agents started on NIFTY+BANKNIFTY+FINNIFTY+SENSEX (PAPER)
[2026-07-19 19:09:01] [backtest] 🔔[LOW] vwap_pullback: vwap_pullback auto-tuned to v2: only 0.00 trades/day (target 0.3) — relaxing filters
[2026-07-19 19:09:02] [learning] journal: 15 trades, P&L ₹-4922
[2026-07-19 19:09:04] [backtest] no archived chain days yet — archive builds daily from close
[2026-07-19 19:09:31] [market_data] ⚠ HTTPSConnectionPool(host='api.dhan.co', port=443): Read timed out. (read timeout=15)
[2026-07-19 19:12:11] [backtest] no archived chain days yet — archive builds daily from close
[2026-07-19 19:20:48] [orchestrator] restored 15 historical trades (0 today, ₹0 realized today)
[2026-07-19 19:20:50] [orchestrator] all 12 agents started on NIFTY+BANKNIFTY+FINNIFTY+SENSEX (PAPER)
[2026-07-19 19:21:00] [learning] journal: 15 trades, P&L ₹-4922
[2026-07-19 19:21:44] [backtest] 🔔[LOW] orb: orb auto-tuned to v4: net ₹-66123.0 over 250d with 1.47 t/d — tightening
[2026-07-19 19:21:44] [backtest] backtest complete: NIFTY, BANKNIFTY, FINNIFTY, SENSEX
[2026-07-19 19:22:51] [backtest] 🔔[LOW] orb: orb auto-tuned to v5: net ₹-57662.0 over 250d with 1.47 t/d — tightening
[2026-07-19 19:22:51] [backtest] backtest complete: NIFTY, BANKNIFTY, FINNIFTY, SENSEX
[2026-07-19 19:35:37] [orchestrator] restored 15 historical trades (0 today, ₹0 realized today)
[2026-07-19 19:35:39] [orchestrator] all 12 agents started on NIFTY+BANKNIFTY+FINNIFTY+SENSEX (PAPER)
[2026-07-19 19:35:50] [learning] journal: 15 trades, P&L ₹-4922
[2026-07-19 19:36:36] [backtest] NIFTY orb v2 proposed but NOT enabled for live trading — still net-negative (₹-43447)
[2026-07-19 19:36:41] [backtest] NIFTY vwap_pullback v2 proposed but NOT enabled for live trading — still net-negative (₹-81441)
[2026-07-19 19:36:42] [backtest] FINNIFTY ema_mtf: net ₹-1428 over 250d at 0.66 t/d — tightening but already at filter bound — no further tuning possible
[2026-07-19 19:36:42] [backtest] backtest complete: NIFTY, BANKNIFTY, FINNIFTY, SENSEX
[2026-07-19 21:27:49] [orchestrator] restored 15 historical trades (0 today, ₹0 realized today)
[2026-07-19 21:27:51] [orchestrator] all 12 agents started on NIFTY+BANKNIFTY+FINNIFTY+SENSEX (PAPER)
[2026-07-19 21:28:05] [learning] journal: 15 trades, P&L ₹-4922
[2026-07-19 21:28:51] [backtest] NIFTY orb v3 proposed but NOT enabled for live trading — still net-negative (₹-55150)
[2026-07-19 21:28:51] [backtest] NIFTY vwap_pullback: net ₹-26145 over 250d at 1.92 t/d — tightening but already at filter bound — no further tuning possible
[2026-07-19 21:28:51] [backtest] FINNIFTY ema_mtf: net ₹-1428 over 250d at 0.66 t/d — tightening but already at filter bound — no further tuning possible
[2026-07-19 21:28:51] [backtest] backtest complete: NIFTY, BANKNIFTY, FINNIFTY, SENSEX
[2026-07-19 22:32:04] [market_data] ⚠ HTTPSConnectionPool(host='api.dhan.co', port=443): Max retries exceeded with url: /v2/optionchain (Caused by NewConnectionError("HTTPSConnection(host='api.dhan.co', port=443): Failed to establish a new connection: [Errno 51] Network is unreachable"))
[2026-07-19 22:33:59] [market_data] ⚠ HTTPSConnectionPool(host='api.dhan.co', port=443): Read timed out. (read timeout=15)
[2026-07-19 23:27:08] [orchestrator] restored 15 historical trades (0 today, ₹0 realized today)
[2026-07-19 23:27:10] [orchestrator] all 12 agents started on NIFTY+BANKNIFTY+FINNIFTY+SENSEX (PAPER)
[2026-07-19 23:27:20] [learning] journal: 15 trades, P&L ₹-4922
[2026-07-19 23:28:09] [backtest] NIFTY orb v4 proposed but NOT enabled for live trading — still net-negative (₹-34968)
[2026-07-19 23:28:09] [backtest] NIFTY vwap_pullback: net ₹-26145 over 250d at 1.92 t/d — tightening but already at filter bound — no further tuning possible
[2026-07-19 23:28:09] [backtest] NIFTY ema_mtf: v1 already profitable (₹22350/162t) — leaving parameters as-is
[2026-07-19 23:28:09] [backtest] BANKNIFTY orb: v1 already profitable (₹13454/353t) — leaving parameters as-is
[2026-07-19 23:28:09] [backtest] BANKNIFTY vwap_pullback: v1 already profitable (₹7934/522t) — leaving parameters as-is
[2026-07-19 23:28:09] [backtest] BANKNIFTY ema_mtf: v1 already profitable (₹15117/152t) — leaving parameters as-is
[2026-07-19 23:28:10] [backtest] FINNIFTY orb: v1 already profitable (₹79851/331t) — leaving parameters as-is
[2026-07-19 23:28:10] [backtest] FINNIFTY vwap_pullback: v1 already profitable (₹10330/535t) — leaving parameters as-is
[2026-07-19 23:28:10] [backtest] FINNIFTY ema_mtf: net ₹-1428 over 250d at 0.66 t/d — tightening but already at filter bound — no further tuning possible
[2026-07-19 23:28:10] [backtest] SENSEX orb: v1 already profitable (₹2626/341t) — leaving parameters as-is
[2026-07-19 23:28:10] [backtest] SENSEX vwap_pullback: v1 already profitable (₹34113/485t) — leaving parameters as-is
[2026-07-19 23:28:10] [backtest] SENSEX ema_mtf: v1 already profitable (₹1435/167t) — leaving parameters as-is
[2026-07-19 23:28:10] [backtest] backtest complete: NIFTY, BANKNIFTY, FINNIFTY, SENSEX
[2026-07-19 23:34:45] [backtest] NIFTY orb v5 proposed but NOT enabled for live trading — still net-negative (₹-31449)
[2026-07-19 23:34:45] [backtest] NIFTY vwap_pullback: net ₹-26145 over 250d at 1.92 t/d — tightening but already at filter bound — no further tuning possible
[2026-07-19 23:34:45] [backtest] NIFTY ema_mtf: v1 already profitable (₹22350/162t) — leaving parameters as-is
[2026-07-19 23:34:45] [backtest] BANKNIFTY orb: v1 already profitable (₹13454/353t) — leaving parameters as-is
[2026-07-19 23:34:45] [backtest] BANKNIFTY vwap_pullback: v1 already profitable (₹7934/522t) — leaving parameters as-is
[2026-07-19 23:34:45] [backtest] BANKNIFTY ema_mtf: v1 already profitable (₹15117/152t) — leaving parameters as-is
[2026-07-19 23:34:45] [backtest] FINNIFTY orb: v1 already profitable (₹79851/331t) — leaving parameters as-is
[2026-07-19 23:34:45] [backtest] FINNIFTY vwap_pullback: v1 already profitable (₹10330/535t) — leaving parameters as-is
[2026-07-19 23:34:45] [backtest] FINNIFTY ema_mtf: net ₹-1428 over 250d at 0.66 t/d — tightening but already at filter bound — no further tuning possible
[2026-07-19 23:34:45] [backtest] SENSEX orb: v1 already profitable (₹2626/341t) — leaving parameters as-is
[2026-07-19 23:34:45] [backtest] SENSEX vwap_pullback: v1 already profitable (₹34113/485t) — leaving parameters as-is
[2026-07-19 23:34:45] [backtest] SENSEX ema_mtf: v1 already profitable (₹1435/167t) — leaving parameters as-is
[2026-07-19 23:34:45] [backtest] backtest complete: NIFTY, BANKNIFTY, FINNIFTY, SENSEX
[2026-07-19 23:42:23] [news] 🔔[HIGH] : News risk event: Indian indices showed mixed performance with some indices hitting record highs and others declining slightly.
[2026-07-20 00:00:56] [orchestrator] restored 15 historical trades (0 today, ₹0 realized today)
[2026-07-20 00:00:58] [orchestrator] all 12 agents started on NIFTY+BANKNIFTY+FINNIFTY+SENSEX (PAPER)
[2026-07-20 00:02:29] [market_data] ⚠ HTTPSConnectionPool(host='api.dhan.co', port=443): Max retries exceeded with url: /v2/optionchain (Caused by NameResolutionError("HTTPSConnection(host='api.dhan.co', port=443): Failed to resolve 'api.dhan.co' ([Errno 8] nodename nor servname provided, or not known)"))
[2026-07-20 03:24:27] [market_data] ⚠ HTTPSConnectionPool(host='api.dhan.co', port=443): Read timed out.
[2026-07-20 08:05:09] [market_data] ⚠ 500 Server Error: Internal Server Error for url: https://api.dhan.co/v2/optionchain
[2026-07-20 08:05:13] [market_data] ⚠ 500 Server Error: Internal Server Error for url: https://api.dhan.co/v2/optionchain
[2026-07-20 08:21:37] [volatility] 🔔[HIGH] NIFTY: IV jumped 28% in ~15m (now 20.0%) alongside a spot move of +0.0 — possible news/event-driven volatility spike. Widen stops / reduce size.
[2026-07-20 08:30:01] [market_data] ⚠ 502 Server Error: Bad Gateway for url: https://api.dhan.co/v2/optionchain
[2026-07-20 08:45:08] [market_data] ⚠ 500 Server Error: Internal Server Error for url: https://api.dhan.co/v2/optionchain
[2026-07-20 08:45:14] [market_data] ⚠ 500 Server Error: Internal Server Error for url: https://api.dhan.co/v2/optionchain
[2026-07-20 08:45:17] [market_data] ⚠ 500 Server Error: Internal Server Error for url: https://api.dhan.co/v2/optionchain
[2026-07-20 08:45:20] [market_data] ⚠ 500 Server Error: Internal Server Error for url: https://api.dhan.co/v2/optionchain
[2026-07-20 08:45:23] [market_data] ⚠ 500 Server Error: Internal Server Error for url: https://api.dhan.co/v2/optionchain
[2026-07-20 08:45:27] [market_data] ⚠ 500 Server Error: Internal Server Error for url: https://api.dhan.co/v2/optionchain
[2026-07-20 08:45:30] [market_data] ⚠ 500 Server Error: Internal Server Error for url: https://api.dhan.co/v2/optionchain
[2026-07-20 08:45:33] [market_data] ⚠ 500 Server Error: Internal Server Error for url: https://api.dhan.co/v2/optionchain
[2026-07-20 08:45:36] [market_data] ⚠ 500 Server Error: Internal Server Error for url: https://api.dhan.co/v2/optionchain
[2026-07-20 08:45:40] [market_data] ⚠ 500 Server Error: Internal Server Error for url: https://api.dhan.co/v2/optionchain
[2026-07-20 08:45:43] [market_data] ⚠ 500 Server Error: Internal Server Error for url: https://api.dhan.co/v2/optionchain
[2026-07-20 08:45:46] [market_data] ⚠ 500 Server Error: Internal Server Error for url: https://api.dhan.co/v2/optionchain
[2026-07-20 08:45:49] [market_data] ⚠ 500 Server Error: Internal Server Error for url: https://api.dhan.co/v2/optionchain
[2026-07-20 08:45:52] [market_data] ⚠ 500 Server Error: Internal Server Error for url: https://api.dhan.co/v2/optionchain
[2026-07-20 08:45:56] [market_data] ⚠ 500 Server Error: Internal Server Error for url: https://api.dhan.co/v2/optionchain
[2026-07-20 08:45:59] [market_data] ⚠ 500 Server Error: Internal Server Error for url: https://api.dhan.co/v2/optionchain
[2026-07-20 08:46:02] [market_data] ⚠ 500 Server Error: Internal Server Error for url: https://api.dhan.co/v2/optionchain
[2026-07-20 08:46:05] [market_data] ⚠ 500 Server Error: Internal Server Error for url: https://api.dhan.co/v2/optionchain
[2026-07-20 08:46:09] [market_data] ⚠ 500 Server Error: Internal Server Error for url: https://api.dhan.co/v2/optionchain
[2026-07-20 08:46:12] [market_data] ⚠ 500 Server Error: Internal Server Error for url: https://api.dhan.co/v2/optionchain
[2026-07-20 08:46:15] [market_data] ⚠ 500 Server Error: Internal Server Error for url: https://api.dhan.co/v2/optionchain
[2026-07-20 08:46:18] [market_data] ⚠ 500 Server Error: Internal Server Error for url: https://api.dhan.co/v2/optionchain
[2026-07-20 08:46:21] [market_data] ⚠ 500 Server Error: Internal Server Error for url: https://api.dhan.co/v2/optionchain
[2026-07-20 08:46:25] [market_data] ⚠ 500 Server Error: Internal Server Error for url: https://api.dhan.co/v2/optionchain
[2026-07-20 08:46:28] [market_data] ⚠ 500 Server Error: Internal Server Error for url: https://api.dhan.co/v2/optionchain
[2026-07-20 08:46:31] [market_data] ⚠ 500 Server Error: Internal Server Error for url: https://api.dhan.co/v2/optionchain
[2026-07-20 08:46:34] [market_data] ⚠ 500 Server Error: Internal Server Error for url: https://api.dhan.co/v2/optionchain
[2026-07-20 08:46:37] [market_data] ⚠ 500 Server Error: Internal Server Error for url: https://api.dhan.co/v2/optionchain
[2026-07-20 08:46:41] [market_data] ⚠ 500 Server Error: Internal Server Error for url: https://api.dhan.co/v2/optionchain
[2026-07-20 08:46:44] [market_data] ⚠ 500 Server Error: Internal Server Error for url: https://api.dhan.co/v2/optionchain
[2026-07-20 08:46:50] [market_data] ⚠ 500 Server Error: Internal Server Error for url: https://api.dhan.co/v2/optionchain
[2026-07-20 08:55:57] [orchestrator] restored 15 historical trades (0 today, ₹0 realized today)
[2026-07-20 08:55:59] [orchestrator] all 12 agents started on NIFTY+BANKNIFTY+FINNIFTY+SENSEX (PAPER)
[2026-07-20 08:56:25] [market_data] ⚠ min() iterable argument is empty
[2026-07-20 08:56:25] [orchestrator] agents stopped
[2026-07-20 08:56:26] [orchestrator] all 12 agents started on NIFTY+BANKNIFTY+FINNIFTY+SENSEX (PAPER)
[2026-07-20 08:56:26] [market_data] ⚠ min() iterable argument is empty
[2026-07-20 08:56:29] [market_data] ⚠ min() iterable argument is empty
[2026-07-20 08:56:32] [market_data] ⚠ Kotak nse_fo master lacks SENSEX (BFO) — use Dhan for SENSEX or extend to bse_fo master
[2026-07-20 08:56:36] [market_data] ⚠ min() iterable argument is empty
[2026-07-20 08:56:39] [market_data] ⚠ min() iterable argument is empty
[2026-07-20 08:56:42] [market_data] ⚠ min() iterable argument is empty
[2026-07-20 08:56:45] [market_data] ⚠ min() iterable argument is empty
[2026-07-20 08:56:49] [market_data] ⚠ min() iterable argument is empty
[2026-07-20 08:56:52] [market_data] ⚠ Kotak nse_fo master lacks SENSEX (BFO) — use Dhan for SENSEX or extend to bse_fo master
[2026-07-20 08:56:55] [market_data] ⚠ min() iterable argument is empty
[2026-07-20 08:56:58] [market_data] ⚠ min() iterable argument is empty
[2026-07-20 08:57:01] [market_data] ⚠ min() iterable argument is empty
[2026-07-20 08:57:04] [market_data] ⚠ min() iterable argument is empty
[2026-07-20 08:57:08] [market_data] ⚠ min() iterable argument is empty
[2026-07-20 08:57:11] [market_data] ⚠ Kotak nse_fo master lacks SENSEX (BFO) — use Dhan for SENSEX or extend to bse_fo master
[2026-07-20 08:57:14] [market_data] ⚠ min() iterable argument is empty
[2026-07-20 08:57:17] [market_data] ⚠ min() iterable argument is empty
[2026-07-20 08:57:20] [market_data] ⚠ min() iterable argument is empty
[2026-07-20 08:57:24] [market_data] ⚠ min() iterable argument is empty
[2026-07-20 08:57:27] [market_data] ⚠ min() iterable argument is empty
[2026-07-20 08:57:30] [market_data] ⚠ Kotak nse_fo master lacks SENSEX (BFO) — use Dhan for SENSEX or extend to bse_fo master
[2026-07-20 08:57:33] [market_data] ⚠ min() iterable argument is empty
[2026-07-20 08:57:36] [market_data] ⚠ min() iterable argument is empty
[2026-07-20 08:57:40] [market_data] ⚠ min() iterable argument is empty
[2026-07-20 08:57:43] [market_data] ⚠ min() iterable argument is empty
[2026-07-20 08:57:46] [market_data] ⚠ min() iterable argument is empty
[2026-07-20 08:57:49] [market_data] ⚠ Kotak nse_fo master lacks SENSEX (BFO) — use Dhan for SENSEX or extend to bse_fo master
[2026-07-20 08:57:52] [market_data] ⚠ min() iterable argument is empty
[2026-07-20 08:57:56] [market_data] ⚠ min() iterable argument is empty
[2026-07-20 08:57:59] [market_data] ⚠ min() iterable argument is empty
[2026-07-20 08:58:02] [market_data] ⚠ min() iterable argument is empty
[2026-07-20 08:58:05] [market_data] ⚠ min() iterable argument is empty
[2026-07-20 08:58:08] [market_data] ⚠ Kotak nse_fo master lacks SENSEX (BFO) — use Dhan for SENSEX or extend to bse_fo master
[2026-07-20 08:58:12] [market_data] ⚠ min() iterable argument is empty
[2026-07-20 08:58:15] [market_data] ⚠ min() iterable argument is empty
[2026-07-20 08:58:18] [market_data] ⚠ min() iterable argument is empty
[2026-07-20 08:58:21] [market_data] ⚠ min() iterable argument is empty
[2026-07-20 08:58:25] [market_data] ⚠ min() iterable argument is empty
[2026-07-20 08:58:28] [market_data] ⚠ Kotak nse_fo master lacks SENSEX (BFO) — use Dhan for SENSEX or extend to bse_fo master
[2026-07-20 08:58:31] [market_data] ⚠ min() iterable argument is empty
[2026-07-20 08:58:34] [market_data] ⚠ min() iterable argument is empty
[2026-07-20 08:58:37] [market_data] ⚠ min() iterable argument is empty
[2026-07-20 08:58:40] [market_data] ⚠ min() iterable argument is empty
[2026-07-20 08:58:44] [market_data] ⚠ min() iterable argument is empty
[2026-07-20 08:58:47] [market_data] ⚠ Kotak nse_fo master lacks SENSEX (BFO) — use Dhan for SENSEX or extend to bse_fo master
[2026-07-20 08:58:50] [market_data] ⚠ min() iterable argument is empty
[2026-07-20 08:58:53] [market_data] ⚠ min() iterable argument is empty
[2026-07-20 08:58:56] [market_data] ⚠ min() iterable argument is empty
[2026-07-20 08:59:00] [market_data] ⚠ min() iterable argument is empty
[2026-07-20 08:59:03] [market_data] ⚠ min() iterable argument is empty
[2026-07-20 08:59:06] [market_data] ⚠ Kotak nse_fo master lacks SENSEX (BFO) — use Dhan for SENSEX or extend to bse_fo master
[2026-07-20 08:59:09] [market_data] ⚠ min() iterable argument is empty
[2026-07-20 08:59:12] [market_data] ⚠ min() iterable argument is empty
[2026-07-20 08:59:16] [market_data] ⚠ min() iterable argument is empty
[2026-07-20 08:59:19] [market_data] ⚠ min() iterable argument is empty
[2026-07-20 08:59:22] [market_data] ⚠ min() iterable argument is empty
[2026-07-20 08:59:25] [market_data] ⚠ Kotak nse_fo master lacks SENSEX (BFO) — use Dhan for SENSEX or extend to bse_fo master
[2026-07-20 08:59:28] [market_data] ⚠ min() iterable argument is empty
[2026-07-20 08:59:32] [market_data] ⚠ min() iterable argument is empty
[2026-07-20 08:59:35] [market_data] ⚠ min() iterable argument is empty
[2026-07-20 08:59:38] [market_data] ⚠ min() iterable argument is empty
[2026-07-20 08:59:41] [market_data] ⚠ min() iterable argument is empty
[2026-07-20 08:59:44] [market_data] ⚠ Kotak nse_fo master lacks SENSEX (BFO) — use Dhan for SENSEX or extend to bse_fo master
[2026-07-20 08:59:48] [market_data] ⚠ min() iterable argument is empty
[2026-07-20 08:59:51] [market_data] ⚠ min() iterable argument is empty
[2026-07-20 08:59:54] [market_data] ⚠ min() iterable argument is empty
[2026-07-20 08:59:57] [market_data] ⚠ min() iterable argument is empty
[2026-07-20 09:00:01] [market_data] ⚠ min() iterable argument is empty
[2026-07-20 09:00:04] [market_data] ⚠ Kotak nse_fo master lacks SENSEX (BFO) — use Dhan for SENSEX or extend to bse_fo master
[2026-07-20 09:00:07] [market_data] ⚠ min() iterable argument is empty
[2026-07-20 09:00:10] [market_data] ⚠ min() iterable argument is empty
[2026-07-20 09:00:13] [market_data] ⚠ min() iterable argument is empty
[2026-07-20 09:00:16] [market_data] ⚠ min() iterable argument is empty
[2026-07-20 09:00:20] [market_data] ⚠ min() iterable argument is empty
[2026-07-20 09:00:23] [market_data] ⚠ Kotak nse_fo master lacks SENSEX (BFO) — use Dhan for SENSEX or extend to bse_fo master
[2026-07-20 09:00:26] [market_data] ⚠ min() iterable argument is empty
[2026-07-20 09:00:29] [market_data] ⚠ min() iterable argument is empty
[2026-07-20 09:00:32] [market_data] ⚠ min() iterable argument is empty
[2026-07-20 09:00:36] [market_data] ⚠ min() iterable argument is empty
[2026-07-20 09:00:39] [market_data] ⚠ min() iterable argument is empty
[2026-07-20 09:00:42] [market_data] ⚠ Kotak nse_fo master lacks SENSEX (BFO) — use Dhan for SENSEX or extend to bse_fo master
[2026-07-20 09:00:45] [market_data] ⚠ min() iterable argument is empty
[2026-07-20 09:00:48] [market_data] ⚠ min() iterable argument is empty
[2026-07-20 09:00:52] [market_data] ⚠ min() iterable argument is empty
[2026-07-20 09:00:55] [market_data] ⚠ min() iterable argument is empty
[2026-07-20 09:00:58] [market_data] ⚠ min() iterable argument is empty
[2026-07-20 09:01:01] [market_data] ⚠ Kotak nse_fo master lacks SENSEX (BFO) — use Dhan for SENSEX or extend to bse_fo master
[2026-07-20 09:01:04] [market_data] ⚠ min() iterable argument is empty
[2026-07-20 09:01:07] [market_data] ⚠ min() iterable argument is empty
[2026-07-20 09:01:11] [market_data] ⚠ min() iterable argument is empty
[2026-07-20 09:01:14] [market_data] ⚠ min() iterable argument is empty
[2026-07-20 09:01:17] [market_data] ⚠ min() iterable argument is empty
[2026-07-20 09:01:20] [market_data] ⚠ Kotak nse_fo master lacks SENSEX (BFO) — use Dhan for SENSEX or extend to bse_fo master
[2026-07-20 09:01:23] [market_data] ⚠ min() iterable argument is empty
[2026-07-20 09:01:27] [market_data] ⚠ min() iterable argument is empty
[2026-07-20 09:01:30] [market_data] ⚠ min() iterable argument is empty
[2026-07-20 09:01:33] [market_data] ⚠ min() iterable argument is empty
[2026-07-20 09:01:36] [market_data] ⚠ min() iterable argument is empty
[2026-07-20 09:01:39] [market_data] ⚠ Kotak nse_fo master lacks SENSEX (BFO) — use Dhan for SENSEX or extend to bse_fo master
[2026-07-20 09:01:44] [market_data] ⚠ min() iterable argument is empty
[2026-07-20 09:01:47] [market_data] ⚠ min() iterable argument is empty
[2026-07-20 09:01:50] [market_data] ⚠ min() iterable argument is empty
[2026-07-20 09:01:53] [market_data] ⚠ min() iterable argument is empty
[2026-07-20 09:01:57] [market_data] ⚠ min() iterable argument is empty
[2026-07-20 09:02:00] [market_data] ⚠ Kotak nse_fo master lacks SENSEX (BFO) — use Dhan for SENSEX or extend to bse_fo master
[2026-07-20 09:02:03] [market_data] ⚠ min() iterable argument is empty
[2026-07-20 09:02:06] [market_data] ⚠ min() iterable argument is empty
[2026-07-20 09:02:09] [market_data] ⚠ min() iterable argument is empty
[2026-07-20 09:02:12] [market_data] ⚠ min() iterable argument is empty
[2026-07-20 09:02:16] [market_data] ⚠ min() iterable argument is empty
[2026-07-20 09:02:19] [market_data] ⚠ Kotak nse_fo master lacks SENSEX (BFO) — use Dhan for SENSEX or extend to bse_fo master
[2026-07-20 09:02:22] [market_data] ⚠ min() iterable argument is empty
[2026-07-20 09:02:25] [market_data] ⚠ min() iterable argument is empty
[2026-07-20 09:02:28] [market_data] ⚠ min() iterable argument is empty
[2026-07-20 09:02:32] [market_data] ⚠ min() iterable argument is empty
[2026-07-20 09:02:35] [market_data] ⚠ min() iterable argument is empty
[2026-07-20 09:02:38] [market_data] ⚠ Kotak nse_fo master lacks SENSEX (BFO) — use Dhan for SENSEX or extend to bse_fo master
[2026-07-20 09:02:41] [market_data] ⚠ min() iterable argument is empty
[2026-07-20 09:02:44] [market_data] ⚠ min() iterable argument is empty
[2026-07-20 09:02:47] [market_data] ⚠ min() iterable argument is empty
[2026-07-20 09:02:51] [market_data] ⚠ min() iterable argument is empty
[2026-07-20 09:02:54] [market_data] ⚠ min() iterable argument is empty
[2026-07-20 09:02:57] [market_data] ⚠ Kotak nse_fo master lacks SENSEX (BFO) — use Dhan for SENSEX or extend to bse_fo master
[2026-07-20 09:03:00] [market_data] ⚠ min() iterable argument is empty
[2026-07-20 09:03:04] [market_data] ⚠ min() iterable argument is empty
[2026-07-20 09:03:07] [market_data] ⚠ min() iterable argument is empty
[2026-07-20 09:03:10] [market_data] ⚠ min() iterable argument is empty
[2026-07-20 09:03:13] [market_data] ⚠ min() iterable argument is empty
[2026-07-20 09:03:16] [market_data] ⚠ Kotak nse_fo master lacks SENSEX (BFO) — use Dhan for SENSEX or extend to bse_fo master
[2026-07-20 09:03:19] [market_data] ⚠ min() iterable argument is empty
[2026-07-20 09:03:23] [market_data] ⚠ min() iterable argument is empty
[2026-07-20 09:03:26] [market_data] ⚠ min() iterable argument is empty
[2026-07-20 09:03:29] [market_data] ⚠ min() iterable argument is empty
[2026-07-20 09:03:33] [market_data] ⚠ min() iterable argument is empty
[2026-07-20 09:03:36] [market_data] ⚠ Kotak nse_fo master lacks SENSEX (BFO) — use Dhan for SENSEX or extend to bse_fo master
[2026-07-20 09:03:39] [market_data] ⚠ min() iterable argument is empty
[2026-07-20 09:03:42] [market_data] ⚠ min() iterable argument is empty
[2026-07-20 09:03:45] [market_data] ⚠ min() iterable argument is empty
[2026-07-20 09:03:48] [market_data] ⚠ min() iterable argument is empty
[2026-07-20 09:03:52] [market_data] ⚠ min() iterable argument is empty
[2026-07-20 09:03:55] [market_data] ⚠ Kotak nse_fo master lacks SENSEX (BFO) — use Dhan for SENSEX or extend to bse_fo master
[2026-07-20 09:03:58] [market_data] ⚠ min() iterable argument is empty
[2026-07-20 09:04:01] [market_data] ⚠ min() iterable argument is empty
[2026-07-20 09:04:05] [market_data] ⚠ min() iterable argument is empty
[2026-07-20 09:04:08] [market_data] ⚠ min() iterable argument is empty
[2026-07-20 09:04:11] [market_data] ⚠ min() iterable argument is empty
[2026-07-20 09:04:14] [market_data] ⚠ Kotak nse_fo master lacks SENSEX (BFO) — use Dhan for SENSEX or extend to bse_fo master
[2026-07-20 09:04:17] [market_data] ⚠ min() iterable argument is empty
[2026-07-20 09:04:21] [market_data] ⚠ min() iterable argument is empty
[2026-07-20 09:04:24] [market_data] ⚠ min() iterable argument is empty
[2026-07-20 09:04:27] [market_data] ⚠ min() iterable argument is empty
[2026-07-20 09:04:30] [market_data] ⚠ min() iterable argument is empty
[2026-07-20 09:04:33] [market_data] ⚠ Kotak nse_fo master lacks SENSEX (BFO) — use Dhan for SENSEX or extend to bse_fo master
[2026-07-20 09:04:37] [market_data] ⚠ min() iterable argument is empty
[2026-07-20 09:04:40] [market_data] ⚠ min() iterable argument is empty
[2026-07-20 09:04:43] [market_data] ⚠ min() iterable argument is empty
[2026-07-20 09:04:46] [market_data] ⚠ min() iterable argument is empty
[2026-07-20 09:04:50] [market_data] ⚠ min() iterable argument is empty
[2026-07-20 09:04:53] [market_data] ⚠ Kotak nse_fo master lacks SENSEX (BFO) — use Dhan for SENSEX or extend to bse_fo master
[2026-07-20 09:04:56] [market_data] ⚠ min() iterable argument is empty
[2026-07-20 09:04:59] [market_data] ⚠ min() iterable argument is empty
[2026-07-20 09:05:02] [market_data] ⚠ min() iterable argument is empty
[2026-07-20 09:05:06] [market_data] ⚠ min() iterable argument is empty
[2026-07-20 09:05:09] [market_data] ⚠ min() iterable argument is empty
[2026-07-20 09:05:12] [market_data] ⚠ Kotak nse_fo master lacks SENSEX (BFO) — use Dhan for SENSEX or extend to bse_fo master
[2026-07-20 09:05:15] [market_data] ⚠ min() iterable argument is empty
[2026-07-20 09:05:18] [market_data] ⚠ min() iterable argument is empty
[2026-07-20 09:05:21] [market_data] ⚠ min() iterable argument is empty
[2026-07-20 09:05:25] [market_data] ⚠ min() iterable argument is empty
[2026-07-20 09:05:28] [market_data] ⚠ min() iterable argument is empty
[2026-07-20 09:05:31] [market_data] ⚠ Kotak nse_fo master lacks SENSEX (BFO) — use Dhan for SENSEX or extend to bse_fo master
[2026-07-20 09:05:34] [market_data] ⚠ min() iterable argument is empty
[2026-07-20 09:05:37] [market_data] ⚠ min() iterable argument is empty
[2026-07-20 09:05:40] [market_data] ⚠ min() iterable argument is empty
[2026-07-20 09:05:44] [market_data] ⚠ min() iterable argument is empty
[2026-07-20 09:05:47] [market_data] ⚠ min() iterable argument is empty
[2026-07-20 09:05:50] [market_data] ⚠ Kotak nse_fo master lacks SENSEX (BFO) — use Dhan for SENSEX or extend to bse_fo master
[2026-07-20 09:05:53] [market_data] ⚠ min() iterable argument is empty
[2026-07-20 09:05:56] [market_data] ⚠ min() iterable argument is empty
[2026-07-20 09:06:00] [market_data] ⚠ min() iterable argument is empty
[2026-07-20 09:06:03] [market_data] ⚠ min() iterable argument is empty
[2026-07-20 09:09:29] [orchestrator] restored 15 historical trades (0 today, ₹0 realized today)
[2026-07-20 09:09:31] [orchestrator] all 12 agents started on NIFTY+BANKNIFTY+FINNIFTY+SENSEX (PAPER)
[2026-07-20 09:09:32] [market_data] NIFTY: found 3948 NIFTY contracts but none has a usable expiry (all parsed as 0 or already past) — sample raw expiry values: [1469111400, 1469716200, 1470321000, 1470925800, 1471530600]. Likely cause: the 'lExpiryDate' column wasn't read correctly for this symbol's rows, or NIFTY weekly contracts have been discontinued (SEBI moved several indices to monthly-only weeklies) and only far-dated monthly rows exist under a different name. Re-run test_kotak.py and inspect the raw NIFTY rows to confirm.
[2026-07-20 09:09:35] [market_data] BANKNIFTY: found 2430 BANKNIFTY contracts but none has a usable expiry (all parsed as 0 or already past) — sample raw expiry values: [1469716200, 1472135400, 1475159400, 1483021800, 1490884200]. Likely cause: the 'lExpiryDate' column wasn't read correctly for this symbol's rows, or BANKNIFTY weekly contracts have been discontinued (SEBI moved several indices to monthly-only weeklies) and only far-dated monthly rows exist under a different name. Re-run test_kotak.py and inspect the raw BANKNIFTY rows to confirm.
[2026-07-20 09:09:41] [market_data] FINNIFTY: found 1090 FINNIFTY contracts but none has a usable expiry (all parsed as 0 or already past) — sample raw expiry values: [1469716200, 1472135400, 1475159400]. Likely cause: the 'lExpiryDate' column wasn't read correctly for this symbol's rows, or FINNIFTY weekly contracts have been discontinued (SEBI moved several indices to monthly-only weeklies) and only far-dated monthly rows exist under a different name. Re-run test_kotak.py and inspect the raw FINNIFTY rows to confirm.
[2026-07-20 09:09:47] [market_data] SENSEX: Kotak nse_fo master lacks SENSEX (BFO) — use Dhan for SENSEX, or switch active broker back to Dhan for now
[2026-07-20 09:12:42] [orchestrator] restored 15 historical trades (0 today, ₹0 realized today)
[2026-07-20 09:12:44] [orchestrator] all 12 agents started on NIFTY+BANKNIFTY+FINNIFTY+SENSEX (PAPER)
[2026-07-20 09:12:45] [market_data] NIFTY: found 3948 NIFTY contracts but none has a usable expiry (all parsed as 0 or already past) — sample raw expiry values: [1469111400, 1469716200, 1470321000, 1470925800, 1471530600]. Likely cause: the 'lExpiryDate' column wasn't read correctly for this symbol's rows, or NIFTY weekly contracts have been discontinued (SEBI moved several indices to monthly-only weeklies) and only far-dated monthly rows exist under a different name. Re-run test_kotak.py and inspect the raw NIFTY rows to confirm.
[2026-07-20 09:12:48] [market_data] BANKNIFTY: found 2430 BANKNIFTY contracts but none has a usable expiry (all parsed as 0 or already past) — sample raw expiry values: [1469716200, 1472135400, 1475159400, 1483021800, 1490884200]. Likely cause: the 'lExpiryDate' column wasn't read correctly for this symbol's rows, or BANKNIFTY weekly contracts have been discontinued (SEBI moved several indices to monthly-only weeklies) and only far-dated monthly rows exist under a different name. Re-run test_kotak.py and inspect the raw BANKNIFTY rows to confirm.
[2026-07-20 09:12:54] [market_data] FINNIFTY: found 1090 FINNIFTY contracts but none has a usable expiry (all parsed as 0 or already past) — sample raw expiry values: [1469716200, 1472135400, 1475159400]. Likely cause: the 'lExpiryDate' column wasn't read correctly for this symbol's rows, or FINNIFTY weekly contracts have been discontinued (SEBI moved several indices to monthly-only weeklies) and only far-dated monthly rows exist under a different name. Re-run test_kotak.py and inspect the raw FINNIFTY rows to confirm.
[2026-07-20 09:13:01] [market_data] SENSEX: Kotak nse_fo master lacks SENSEX (BFO) — use Dhan for SENSEX, or switch active broker back to Dhan for now
[2026-07-20 09:15:44] [strategy] NIFTY: BUY_PE 24250.0 conf 70%
[2026-07-20 09:15:44] [strategy] 🔔[MEDIUM] NIFTY: BUY PE 24250.0 signal generated (confidence 70%)
[2026-07-20 09:15:49] [risk] REJECTED — ✓ autopilot not halted (consecutive losses) · ✓ market open · ✓ no open position on NIFTY · ✓ concurrent positions 0/1 · ✓ trades 0/100 · ✗ confidence 70≥80 · ✓ valid price points · ✗ risk-reward 1.4 ≥ 1:2 · ✓ strike 24250.0 not OTM (ATM 24250.0) · ✗ regime 'trending-up' allows ['BUY_CE'] · ✗ timeframe confluence for PE (no-alignment) · ✓ no fresh news-risk block · ✓ daily loss limit (risking ₹5925, day P&L ₹0) · ✓ fresh NIFTY data (2s old)
[2026-07-20 09:15:49] [risk] 🔔[LOW] NIFTY: Signal REJECTED (70% conf): ✗ confidence 70≥80; ✗ risk-reward 1.4 ≥ 1:2; ✗ regime 'trending-up' allows ['BUY_CE']; ✗ timeframe confluence for PE (no-alignment)
[2026-07-20 09:16:44] [price_action] FINNIFTY: orb -> BUY_PE (broke OR low 26718 (range 30))
[2026-07-20 09:16:49] [risk] REJECTED — ✓ autopilot not halted (consecutive losses) · ✓ market open · ✓ no open position on FINNIFTY · ✓ concurrent positions 0/1 · ✓ trades 0/100 · ✗ confidence 74≥80 · ✓ valid price points · ✓ risk-reward 2.0 ≥ 1:2 · ✓ strike 26500.0 not OTM (ATM 26500.0) · ✓ regime 'trending-down' allows ['BUY_PE'] · ✓ timeframe confluence for PE (mixed-bear) · ✓ no fresh news-risk block · ✓ daily loss limit (risking ₹6656, day P&L ₹0) · ✓ fresh FINNIFTY data (5s old)
[2026-07-20 09:16:49] [risk] 🔔[LOW] FINNIFTY: Signal REJECTED (74% conf): ✗ confidence 74≥80
[2026-07-20 09:17:45] [price_action] BANKNIFTY: orb -> BUY_PE (broke OR low 57888 (range 68))
[2026-07-20 09:17:49] [risk] REJECTED — ✓ autopilot not halted (consecutive losses) · ✓ market open · ✓ no open position on BANKNIFTY · ✓ concurrent positions 0/1 · ✓ trades 0/100 · ✗ confidence 74≥80 · ✓ valid price points · ✓ risk-reward 2.0 ≥ 1:2 · ✓ strike 57700.0 not OTM (ATM 57700.0) · ✓ regime 'mixed' allows ['BUY_CE', 'BUY_PE'] · ✗ timeframe confluence for PE (no-alignment) · ✓ no fresh news-risk block · ✓ daily loss limit (risking ₹7485, day P&L ₹0) · ✓ fresh BANKNIFTY data (15s old)
[2026-07-20 09:17:49] [risk] 🔔[LOW] BANKNIFTY: Signal REJECTED (74% conf): ✗ confidence 74≥80; ✗ timeframe confluence for PE (no-alignment)
[2026-07-20 09:17:53] [strategy] NIFTY: BUY_PE 24100.0 conf 70%
[2026-07-20 09:17:53] [strategy] 🔔[MEDIUM] NIFTY: BUY PE 24100.0 signal generated (confidence 70%)
[2026-07-20 09:17:54] [risk] REJECTED — ✓ autopilot not halted (consecutive losses) · ✓ market open · ✓ no open position on NIFTY · ✓ concurrent positions 0/1 · ✓ trades 0/100 · ✗ confidence 70≥80 · ✓ valid price points · ✗ risk-reward 1.6 ≥ 1:2 · ✗ strike 24100.0 not OTM (ATM 24200.0) · ✗ regime 'trending-up' allows ['BUY_CE'] · ✗ timeframe confluence for PE (no-alignment) · ✓ no fresh news-risk block · ✗ daily loss limit (risking ₹12750, day P&L ₹0) · ✓ fresh NIFTY data (4s old)
[2026-07-20 09:17:54] [risk] 🔔[LOW] NIFTY: Signal REJECTED (70% conf): ✗ confidence 70≥80; ✗ risk-reward 1.6 ≥ 1:2; ✗ strike 24100.0 not OTM (ATM 24200.0); ✗ regime 'trending-up' allows ['BUY_CE']; ✗ timeframe confluence for PE (no-alignment); ✗ daily loss limit (risking ₹12750, day P&L ₹0)
[2026-07-20 09:20:48] [strategy] hard-reject reason present; 15-min backoff
[2026-07-20 09:28:08] [news] 🔔[HIGH] : News risk event: Sensex and Nifty surged nearly 4% following announcement of ceasefire agreement between Washington and Tehran
[2026-07-20 09:28:44] [execution] 📄 PAPER SPREAD bull_put_spread NIFTY: SELL 24000 PE @ ₹35.6 · BUY 23900 PE @ ₹19.0 · credit ₹16.6 x 150
[2026-07-20 09:28:44] [execution] 🔔[MEDIUM] NIFTY: Spread opened: bull_put_spread credit ₹16.6
[2026-07-20 09:35:54] [strategy] hard-reject reason present; 15-min backoff
[2026-07-20 09:37:24] [orchestrator] restored 15 historical trades (0 today, ₹0 realized today)
[2026-07-20 09:37:26] [orchestrator] all 12 agents started on NIFTY+BANKNIFTY+FINNIFTY+SENSEX (PAPER)
[2026-07-20 09:37:52] [market_data] NIFTY: no NIFTY contracts found in the cached Kotak master — the pSymbolName filter may not match (expected 'NIFTY' in the CSV's pSymbolName column)
[2026-07-20 09:37:55] [market_data] SENSEX: Kotak nse_fo master lacks SENSEX (BFO) — use Dhan for SENSEX, or switch active broker back to Dhan for now
[2026-07-20 09:38:01] [market_data] BANKNIFTY: no BANKNIFTY contracts found in the cached Kotak master — the pSymbolName filter may not match (expected 'BANKNIFTY' in the CSV's pSymbolName column)
[2026-07-20 09:38:07] [market_data] FINNIFTY: no FINNIFTY contracts found in the cached Kotak master — the pSymbolName filter may not match (expected 'FINNIFTY' in the CSV's pSymbolName column)
[2026-07-20 09:38:31] [strategy] NIFTY: BUY_PE 24100.0 conf 70%
[2026-07-20 09:38:31] [strategy] 🔔[MEDIUM] NIFTY: BUY PE 24100.0 signal generated (confidence 70%)
[2026-07-20 09:38:36] [risk] REJECTED — ✓ autopilot not halted (consecutive losses) · ✓ market open · ✓ no open position on NIFTY · ✓ concurrent positions 0/1 · ✓ trades 0/100 · ✗ confidence 70≥80 · ✓ valid price points · ✗ risk-reward 1.0 ≥ 1:2 · ✗ strike 24100.0 not OTM (ATM 24200.0) · ✗ regime 'trending-up' allows ['BUY_CE'] · ✗ timeframe confluence for PE (no-alignment) · ✓ no fresh news-risk block · ✓ daily loss limit (risking ₹2235, day P&L ₹0) · ✗ fresh NIFTY data (54s old)
[2026-07-20 09:38:36] [risk] 🔔[LOW] NIFTY: Signal REJECTED (70% conf): ✗ confidence 70≥80; ✗ risk-reward 1.0 ≥ 1:2; ✗ strike 24100.0 not OTM (ATM 24200.0); ✗ regime 'trending-up' allows ['BUY_CE']; ✗ timeframe confluence for PE (no-alignment); ✗ fresh NIFTY data (54s old)
[2026-07-20 09:39:12] [regime] NIFTY: skipped (Kotak REST has no candle endpoint here — regime agent needs Dhan; select Dhan or run without regime)
[2026-07-20 09:39:14] [regime] BANKNIFTY: skipped (Kotak REST has no candle endpoint here — regime agent needs Dhan; select Dhan or run without regime)
[2026-07-20 09:39:15] [regime] FINNIFTY: skipped (Kotak REST has no candle endpoint here — regime agent needs Dhan; select Dhan or run without regime)
[2026-07-20 09:39:16] [regime] SENSEX: skipped (Kotak REST has no candle endpoint here — regime agent needs Dhan; select Dhan or run without regime)
[2026-07-20 09:41:26] [strategy] NIFTY: BUY_PE 24100.0 conf 70%
[2026-07-20 09:41:26] [strategy] 🔔[MEDIUM] NIFTY: BUY PE 24100.0 signal generated (confidence 70%)
[2026-07-20 09:41:31] [risk] REJECTED — ✓ autopilot not halted (consecutive losses) · ✓ market open · ✓ no open position on NIFTY · ✓ concurrent positions 0/1 · ✓ trades 0/100 · ✗ confidence 70≥80 · ✓ valid price points · ✗ risk-reward 1.0 ≥ 1:2 · ✗ strike 24100.0 not OTM (ATM 24200.0) · ✗ regime 'trending-up' allows ['BUY_CE'] · ✗ timeframe confluence for PE (no-alignment) · ✓ no fresh news-risk block · ✓ daily loss limit (risking ₹2235, day P&L ₹0) · ✗ fresh NIFTY data (229s old)
[2026-07-20 09:41:31] [risk] 🔔[LOW] NIFTY: Signal REJECTED (70% conf): ✗ confidence 70≥80; ✗ risk-reward 1.0 ≥ 1:2; ✗ strike 24100.0 not OTM (ATM 24200.0); ✗ regime 'trending-up' allows ['BUY_CE']; ✗ timeframe confluence for PE (no-alignment); ✗ fresh NIFTY data (229s old)
[2026-07-20 09:43:26] [strategy] NIFTY: BUY_PE 24100.0 conf 70%
[2026-07-20 09:43:26] [strategy] 🔔[MEDIUM] NIFTY: BUY PE 24100.0 signal generated (confidence 70%)
[2026-07-20 09:43:31] [risk] REJECTED — ✓ autopilot not halted (consecutive losses) · ✓ market open · ✓ no open position on NIFTY · ✓ concurrent positions 0/1 · ✓ trades 0/100 · ✗ confidence 70≥80 · ✓ valid price points · ✗ risk-reward 1.0 ≥ 1:2 · ✗ strike 24100.0 not OTM (ATM 24200.0) · ✗ regime 'trending-up' allows ['BUY_CE'] · ✗ timeframe confluence for PE (no-alignment) · ✓ no fresh news-risk block · ✓ daily loss limit (risking ₹2235, day P&L ₹0) · ✗ fresh NIFTY data (349s old)
[2026-07-20 09:43:31] [risk] 🔔[LOW] NIFTY: Signal REJECTED (70% conf): ✗ confidence 70≥80; ✗ risk-reward 1.0 ≥ 1:2; ✗ strike 24100.0 not OTM (ATM 24200.0); ✗ regime 'trending-up' allows ['BUY_CE']; ✗ timeframe confluence for PE (no-alignment); ✗ fresh NIFTY data (349s old)
[2026-07-20 09:46:03] [orchestrator] restored 15 historical trades (0 today, ₹0 realized today)
[2026-07-20 09:46:05] [orchestrator] all 12 agents started on NIFTY+BANKNIFTY+FINNIFTY+SENSEX (PAPER)
[2026-07-20 09:46:06] [regime] NIFTY: skipped (Kotak REST has no candle endpoint here — regime agent needs Dhan; select Dhan or run without regime)
[2026-07-20 09:46:07] [regime] BANKNIFTY: skipped (Kotak REST has no candle endpoint here — regime agent needs Dhan; select Dhan or run without regime)
[2026-07-20 09:46:09] [regime] FINNIFTY: skipped (Kotak REST has no candle endpoint here — regime agent needs Dhan; select Dhan or run without regime)
[2026-07-20 09:46:10] [regime] SENSEX: skipped (Kotak REST has no candle endpoint here — regime agent needs Dhan; select Dhan or run without regime)
[2026-07-20 09:46:24] [market_data] NIFTY: HTTP Error 429: Too Many Requests
[2026-07-20 09:46:27] [market_data] SENSEX: Kotak nse_fo master lacks SENSEX (BFO) — use Dhan for SENSEX, or switch active broker back to Dhan for now
[2026-07-20 09:47:05] [technical] ⚠ unsupported operand type(s) for +: 'int' and 'NoneType'
[2026-07-20 09:48:05] [technical] ⚠ unsupported operand type(s) for +: 'int' and 'NoneType'
[2026-07-20 09:49:05] [technical] ⚠ unsupported operand type(s) for +: 'int' and 'NoneType'
[2026-07-20 09:50:05] [technical] ⚠ unsupported operand type(s) for +: 'int' and 'NoneType'
[2026-07-20 09:51:05] [technical] ⚠ unsupported operand type(s) for +: 'int' and 'NoneType'
[2026-07-20 09:52:05] [technical] ⚠ unsupported operand type(s) for +: 'int' and 'NoneType'
[2026-07-20 09:53:32] [orchestrator] restored 15 historical trades (0 today, ₹0 realized today)
[2026-07-20 09:53:34] [orchestrator] all 12 agents started on NIFTY+BANKNIFTY+FINNIFTY+SENSEX (PAPER)
[2026-07-20 09:53:35] [regime] NIFTY: skipped (Kotak REST has no candle endpoint here — regime agent needs Dhan; select Dhan or run without regime)
[2026-07-20 09:53:36] [regime] BANKNIFTY: skipped (Kotak REST has no candle endpoint here — regime agent needs Dhan; select Dhan or run without regime)
[2026-07-20 09:53:38] [regime] FINNIFTY: skipped (Kotak REST has no candle endpoint here — regime agent needs Dhan; select Dhan or run without regime)
[2026-07-20 09:53:39] [regime] SENSEX: skipped (Kotak REST has no candle endpoint here — regime agent needs Dhan; select Dhan or run without regime)
[2026-07-20 09:54:00] [market_data] SENSEX: Kotak nse_fo master lacks SENSEX (BFO) — use Dhan for SENSEX, or switch active broker back to Dhan for now
[2026-07-20 09:54:40] [strategy] NIFTY: BUY_PE 24100.0 conf 80%
[2026-07-20 09:54:40] [strategy] 🔔[MEDIUM] NIFTY: BUY PE 24100.0 signal generated (confidence 80%)
[2026-07-20 09:54:44] [risk] REJECTED — ✓ autopilot not halted (consecutive losses) · ✓ market open · ✓ no open position on NIFTY · ✓ concurrent positions 0/1 · ✓ trades 0/100 · ✓ confidence 80≥80 · ✓ valid price points · ✗ risk-reward 1.6 ≥ 1:2 · ✗ strike 24100.0 not OTM (ATM 24200.0) · ✓ regime data pending for NIFTY (not blocking) · ✓ no fresh news-risk block · ✓ daily loss limit (risking ₹5250, day P&L ₹0) · ✓ fresh NIFTY data (1s old)
[2026-07-20 09:54:44] [risk] 🔔[LOW] NIFTY: Signal REJECTED (80% conf): ✗ risk-reward 1.6 ≥ 1:2; ✗ strike 24100.0 not OTM (ATM 24200.0)
[2026-07-20 09:57:35] [strategy] NIFTY: BUY_PE 24100.0 conf 75%
[2026-07-20 09:57:35] [strategy] 🔔[MEDIUM] NIFTY: BUY PE 24100.0 signal generated (confidence 75%)
[2026-07-20 09:57:39] [risk] REJECTED — ✓ autopilot not halted (consecutive losses) · ✓ market open · ✓ no open position on NIFTY · ✓ concurrent positions 0/1 · ✓ trades 0/100 · ✗ confidence 75≥80 · ✓ valid price points · ✓ risk-reward 2.5 ≥ 1:2 · ✗ strike 24100.0 not OTM (ATM 24200.0) · ✓ regime data pending for NIFTY (not blocking) · ✓ no fresh news-risk block · ✓ daily loss limit (risking ₹7395, day P&L ₹0) · ✓ fresh NIFTY data (8s old)
[2026-07-20 09:57:39] [risk] 🔔[LOW] NIFTY: Signal REJECTED (75% conf): ✗ confidence 75≥80; ✗ strike 24100.0 not OTM (ATM 24200.0)
[2026-07-20 09:59:35] [strategy] NIFTY: BUY_PE 24100.0 conf 75%
[2026-07-20 09:59:35] [strategy] 🔔[MEDIUM] NIFTY: BUY PE 24100.0 signal generated (confidence 75%)
[2026-07-20 09:59:39] [risk] REJECTED — ✓ autopilot not halted (consecutive losses) · ✓ market open · ✓ no open position on NIFTY · ✓ concurrent positions 0/1 · ✓ trades 0/100 · ✗ confidence 75≥80 · ✓ valid price points · ✓ risk-reward 2.5 ≥ 1:2 · ✗ strike 24100.0 not OTM (ATM 24200.0) · ✓ regime data pending for NIFTY (not blocking) · ✓ no fresh news-risk block · ✓ daily loss limit (risking ₹7395, day P&L ₹0) · ✓ fresh NIFTY data (7s old)
[2026-07-20 09:59:39] [risk] 🔔[LOW] NIFTY: Signal REJECTED (75% conf): ✗ confidence 75≥80; ✗ strike 24100.0 not OTM (ATM 24200.0)
[2026-07-20 10:01:36] [strategy] NIFTY: BUY_PE 24100.0 conf 75%
[2026-07-20 10:01:36] [strategy] 🔔[MEDIUM] NIFTY: BUY PE 24100.0 signal generated (confidence 75%)
[2026-07-20 10:01:39] [risk] REJECTED — ✓ autopilot not halted (consecutive losses) · ✓ market open · ✓ no open position on NIFTY · ✓ concurrent positions 0/1 · ✓ trades 0/100 · ✗ confidence 75≥80 · ✓ valid price points · ✓ risk-reward 2.5 ≥ 1:2 · ✗ strike 24100.0 not OTM (ATM 24200.0) · ✓ regime data pending for NIFTY (not blocking) · ✓ no fresh news-risk block · ✓ daily loss limit (risking ₹7395, day P&L ₹0) · ✓ fresh NIFTY data (7s old)
[2026-07-20 10:01:39] [risk] 🔔[LOW] NIFTY: Signal REJECTED (75% conf): ✗ confidence 75≥80; ✗ strike 24100.0 not OTM (ATM 24200.0)
[2026-07-20 10:02:56] [orchestrator] restored 15 historical trades (0 today, ₹0 realized today)
[2026-07-20 10:02:58] [orchestrator] all 12 agents started on NIFTY+BANKNIFTY+FINNIFTY+SENSEX (PAPER)
[2026-07-20 10:03:00] [regime] NIFTY: skipped (Kotak REST has no candle endpoint here — regime agent needs Dhan; select Dhan or run without regime)
[2026-07-20 10:03:01] [regime] BANKNIFTY: skipped (Kotak REST has no candle endpoint here — regime agent needs Dhan; select Dhan or run without regime)
[2026-07-20 10:03:02] [regime] FINNIFTY: skipped (Kotak REST has no candle endpoint here — regime agent needs Dhan; select Dhan or run without regime)
[2026-07-20 10:03:03] [regime] SENSEX: skipped (Kotak REST has no candle endpoint here — regime agent needs Dhan; select Dhan or run without regime)
[2026-07-20 10:03:05] [news] 🔔[HIGH] : News risk event: <one line> headline
[2026-07-20 10:03:32] [market_data] SENSEX: Kotak nse_fo master lacks SENSEX (BFO) — use Dhan for SENSEX, or switch active broker back to Dhan for now
[2026-07-20 10:04:05] [strategy] NIFTY: BUY_CE 24100.0 conf 70%
[2026-07-20 10:04:05] [strategy] 🔔[MEDIUM] NIFTY: BUY CE 24100.0 signal generated (confidence 70%)
[2026-07-20 10:04:08] [risk] REJECTED — ✓ autopilot not halted (consecutive losses) · ✓ market open · ✓ no open position on NIFTY · ✓ concurrent positions 0/1 · ✓ trades 0/100 · ✗ confidence 70≥80 · ✓ valid price points · ✗ risk-reward 0.8 ≥ 1:2 · ✓ strike 24100.0 not OTM (ATM 24200.0) · ✓ regime data pending for NIFTY (not blocking) · ✗ news risk active (<5m old) · ✓ daily loss limit (risking ₹7027, day P&L ₹0) · ✓ fresh NIFTY data (5s old)
[2026-07-20 10:04:08] [risk] 🔔[LOW] NIFTY: Signal REJECTED (70% conf): ✗ confidence 70≥80; ✗ risk-reward 0.8 ≥ 1:2; ✗ news risk active (<5m old)
[2026-07-20 10:07:07] [strategy] NIFTY: BUY_PE 24100.0 conf 60%
[2026-07-20 10:07:07] [strategy] 🔔[MEDIUM] NIFTY: BUY PE 24100.0 signal generated (confidence 60%)
[2026-07-20 10:07:09] [risk] REJECTED — ✓ autopilot not halted (consecutive losses) · ✓ market open · ✓ no open position on NIFTY · ✓ concurrent positions 0/1 · ✓ trades 0/100 · ✗ confidence 60≥80 · ✓ valid price points · ✗ risk-reward 1.1 ≥ 1:2 · ✗ strike 24100.0 not OTM (ATM 24200.0) · ✓ regime data pending for NIFTY (not blocking) · ✗ news risk active (<5m old) · ✓ daily loss limit (risking ₹8587, day P&L ₹0) · ✓ fresh NIFTY data (3s old)
[2026-07-20 10:07:09] [risk] 🔔[LOW] NIFTY: Signal REJECTED (60% conf): ✗ confidence 60≥80; ✗ risk-reward 1.1 ≥ 1:2; ✗ strike 24100.0 not OTM (ATM 24200.0); ✗ news risk active (<5m old)
[2026-07-20 10:10:02] [strategy] NIFTY: BUY_PE 24100.0 conf 70%
[2026-07-20 10:10:02] [strategy] 🔔[MEDIUM] NIFTY: BUY PE 24100.0 signal generated (confidence 70%)
[2026-07-20 10:10:04] [risk] REJECTED — ✓ autopilot not halted (consecutive losses) · ✓ market open · ✓ no open position on NIFTY · ✓ concurrent positions 0/1 · ✓ trades 0/100 · ✗ confidence 70≥80 · ✓ valid price points · ✗ risk-reward 1.5 ≥ 1:2 · ✗ strike 24100.0 not OTM (ATM 24200.0) · ✓ regime data pending for NIFTY (not blocking) · ✓ no fresh news-risk block · ✓ daily loss limit (risking ₹2933, day P&L ₹0) · ✓ fresh NIFTY data (4s old)
[2026-07-20 10:10:04] [risk] 🔔[LOW] NIFTY: Signal REJECTED (70% conf): ✗ confidence 70≥80; ✗ risk-reward 1.5 ≥ 1:2; ✗ strike 24100.0 not OTM (ATM 24200.0)
[2026-07-20 10:12:12] [strategy] NIFTY: BUY_CE 24100.0 conf 70%
[2026-07-20 10:12:12] [strategy] 🔔[MEDIUM] NIFTY: BUY CE 24100.0 signal generated (confidence 70%)
[2026-07-20 10:12:14] [risk] REJECTED — ✓ autopilot not halted (consecutive losses) · ✓ market open · ✓ no open position on NIFTY · ✓ concurrent positions 0/1 · ✓ trades 0/100 · ✗ confidence 70≥80 · ✓ valid price points · ✓ risk-reward 2.4 ≥ 1:2 · ✓ strike 24100.0 not OTM (ATM 24200.0) · ✓ regime data pending for NIFTY (not blocking) · ✓ no fresh news-risk block · ✓ daily loss limit (risking ₹8295, day P&L ₹0) · ✓ fresh NIFTY data (9s old)
[2026-07-20 10:12:14] [risk] 🔔[LOW] NIFTY: Signal REJECTED (70% conf): ✗ confidence 70≥80
[2026-07-20 10:15:02] [strategy] NIFTY: BUY_CE 24100.0 conf 70%
[2026-07-20 10:15:02] [strategy] 🔔[MEDIUM] NIFTY: BUY CE 24100.0 signal generated (confidence 70%)
[2026-07-20 10:15:04] [risk] REJECTED — ✓ autopilot not halted (consecutive losses) · ✓ market open · ✓ no open position on NIFTY · ✓ concurrent positions 0/1 · ✓ trades 0/100 · ✗ confidence 70≥80 · ✓ valid price points · ✓ risk-reward 2.4 ≥ 1:2 · ✓ strike 24100.0 not OTM (ATM 24200.0) · ✓ regime data pending for NIFTY (not blocking) · ✓ no fresh news-risk block · ✓ daily loss limit (risking ₹8295, day P&L ₹0) · ✓ fresh NIFTY data (6s old)
[2026-07-20 10:15:04] [risk] 🔔[LOW] NIFTY: Signal REJECTED (70% conf): ✗ confidence 70≥80
[2026-07-20 10:17:11] [strategy] NIFTY: BUY_PE 24100.0 conf 75%
[2026-07-20 10:17:11] [strategy] 🔔[MEDIUM] NIFTY: BUY PE 24100.0 signal generated (confidence 75%)
[2026-07-20 10:17:14] [risk] REJECTED — ✓ autopilot not halted (consecutive losses) · ✓ market open · ✓ no open position on NIFTY · ✓ concurrent positions 0/1 · ✓ trades 0/100 · ✗ confidence 75≥80 · ✓ valid price points · ✗ risk-reward 0.5 ≥ 1:2 · ✗ strike 24100.0 not OTM (ATM 24200.0) · ✓ regime data pending for NIFTY (not blocking) · ✓ no fresh news-risk block · ✗ daily loss limit (risking ₹14895, day P&L ₹0) · ✓ fresh NIFTY data (10s old)
[2026-07-20 10:17:14] [risk] 🔔[LOW] NIFTY: Signal REJECTED (75% conf): ✗ confidence 75≥80; ✗ risk-reward 0.5 ≥ 1:2; ✗ strike 24100.0 not OTM (ATM 24200.0); ✗ daily loss limit (risking ₹14895, day P&L ₹0)
[2026-07-20 10:20:01] [strategy] hard-reject reason present; 15-min backoff
[2026-07-20 10:20:47] [market_data] NIFTY: The read operation timed out
[2026-07-20 10:34:29] [orchestrator] restored 15 historical trades (0 today, ₹0 realized today)
[2026-07-20 10:34:31] [orchestrator] all 12 agents started on NIFTY+BANKNIFTY+FINNIFTY+SENSEX (PAPER)
[2026-07-20 10:34:32] [regime] NIFTY: skipped (Kotak REST has no candle endpoint here — regime agent needs Dhan; select Dhan or run without regime)
[2026-07-20 10:34:33] [regime] BANKNIFTY: skipped (Kotak REST has no candle endpoint here — regime agent needs Dhan; select Dhan or run without regime)
[2026-07-20 10:34:34] [regime] FINNIFTY: skipped (Kotak REST has no candle endpoint here — regime agent needs Dhan; select Dhan or run without regime)
[2026-07-20 10:34:36] [regime] SENSEX: skipped (Kotak REST has no candle endpoint here — regime agent needs Dhan; select Dhan or run without regime)
[2026-07-20 10:34:38] [news] 🔔[HIGH] : News risk event: Indian indices are facing significant declines with various factors contributing to the negative sentiment.
[2026-07-20 10:35:31] [strategy] NIFTY: BUY_PE 24250.0 conf 60%
[2026-07-20 10:35:31] [strategy] 🔔[MEDIUM] NIFTY: BUY PE 24250.0 signal generated (confidence 60%)
[2026-07-20 10:35:36] [risk] REJECTED — ✓ autopilot not halted (consecutive losses) · ✓ market open · ✓ no open position on NIFTY · ✓ concurrent positions 0/1 · ✓ trades 0/100 · ✗ confidence 60≥80 · ✓ valid price points · ✗ risk-reward 1.5 ≥ 1:2 · ✓ strike 24250.0 not OTM (ATM 24200.0) · ✓ regime data pending for NIFTY (not blocking) · ✗ news risk active (<5m old) · ✓ daily loss limit (risking ₹7335, day P&L ₹0) · ✓ fresh NIFTY data (8s old)
[2026-07-20 10:35:36] [risk] 🔔[LOW] NIFTY: Signal REJECTED (60% conf): ✗ confidence 60≥80; ✗ risk-reward 1.5 ≥ 1:2; ✗ news risk active (<5m old)
[2026-07-20 10:37:39] [strategy] NIFTY: BUY_PE 24100.0 conf 70%
[2026-07-20 10:37:39] [strategy] 🔔[MEDIUM] NIFTY: BUY PE 24100.0 signal generated (confidence 70%)
[2026-07-20 10:37:41] [risk] REJECTED — ✓ autopilot not halted (consecutive losses) · ✓ market open · ✓ no open position on NIFTY · ✓ concurrent positions 0/1 · ✓ trades 0/100 · ✗ confidence 70≥80 · ✓ valid price points · ✓ risk-reward 2.1 ≥ 1:2 · ✗ strike 24100.0 not OTM (ATM 24200.0) · ✓ regime data pending for NIFTY (not blocking) · ✗ news risk active (<5m old) · ✗ daily loss limit (risking ₹10395, day P&L ₹0) · ✓ fresh NIFTY data (3s old)
[2026-07-20 10:37:41] [risk] 🔔[LOW] NIFTY: Signal REJECTED (70% conf): ✗ confidence 70≥80; ✗ strike 24100.0 not OTM (ATM 24200.0); ✗ news risk active (<5m old); ✗ daily loss limit (risking ₹10395, day P&L ₹0)
[2026-07-20 10:40:34] [strategy] hard-reject reason present; 15-min backoff
[2026-07-20 10:55:35] [strategy] hard-reject reason present; 15-min backoff
[2026-07-20 11:10:36] [strategy] hard-reject reason present; 15-min backoff
[2026-07-20 11:25:42] [strategy] hard-reject reason present; 15-min backoff
[2026-07-20 11:40:44] [strategy] hard-reject reason present; 15-min backoff
[2026-07-20 11:55:50] [strategy] hard-reject reason present; 15-min backoff
[2026-07-20 12:10:57] [strategy] hard-reject reason present; 15-min backoff
[2026-07-20 12:22:08] [execution] 📄 PAPER SPREAD bull_put_spread NIFTY: SELL 24150 PE @ ₹66.8 · BUY 24050 PE @ ₹33.5 · credit ₹33.3 x 150
[2026-07-20 12:22:08] [execution] 🔔[MEDIUM] NIFTY: Spread opened: bull_put_spread credit ₹33.3
[2026-07-20 12:26:02] [strategy] hard-reject reason present; 15-min backoff
[2026-07-20 12:41:03] [strategy] hard-reject reason present; 15-min backoff
[2026-07-20 12:47:49] [execution] 📄 SPREAD CLOSED bull_put_spread NIFTY — short strike breached (spot 24143) · gross ₹-1380 - fees ₹320 = net ₹-1700
[2026-07-20 12:47:49] [execution] 🔔[HIGH] NIFTY: Spread closed — short strike breached (spot 24143) — net ₹-1700
[2026-07-20 12:49:36] [regime] NIFTY: skipped (Kotak REST has no candle endpoint here — regime agent needs Dhan; select Dhan or run without regime)
[2026-07-20 12:49:37] [regime] BANKNIFTY: skipped (Kotak REST has no candle endpoint here — regime agent needs Dhan; select Dhan or run without regime)
[2026-07-20 12:49:39] [regime] FINNIFTY: skipped (Kotak REST has no candle endpoint here — regime agent needs Dhan; select Dhan or run without regime)
[2026-07-20 12:49:40] [regime] SENSEX: skipped (Kotak REST has no candle endpoint here — regime agent needs Dhan; select Dhan or run without regime)
[2026-07-20 12:49:54] [risk] REJECTED manual order — ✓ autopilot not halted (consecutive losses) · ✓ cooldown (2m/1m since last loss) · ✓ market open · ✓ no open position on NIFTY · ✓ concurrent positions 0/1 · ✓ trades 0/100 · ✗ confidence 70≥80 · ✓ valid price points · ✗ risk-reward 1.5 ≥ 1:2 · ✓ strike 24150.0 not OTM (ATM 24150.0) · ✓ regime 'gap-and-fade' allows ['BUY_CE', 'BUY_PE'] · ✗ timeframe confluence for CE (no-alignment) · ✓ no fresh news-risk block · ✓ daily loss limit (risking ₹5370, day P&L ₹-1700) · ✓ fresh NIFTY data (5s old)
[2026-07-20 12:50:10] [risk] REJECTED manual order — ✓ autopilot not halted (consecutive losses) · ✓ cooldown (2m/1m since last loss) · ✓ market open · ✓ no open position on NIFTY · ✓ concurrent positions 0/1 · ✓ trades 0/100 · ✗ confidence 70≥80 · ✓ valid price points · ✗ risk-reward 1.5 ≥ 1:2 · ✓ strike 24150.0 not OTM (ATM 24150.0) · ✓ regime 'gap-and-fade' allows ['BUY_CE', 'BUY_PE'] · ✗ timeframe confluence for CE (no-alignment) · ✓ no fresh news-risk block · ✓ daily loss limit (risking ₹5370, day P&L ₹-1700) · ✓ fresh NIFTY data (4s old)
[2026-07-20 12:56:44] [strategy] NIFTY: BUY_PE 24150.0 conf 75%
[2026-07-20 12:56:44] [strategy] 🔔[MEDIUM] NIFTY: BUY PE 24150.0 signal generated (confidence 75%)
[2026-07-20 12:56:48] [risk] REJECTED — ✓ autopilot not halted (consecutive losses) · ✓ cooldown (9m/1m since last loss) · ✓ market open · ✓ no open position on NIFTY · ✓ concurrent positions 0/1 · ✓ trades 0/100 · ✗ confidence 75≥80 · ✓ valid price points · ✗ risk-reward 1.0 ≥ 1:2 · ✓ strike 24150.0 not OTM (ATM 24150.0) · ✓ regime 'gap-and-fade' allows ['BUY_CE', 'BUY_PE'] · ✗ timeframe confluence for PE (no-alignment) · ✓ no fresh news-risk block · ✓ daily loss limit (risking ₹3007, day P&L ₹-1700) · ✓ fresh NIFTY data (7s old)
[2026-07-20 12:56:48] [risk] 🔔[LOW] NIFTY: Signal REJECTED (75% conf): ✗ confidence 75≥80; ✗ risk-reward 1.0 ≥ 1:2; ✗ timeframe confluence for PE (no-alignment)
[2026-07-20 12:59:31] [strategy] NIFTY: BUY_PE 24100.0 conf 70%
[2026-07-20 12:59:31] [strategy] 🔔[MEDIUM] NIFTY: BUY PE 24100.0 signal generated (confidence 70%)
[2026-07-20 12:59:33] [risk] REJECTED — ✓ autopilot not halted (consecutive losses) · ✓ cooldown (12m/1m since last loss) · ✓ market open · ✓ no open position on NIFTY · ✓ concurrent positions 0/1 · ✓ trades 0/100 · ✗ confidence 70≥80 · ✓ valid price points · ✗ risk-reward 1.4 ≥ 1:2 · ✗ strike 24100.0 not OTM (ATM 24200.0) · ✓ regime 'gap-and-fade' allows ['BUY_CE', 'BUY_PE'] · ✗ timeframe confluence for PE (no-alignment) · ✓ no fresh news-risk block · ✓ daily loss limit (risking ₹3090, day P&L ₹-1700) · ✓ fresh NIFTY data (9s old)
[2026-07-20 12:59:33] [risk] 🔔[LOW] NIFTY: Signal REJECTED (70% conf): ✗ confidence 70≥80; ✗ risk-reward 1.4 ≥ 1:2; ✗ strike 24100.0 not OTM (ATM 24200.0); ✗ timeframe confluence for PE (no-alignment)
[2026-07-20 13:02:38] [strategy] NIFTY: BUY_PE 24100.0 conf 60%
[2026-07-20 13:02:38] [strategy] 🔔[MEDIUM] NIFTY: BUY PE 24100.0 signal generated (confidence 60%)
[2026-07-20 13:02:38] [risk] REJECTED — ✓ autopilot not halted (consecutive losses) · ✓ cooldown (15m/1m since last loss) · ✓ market open · ✓ no open position on NIFTY · ✓ concurrent positions 0/1 · ✓ trades 0/100 · ✗ confidence 60≥80 · ✓ valid price points · ✓ risk-reward 3.0 ≥ 1:2 · ✗ strike 24100.0 not OTM (ATM 24200.0) · ✓ regime 'gap-and-fade' allows ['BUY_CE', 'BUY_PE'] · ✗ timeframe confluence for PE (no-alignment) · ✓ no fresh news-risk block · ✓ daily loss limit (risking ₹2258, day P&L ₹-1700) · ✓ fresh NIFTY data (6s old)
[2026-07-20 13:02:38] [risk] 🔔[LOW] NIFTY: Signal REJECTED (60% conf): ✗ confidence 60≥80; ✗ strike 24100.0 not OTM (ATM 24200.0); ✗ timeframe confluence for PE (no-alignment)
[2026-07-20 13:05:35] [strategy] NIFTY: BUY_PE 24100.0 conf 75%
[2026-07-20 13:05:35] [strategy] 🔔[MEDIUM] NIFTY: BUY PE 24100.0 signal generated (confidence 75%)
[2026-07-20 13:05:38] [risk] REJECTED — ✓ autopilot not halted (consecutive losses) · ✓ cooldown (18m/1m since last loss) · ✓ market open · ✓ no open position on NIFTY · ✓ concurrent positions 0/1 · ✓ trades 0/100 · ✗ confidence 75≥80 · ✓ valid price points · ✗ risk-reward 1.8 ≥ 1:2 · ✗ strike 24100.0 not OTM (ATM 24200.0) · ✓ regime 'gap-and-fade' allows ['BUY_CE', 'BUY_PE'] · ✗ timeframe confluence for PE (no-alignment) · ✓ no fresh news-risk block · ✓ daily loss limit (risking ₹5700, day P&L ₹-1700) · ✓ fresh NIFTY data (4s old)
[2026-07-20 13:05:38] [risk] 🔔[LOW] NIFTY: Signal REJECTED (75% conf): ✗ confidence 75≥80; ✗ risk-reward 1.8 ≥ 1:2; ✗ strike 24100.0 not OTM (ATM 24200.0); ✗ timeframe confluence for PE (no-alignment)
[2026-07-20 13:08:45] [strategy] NIFTY: BUY_PE 24100.0 conf 80%
[2026-07-20 13:08:45] [strategy] 🔔[MEDIUM] NIFTY: BUY PE 24100.0 signal generated (confidence 80%)
[2026-07-20 13:08:49] [risk] REJECTED — ✓ autopilot not halted (consecutive losses) · ✓ cooldown (21m/1m since last loss) · ✓ market open · ✓ no open position on NIFTY · ✓ concurrent positions 0/1 · ✓ trades 0/100 · ✓ confidence 80≥80 · ✓ valid price points · ✗ risk-reward 1.0 ≥ 1:2 · ✗ strike 24100.0 not OTM (ATM 24200.0) · ✓ regime 'gap-and-fade' allows ['BUY_CE', 'BUY_PE'] · ✗ timeframe confluence for PE (no-alignment) · ✓ no fresh news-risk block · ✗ daily loss limit (risking ₹9990, day P&L ₹-1700) · ✓ fresh NIFTY data (8s old)
[2026-07-20 13:08:49] [risk] 🔔[LOW] NIFTY: Signal REJECTED (80% conf): ✗ risk-reward 1.0 ≥ 1:2; ✗ strike 24100.0 not OTM (ATM 24200.0); ✗ timeframe confluence for PE (no-alignment); ✗ daily loss limit (risking ₹9990, day P&L ₹-1700)
[2026-07-20 13:11:10] [strategy] hard-reject reason present; 15-min backoff
[2026-07-20 13:19:36] [orchestrator] restored 16 historical trades (1 today, ₹-1700 realized today)
[2026-07-20 13:19:38] [orchestrator] all 12 agents started on NIFTY+BANKNIFTY+FINNIFTY+SENSEX (PAPER)
[2026-07-20 13:19:40] [regime] NIFTY: skipped (Kotak REST has no candle endpoint here — regime agent needs Dhan; select Dhan or run without regime)
[2026-07-20 13:19:41] [regime] BANKNIFTY: skipped (Kotak REST has no candle endpoint here — regime agent needs Dhan; select Dhan or run without regime)
[2026-07-20 13:19:42] [regime] FINNIFTY: skipped (Kotak REST has no candle endpoint here — regime agent needs Dhan; select Dhan or run without regime)
[2026-07-20 13:19:43] [regime] SENSEX: skipped (Kotak REST has no candle endpoint here — regime agent needs Dhan; select Dhan or run without regime)
[2026-07-20 13:20:30] [news] 🔔[HIGH] : News risk event: Indian indices fell significantly in most of the headlines with Sensex and Nifty dropping by more than 700 points.
[2026-07-20 13:21:34] [strategy] NIFTY: BUY_CE 24100.0 conf 70%
[2026-07-20 13:21:34] [strategy] 🔔[MEDIUM] NIFTY: BUY CE 24100.0 signal generated (confidence 70%)
[2026-07-20 13:21:38] [risk] REJECTED — ✓ autopilot not halted (consecutive losses) · ✓ market open · ✓ no open position on NIFTY · ✓ concurrent positions 0/1 · ✓ trades 1/100 · ✗ confidence 70≥80 · ✓ valid price points · ✓ risk-reward 362.4 ≥ 1:2 · ✓ strike 24100.0 not OTM (ATM 24200.0) · ✓ regime data pending for NIFTY (not blocking) · ✗ news risk active (<5m old) · ✓ daily loss limit (risking ₹9788, day P&L ₹0) · ✓ fresh NIFTY data (1s old)
[2026-07-20 13:21:38] [risk] 🔔[LOW] NIFTY: Signal REJECTED (70% conf): ✗ confidence 70≥80; ✗ news risk active (<5m old)
[2026-07-20 13:24:04] [strategy] NIFTY: BUY_PE 24250.0 conf 70%
[2026-07-20 13:24:04] [strategy] 🔔[MEDIUM] NIFTY: BUY PE 24250.0 signal generated (confidence 70%)
[2026-07-20 13:24:09] [risk] REJECTED — ✓ autopilot not halted (consecutive losses) · ✓ market open · ✓ no open position on NIFTY · ✓ concurrent positions 0/1 · ✓ trades 1/100 · ✗ confidence 70≥80 · ✓ valid price points · ✗ risk-reward 1.8 ≥ 1:2 · ✓ strike 24250.0 not OTM (ATM 24250.0) · ✓ regime data pending for NIFTY (not blocking) · ✗ news risk active (<5m old) · ✓ daily loss limit (risking ₹3517, day P&L ₹0) · ✓ fresh NIFTY data (5s old)
[2026-07-20 13:24:09] [risk] 🔔[LOW] NIFTY: Signal REJECTED (70% conf): ✗ confidence 70≥80; ✗ risk-reward 1.8 ≥ 1:2; ✗ news risk active (<5m old)
[2026-07-20 13:26:40] [strategy] NIFTY: BUY_PE 24250.0 conf 75%
[2026-07-20 13:26:40] [strategy] 🔔[MEDIUM] NIFTY: BUY PE 24250.0 signal generated (confidence 75%)
[2026-07-20 13:26:44] [risk] REJECTED — ✓ autopilot not halted (consecutive losses) · ✓ market open · ✓ no open position on NIFTY · ✓ concurrent positions 0/1 · ✓ trades 1/100 · ✗ confidence 75≥80 · ✓ valid price points · ✓ risk-reward 2.0 ≥ 1:2 · ✓ strike 24250.0 not OTM (ATM 24250.0) · ✓ regime data pending for NIFTY (not blocking) · ✓ no fresh news-risk block · ✓ daily loss limit (risking ₹3532, day P&L ₹0) · ✓ fresh NIFTY data (3s old)
[2026-07-20 13:26:44] [risk] 🔔[LOW] NIFTY: Signal REJECTED (75% conf): ✗ confidence 75≥80
[2026-07-20 13:29:01] [strategy] NIFTY: BUY_PE 24250.0 conf 70%
[2026-07-20 13:29:01] [strategy] 🔔[MEDIUM] NIFTY: BUY PE 24250.0 signal generated (confidence 70%)
[2026-07-20 13:29:04] [risk] REJECTED — ✓ autopilot not halted (consecutive losses) · ✓ market open · ✓ no open position on NIFTY · ✓ concurrent positions 0/1 · ✓ trades 1/100 · ✗ confidence 70≥80 · ✓ valid price points · ✗ risk-reward 1.3 ≥ 1:2 · ✓ strike 24250.0 not OTM (ATM 24250.0) · ✓ regime data pending for NIFTY (not blocking) · ✓ no fresh news-risk block · ✓ daily loss limit (risking ₹3330, day P&L ₹0) · ✓ fresh NIFTY data (3s old)
[2026-07-20 13:29:04] [risk] 🔔[LOW] NIFTY: Signal REJECTED (70% conf): ✗ confidence 70≥80; ✗ risk-reward 1.3 ≥ 1:2
[2026-07-20 13:31:42] [strategy] NIFTY: BUY_PE 24250.0 conf 70%
[2026-07-20 13:31:42] [strategy] 🔔[MEDIUM] NIFTY: BUY PE 24250.0 signal generated (confidence 70%)
[2026-07-20 13:31:44] [risk] REJECTED — ✓ autopilot not halted (consecutive losses) · ✓ market open · ✓ no open position on NIFTY · ✓ concurrent positions 0/1 · ✓ trades 1/100 · ✗ confidence 70≥80 · ✓ valid price points · ✗ risk-reward 1.3 ≥ 1:2 · ✓ strike 24250.0 not OTM (ATM 24250.0) · ✓ regime data pending for NIFTY (not blocking) · ✓ no fresh news-risk block · ✓ daily loss limit (risking ₹3330, day P&L ₹0) · ✓ fresh NIFTY data (3s old)
[2026-07-20 13:31:44] [risk] 🔔[LOW] NIFTY: Signal REJECTED (70% conf): ✗ confidence 70≥80; ✗ risk-reward 1.3 ≥ 1:2
[2026-07-20 13:33:42] [strategy] NIFTY: BUY_PE 24250.0 conf 70%
[2026-07-20 13:33:42] [strategy] 🔔[MEDIUM] NIFTY: BUY PE 24250.0 signal generated (confidence 70%)
[2026-07-20 13:33:44] [risk] REJECTED — ✓ autopilot not halted (consecutive losses) · ✓ market open · ✓ no open position on NIFTY · ✓ concurrent positions 0/1 · ✓ trades 1/100 · ✗ confidence 70≥80 · ✓ valid price points · ✗ risk-reward 1.3 ≥ 1:2 · ✓ strike 24250.0 not OTM (ATM 24250.0) · ✓ regime data pending for NIFTY (not blocking) · ✓ no fresh news-risk block · ✓ daily loss limit (risking ₹3330, day P&L ₹0) · ✓ fresh NIFTY data (3s old)
[2026-07-20 13:33:44] [risk] 🔔[LOW] NIFTY: Signal REJECTED (70% conf): ✗ confidence 70≥80; ✗ risk-reward 1.3 ≥ 1:2
[2026-07-20 13:35:42] [strategy] NIFTY: BUY_PE 24250.0 conf 70%
[2026-07-20 13:35:42] [strategy] 🔔[MEDIUM] NIFTY: BUY PE 24250.0 signal generated (confidence 70%)
[2026-07-20 13:35:45] [risk] REJECTED — ✓ autopilot not halted (consecutive losses) · ✓ market open · ✓ no open position on NIFTY · ✓ concurrent positions 0/1 · ✓ trades 1/100 · ✗ confidence 70≥80 · ✓ valid price points · ✗ risk-reward 1.3 ≥ 1:2 · ✓ strike 24250.0 not OTM (ATM 24250.0) · ✓ regime data pending for NIFTY (not blocking) · ✓ no fresh news-risk block · ✓ daily loss limit (risking ₹3330, day P&L ₹0) · ✓ fresh NIFTY data (0s old)
[2026-07-20 13:35:45] [risk] 🔔[LOW] NIFTY: Signal REJECTED (70% conf): ✗ confidence 70≥80; ✗ risk-reward 1.3 ≥ 1:2
[2026-07-20 13:38:43] [orchestrator] restored 16 historical trades (1 today, ₹-1700 realized today)
[2026-07-20 13:38:45] [orchestrator] all 12 agents started on NIFTY+BANKNIFTY+FINNIFTY+SENSEX (PAPER)
[2026-07-20 13:38:46] [regime] NIFTY: skipped (Kotak REST has no candle endpoint here — regime agent needs Dhan; select Dhan or run without regime)
[2026-07-20 13:38:48] [regime] BANKNIFTY: skipped (Kotak REST has no candle endpoint here — regime agent needs Dhan; select Dhan or run without regime)
[2026-07-20 13:38:49] [regime] FINNIFTY: skipped (Kotak REST has no candle endpoint here — regime agent needs Dhan; select Dhan or run without regime)
[2026-07-20 13:38:50] [regime] SENSEX: skipped (Kotak REST has no candle endpoint here — regime agent needs Dhan; select Dhan or run without regime)
[2026-07-20 13:39:39] [news] 🔔[HIGH] : News risk event: Indian indices fell significantly today due to various factors including weak Asian and US equities, crude oil prices above $90, and announcements affecting specific stocks.
[2026-07-20 13:40:07] [strategy] NIFTY: BUY_PE 24250.0 conf 60%
[2026-07-20 13:40:07] [strategy] 🔔[MEDIUM] NIFTY: BUY PE 24250.0 signal generated (confidence 60%)
[2026-07-20 13:40:10] [risk] REJECTED — ✓ autopilot not halted (consecutive losses) · ✓ market open · ✓ no open position on NIFTY · ✓ concurrent positions 0/1 · ✓ trades 1/100 · ✗ confidence 60≥80 · ✓ valid price points · ✗ risk-reward 1.0 ≥ 1:2 · ✓ strike 24250.0 not OTM (ATM 24250.0) · ✓ regime data pending for NIFTY (not blocking) · ✗ news risk active (<5m old) · ✓ daily loss limit (risking ₹7388, day P&L ₹0) · ✓ fresh NIFTY data (3s old)
[2026-07-20 13:40:10] [risk] 🔔[LOW] NIFTY: Signal REJECTED (60% conf): ✗ confidence 60≥80; ✗ risk-reward 1.0 ≥ 1:2; ✗ news risk active (<5m old)
[2026-07-20 13:42:48] [strategy] NIFTY: BUY_PE 24250.0 conf 70%
[2026-07-20 13:42:48] [strategy] 🔔[MEDIUM] NIFTY: BUY PE 24250.0 signal generated (confidence 70%)
[2026-07-20 13:42:51] [risk] REJECTED — ✓ autopilot not halted (consecutive losses) · ✓ market open · ✓ no open position on NIFTY · ✓ concurrent positions 0/1 · ✓ trades 1/100 · ✗ confidence 70≥80 · ✓ valid price points · ✗ risk-reward 1.9 ≥ 1:2 · ✓ strike 24250.0 not OTM (ATM 24250.0) · ✓ regime data pending for NIFTY (not blocking) · ✗ news risk active (<5m old) · ✓ daily loss limit (risking ₹3488, day P&L ₹0) · ✓ fresh NIFTY data (2s old)
[2026-07-20 13:42:51] [risk] 🔔[LOW] NIFTY: Signal REJECTED (70% conf): ✗ confidence 70≥80; ✗ risk-reward 1.9 ≥ 1:2; ✗ news risk active (<5m old)
[2026-07-20 13:45:07] [strategy] NIFTY: BUY_CE 24250 conf 60%
[2026-07-20 13:45:07] [strategy] 🔔[MEDIUM] NIFTY: BUY CE 24250 signal generated (confidence 60%)
[2026-07-20 13:45:11] [risk] REJECTED — ✓ autopilot not halted (consecutive losses) · ✓ market open · ✓ no open position on NIFTY · ✓ concurrent positions 0/1 · ✓ trades 1/100 · ✗ confidence 60≥80 · ✓ valid price points · ✗ risk-reward 1.8 ≥ 1:2 · ✓ strike 24250 not OTM (ATM 24250.0) · ✓ regime data pending for NIFTY (not blocking) · ✓ no fresh news-risk block · ✓ daily loss limit (risking ₹1425, day P&L ₹0) · ✓ fresh NIFTY data (1s old)
[2026-07-20 13:45:11] [risk] 🔔[LOW] NIFTY: Signal REJECTED (60% conf): ✗ confidence 60≥80; ✗ risk-reward 1.8 ≥ 1:2
[2026-07-20 13:48:52] [strategy] NIFTY: BUY_CE 24250.0 conf 60%
[2026-07-20 13:48:52] [strategy] 🔔[MEDIUM] NIFTY: BUY CE 24250.0 signal generated (confidence 60%)
[2026-07-20 13:48:56] [risk] REJECTED — ✓ autopilot not halted (consecutive losses) · ✓ market open · ✓ no open position on NIFTY · ✓ concurrent positions 0/1 · ✓ trades 1/100 · ✗ confidence 60≥80 · ✓ valid price points · ✗ risk-reward 1.8 ≥ 1:2 · ✓ strike 24250.0 not OTM (ATM 24250.0) · ✓ regime data pending for NIFTY (not blocking) · ✓ no fresh news-risk block · ✓ daily loss limit (risking ₹3690, day P&L ₹0) · ✓ fresh NIFTY data (3s old)
[2026-07-20 13:48:56] [risk] 🔔[LOW] NIFTY: Signal REJECTED (60% conf): ✗ confidence 60≥80; ✗ risk-reward 1.8 ≥ 1:2
[2026-07-20 13:52:22] [strategy] NIFTY: BUY_PE 24250.0 conf 60%
[2026-07-20 13:52:22] [strategy] 🔔[MEDIUM] NIFTY: BUY PE 24250.0 signal generated (confidence 60%)
[2026-07-20 13:52:26] [risk] REJECTED — ✓ autopilot not halted (consecutive losses) · ✓ market open · ✓ no open position on NIFTY · ✓ concurrent positions 0/1 · ✓ trades 1/100 · ✗ confidence 60≥80 · ✓ valid price points · ✗ risk-reward 1.4 ≥ 1:2 · ✓ strike 24250.0 not OTM (ATM 24250.0) · ✓ regime data pending for NIFTY (not blocking) · ✓ no fresh news-risk block · ✓ daily loss limit (risking ₹6548, day P&L ₹0) · ✓ fresh NIFTY data (2s old)
[2026-07-20 13:52:26] [risk] 🔔[LOW] NIFTY: Signal REJECTED (60% conf): ✗ confidence 60≥80; ✗ risk-reward 1.4 ≥ 1:2
[2026-07-20 13:53:10] [risk] REJECTED manual order — ✓ autopilot not halted (consecutive losses) · ✓ market open · ✓ no open position on NIFTY · ✓ concurrent positions 0/1 · ✓ trades 1/100 · ✗ confidence 60≥80 · ✓ valid price points · ✗ risk-reward 1.4 ≥ 1:2 · ✓ strike 24250.0 not OTM (ATM 24250.0) · ✓ regime data pending for NIFTY (not blocking) · ✓ no fresh news-risk block · ✓ daily loss limit (risking ₹6548, day P&L ₹0) · ✓ fresh NIFTY data (3s old)
[2026-07-20 13:54:48] [strategy] NIFTY: BUY_PE 24250.0 conf 60%
[2026-07-20 13:54:48] [strategy] 🔔[MEDIUM] NIFTY: BUY PE 24250.0 signal generated (confidence 60%)
[2026-07-20 13:54:51] [risk] REJECTED — ✓ autopilot not halted (consecutive losses) · ✓ market open · ✓ no open position on NIFTY · ✓ concurrent positions 0/1 · ✓ trades 1/100 · ✗ confidence 60≥80 · ✓ valid price points · ✗ risk-reward 1.4 ≥ 1:2 · ✓ strike 24250.0 not OTM (ATM 24250.0) · ✓ regime data pending for NIFTY (not blocking) · ✓ no fresh news-risk block · ✓ daily loss limit (risking ₹6548, day P&L ₹0) · ✓ fresh NIFTY data (4s old)
[2026-07-20 13:54:51] [risk] 🔔[LOW] NIFTY: Signal REJECTED (60% conf): ✗ confidence 60≥80; ✗ risk-reward 1.4 ≥ 1:2
[2026-07-20 13:57:54] [orchestrator] restored 16 historical trades (1 today, ₹-1700 realized today)
[2026-07-20 13:57:56] [orchestrator] all 12 agents started on NIFTY+BANKNIFTY+FINNIFTY+SENSEX (PAPER)
[2026-07-20 13:57:58] [regime] NIFTY: skipped (Kotak REST has no candle endpoint here — regime agent needs Dhan; select Dhan or run without regime)
[2026-07-20 13:57:59] [regime] BANKNIFTY: skipped (Kotak REST has no candle endpoint here — regime agent needs Dhan; select Dhan or run without regime)
[2026-07-20 13:58:00] [regime] FINNIFTY: skipped (Kotak REST has no candle endpoint here — regime agent needs Dhan; select Dhan or run without regime)
[2026-07-20 13:58:01] [regime] SENSEX: skipped (Kotak REST has no candle endpoint here — regime agent needs Dhan; select Dhan or run without regime)
[2026-07-20 13:58:26] [news] 🔔[HIGH] : News risk event: Indian stock indices (Nifty and Sensex) experienced significant declines in the recent news headlines.
[2026-07-20 13:59:38] [strategy] NIFTY: BUY_CE 24250.0 conf 70%
[2026-07-20 13:59:38] [strategy] 🔔[MEDIUM] NIFTY: BUY CE 24250.0 signal generated (confidence 70%)
[2026-07-20 13:59:41] [risk] REJECTED — ✓ autopilot not halted (consecutive losses) · ✓ market open · ✓ no open position on NIFTY · ✓ concurrent positions 0/1 · ✓ trades 1/100 · ✗ confidence 70≥80 · ✓ valid price points · ✗ risk-reward 1.5 ≥ 1:2 · ✓ strike 24250.0 not OTM (ATM 24250.0) · ✓ regime data pending for NIFTY (not blocking) · ✗ news risk active (<5m old) · ✓ daily loss limit (risking ₹3652, day P&L ₹0) · ✓ fresh NIFTY data (2s old)
[2026-07-20 13:59:41] [risk] 🔔[LOW] NIFTY: Signal REJECTED (70% conf): ✗ confidence 70≥80; ✗ risk-reward 1.5 ≥ 1:2; ✗ news risk active (<5m old)
[2026-07-20 14:01:58] [strategy] NIFTY: BUY_CE|BUY_PE 24250.0 conf 60%
[2026-07-20 14:01:58] [strategy] 🔔[MEDIUM] NIFTY: BUY CE|BUY PE 24250.0 signal generated (confidence 60%)
[2026-07-20 14:02:02] [risk] REJECTED — ✓ autopilot not halted (consecutive losses) · ✓ market open · ✓ no open position on NIFTY · ✓ concurrent positions 0/1 · ✓ trades 1/100 · ✗ confidence 60≥80 · ✓ valid price points · ✗ risk-reward 1.1 ≥ 1:2 · ✓ regime data pending for NIFTY (not blocking) · ✗ news risk active (<5m old) · ✓ daily loss limit (risking ₹5542, day P&L ₹0) · ✓ fresh NIFTY data (3s old)
[2026-07-20 14:02:02] [risk] 🔔[LOW] NIFTY: Signal REJECTED (60% conf): ✗ confidence 60≥80; ✗ risk-reward 1.1 ≥ 1:2; ✗ news risk active (<5m old)
[2026-07-20 14:05:20] [strategy] BANKNIFTY: BUY_CE 58000.0 conf 70%
[2026-07-20 14:05:20] [strategy] 🔔[MEDIUM] BANKNIFTY: BUY CE 58000.0 signal generated (confidence 70%)
[2026-07-20 14:05:22] [risk] REJECTED — ✓ autopilot not halted (consecutive losses) · ✓ market open · ✓ no open position on BANKNIFTY · ✓ concurrent positions 0/1 · ✓ trades 1/100 · ✗ confidence 70≥80 · ✓ valid price points · ✗ risk-reward 1.0 ≥ 1:2 · ✓ strike 58000.0 not OTM (ATM 58000.0) · ✓ regime data pending for BANKNIFTY (not blocking) · ✓ no fresh news-risk block · ✓ daily loss limit (risking ₹7200, day P&L ₹0) · ✓ fresh BANKNIFTY data (6s old)
[2026-07-20 14:05:22] [risk] 🔔[LOW] BANKNIFTY: Signal REJECTED (70% conf): ✗ confidence 70≥80; ✗ risk-reward 1.0 ≥ 1:2
[2026-07-20 14:06:00] [risk] REJECTED manual order — ✓ autopilot not halted (consecutive losses) · ✓ market open · ✓ no open position on BANKNIFTY · ✓ concurrent positions 0/1 · ✓ trades 1/100 · ✗ confidence 70≥80 · ✓ valid price points · ✗ risk-reward 1.0 ≥ 1:2 · ✓ strike 58000.0 not OTM (ATM 58000.0) · ✓ regime data pending for BANKNIFTY (not blocking) · ✓ no fresh news-risk block · ✓ daily loss limit (risking ₹7200, day P&L ₹0) · ✓ fresh BANKNIFTY data (6s old)
[2026-07-20 14:08:01] [strategy] BANKNIFTY: BUY_CE 57900.0 conf 75%
[2026-07-20 14:08:01] [strategy] 🔔[MEDIUM] BANKNIFTY: BUY CE 57900.0 signal generated (confidence 75%)
[2026-07-20 14:08:02] [risk] REJECTED — ✓ autopilot not halted (consecutive losses) · ✓ market open · ✓ no open position on BANKNIFTY · ✓ concurrent positions 0/1 · ✓ trades 1/100 · ✗ confidence 75≥80 · ✓ valid price points · ✗ risk-reward 0.7 ≥ 1:2 · ✓ strike 57900.0 not OTM (ATM 58000.0) · ✓ regime data pending for BANKNIFTY (not blocking) · ✓ no fresh news-risk block · ✗ daily loss limit (risking ₹14526, day P&L ₹0) · ✓ fresh BANKNIFTY data (3s old)
[2026-07-20 14:08:02] [risk] 🔔[LOW] BANKNIFTY: Signal REJECTED (75% conf): ✗ confidence 75≥80; ✗ risk-reward 0.7 ≥ 1:2; ✗ daily loss limit (risking ₹14526, day P&L ₹0)
[2026-07-20 14:10:01] [strategy] hard-reject reason present; 15-min backoff
[2026-07-20 14:12:00] [execution] NIFTY spread sizing: fixed (dynamic sizing off)
[2026-07-20 14:12:00] [execution] 📄 PAPER SPREAD bull_put_spread NIFTY: SELL 24200 PE @ ₹50.1 · BUY 24100 PE @ ₹24.8 · credit ₹25.3 x 150
[2026-07-20 14:12:00] [execution] 🔔[MEDIUM] NIFTY: Spread opened: bull_put_spread credit ₹25.3
[2026-07-20 14:12:00] [execution] SENSEX spread sizing: fixed (dynamic sizing off)
[2026-07-20 14:12:00] [execution] 📄 PAPER SPREAD bull_put_spread SENSEX: SELL 77500 PE @ ₹301.75 · BUY 77300 PE @ ₹236.6 · credit ₹65.15 x 40
[2026-07-20 14:12:00] [execution] 🔔[MEDIUM] SENSEX: Spread opened: bull_put_spread credit ₹65.15
[2026-07-20 14:19:57] [price_action] SENSEX: vwap_pullback -> BUY_CE (pullback to anchor 77692, resumed up)
[2026-07-20 14:19:57] [risk] APPROVED — ✓ autopilot not halted (consecutive losses) · ✓ market open · ✓ no open position on SENSEX · ✓ concurrent positions 0/10 · ✓ trades 1/100 · ✓ confidence 74≥70 · ✓ valid price points · ✓ risk-reward 2.0 ≥ 1:2 · ✓ strike 77800.0 not OTM (ATM 77800.0) · ✓ regime 'trending-up' allows ['BUY_CE'] · ✓ timeframe confluence for CE (mixed-bull) · ✓ no fresh news-risk block · ✓ daily loss limit (risking ₹4152, day P&L ₹0) · ✓ fresh SENSEX data (5s old)
[2026-07-20 14:19:57] [risk] 🔔[HIGH] SENSEX: Order APPROVED: BUY CE 77800.0 — awaiting execution
[2026-07-20 14:19:58] [execution] SENSEX sizing: ₹1000 risk budget (1.0% of ₹100,000) / ₹2076 risk-per-lot = 1 lot(s), capped at 10
[2026-07-20 14:19:58] [execution] 📄 PAPER BUY 20 x SENSEX 77800.0 CE @ ₹415.3
[2026-07-20 14:19:58] [execution] 🔔[HIGH] SENSEX: PAPER entry: BUY 20 x SENSEX 77800.0 CE @ ₹415.3
[2026-07-20 14:25:13] [strategy] BANKNIFTY: BUY_PE 58100.0 conf 70%
[2026-07-20 14:25:13] [strategy] 🔔[MEDIUM] BANKNIFTY: BUY PE 58100.0 signal generated (confidence 70%)
[2026-07-20 14:25:18] [risk] REJECTED — ✓ autopilot not halted (consecutive losses) · ✓ market open · ✓ no open position on BANKNIFTY · ✓ concurrent positions 1/10 · ✓ trades 2/100 · ✓ confidence 70≥70 · ✓ valid price points · ✗ risk-reward 1.0 ≥ 1:2 · ✓ strike 58100.0 not OTM (ATM 58100.0) · ✗ regime 'trending-up' allows ['BUY_CE'] · ✗ timeframe confluence for PE (mixed-bull) · ✓ no fresh news-risk block · ✓ daily loss limit (risking ₹7113, day P&L ₹0) · ✓ fresh BANKNIFTY data (2s old)
[2026-07-20 14:25:18] [risk] 🔔[LOW] BANKNIFTY: Signal REJECTED (70% conf): ✗ risk-reward 1.0 ≥ 1:2; ✗ regime 'trending-up' allows ['BUY_CE']; ✗ timeframe confluence for PE (mixed-bull)
[2026-07-20 14:25:51] [risk] REJECTED manual order — ✓ autopilot not halted (consecutive losses) · ✓ market open · ✓ no open position on NIFTY · ✓ concurrent positions 1/10 · ✓ trades 2/100 · ✓ confidence 80≥70 · ✓ valid price points · ✗ risk-reward 0.5 ≥ 1:2 · ✓ strike 24250.0 not OTM (ATM 24250.0) · ✓ regime 'trending-up' allows ['BUY_CE'] · ✗ timeframe confluence for CE (no-alignment) · ✓ no fresh news-risk block · ✓ daily loss limit (risking ₹5865, day P&L ₹0) · ✓ fresh NIFTY data (8s old)
[2026-07-20 14:28:26] [strategy] NIFTY: BUY_CE|BUY_PE 24250.0 conf 70%
[2026-07-20 14:28:26] [strategy] 🔔[MEDIUM] NIFTY: BUY CE|BUY PE 24250.0 signal generated (confidence 70%)
[2026-07-20 14:28:28] [risk] REJECTED — ✓ autopilot not halted (consecutive losses) · ✓ market open · ✓ no open position on NIFTY · ✓ concurrent positions 1/10 · ✓ trades 2/100 · ✓ confidence 70≥70 · ✓ valid price points · ✗ risk-reward 1.8 ≥ 1:2 · ✗ regime 'trending-up' allows ['BUY_CE'] · ✓ no fresh news-risk block · ✓ daily loss limit (risking ₹6525, day P&L ₹0) · ✓ fresh NIFTY data (8s old)
[2026-07-20 14:28:28] [risk] 🔔[LOW] NIFTY: Signal REJECTED (70% conf): ✗ risk-reward 1.8 ≥ 1:2; ✗ regime 'trending-up' allows ['BUY_CE']
[2026-07-20 14:31:28] [strategy] NIFTY: BUY_PE 24250.0 conf 80%
[2026-07-20 14:31:28] [strategy] 🔔[MEDIUM] NIFTY: BUY PE 24250.0 signal generated (confidence 80%)
[2026-07-20 14:31:33] [risk] REJECTED — ✓ autopilot not halted (consecutive losses) · ✓ market open · ✓ no open position on NIFTY · ✓ concurrent positions 1/10 · ✓ trades 2/100 · ✓ confidence 80≥70 · ✓ valid price points · ✗ risk-reward 1.7 ≥ 1:2 · ✓ strike 24250.0 not OTM (ATM 24250.0) · ✗ regime 'trending-up' allows ['BUY_CE'] · ✗ timeframe confluence for PE (no-alignment) · ✓ no fresh news-risk block · ✓ daily loss limit (risking ₹5280, day P&L ₹0) · ✓ fresh NIFTY data (7s old)
[2026-07-20 14:31:33] [risk] 🔔[LOW] NIFTY: Signal REJECTED (80% conf): ✗ risk-reward 1.7 ≥ 1:2; ✗ regime 'trending-up' allows ['BUY_CE']; ✗ timeframe confluence for PE (no-alignment)
[2026-07-20 14:34:13] [strategy] NIFTY: BUY_PE 24250.0 conf 70%
[2026-07-20 14:34:13] [strategy] 🔔[MEDIUM] NIFTY: BUY PE 24250.0 signal generated (confidence 70%)
[2026-07-20 14:34:18] [risk] REJECTED — ✓ autopilot not halted (consecutive losses) · ✓ market open · ✓ no open position on NIFTY · ✓ concurrent positions 1/10 · ✓ trades 2/100 · ✓ confidence 70≥70 · ✓ valid price points · ✓ risk-reward 4.0 ≥ 1:2 · ✓ strike 24250.0 not OTM (ATM 24250.0) · ✓ regime 'mixed' allows ['BUY_CE', 'BUY_PE'] · ✗ timeframe confluence for PE (no-alignment) · ✓ no fresh news-risk block · ✓ daily loss limit (risking ₹750, day P&L ₹0) · ✓ fresh NIFTY data (8s old)
[2026-07-20 14:34:18] [risk] 🔔[LOW] NIFTY: Signal REJECTED (70% conf): ✗ timeframe confluence for PE (no-alignment)
[2026-07-20 14:36:31] [strategy] NIFTY: BUY_PE 24250.0 conf 70%
[2026-07-20 14:36:31] [strategy] 🔔[MEDIUM] NIFTY: BUY PE 24250.0 signal generated (confidence 70%)
[2026-07-20 14:36:33] [risk] REJECTED — ✓ autopilot not halted (consecutive losses) · ✓ market open · ✓ no open position on NIFTY · ✓ concurrent positions 1/10 · ✓ trades 2/100 · ✓ confidence 70≥70 · ✓ valid price points · ✗ risk-reward 1.1 ≥ 1:2 · ✓ strike 24250.0 not OTM (ATM 24250.0) · ✗ regime is choppy — avoid directional buys · ✗ timeframe confluence for PE (no-alignment) · ✓ no fresh news-risk block · ✓ daily loss limit (risking ₹7875, day P&L ₹0) · ✓ fresh NIFTY data (5s old)
[2026-07-20 14:36:33] [risk] 🔔[LOW] NIFTY: Signal REJECTED (70% conf): ✗ risk-reward 1.1 ≥ 1:2; ✗ regime is choppy — avoid directional buys; ✗ timeframe confluence for PE (no-alignment)
[2026-07-20 14:39:32] [strategy] NIFTY: BUY_PE 24250.0 conf 70%
[2026-07-20 14:39:32] [strategy] 🔔[MEDIUM] NIFTY: BUY PE 24250.0 signal generated (confidence 70%)
[2026-07-20 14:39:33] [risk] REJECTED — ✓ autopilot not halted (consecutive losses) · ✓ market open · ✓ no open position on NIFTY · ✓ concurrent positions 1/10 · ✓ trades 2/100 · ✓ confidence 70≥70 · ✓ valid price points · ✗ risk-reward 0.6 ≥ 1:2 · ✓ strike 24250.0 not OTM (ATM 24250.0) · ✗ regime is choppy — avoid directional buys · ✗ timeframe confluence for PE (no-alignment) · ✓ no fresh news-risk block · ✓ daily loss limit (risking ₹7500, day P&L ₹0) · ✓ fresh NIFTY data (0s old)
[2026-07-20 14:39:33] [risk] 🔔[LOW] NIFTY: Signal REJECTED (70% conf): ✗ risk-reward 0.6 ≥ 1:2; ✗ regime is choppy — avoid directional buys; ✗ timeframe confluence for PE (no-alignment)
[2026-07-20 14:42:51] [strategy] NIFTY: BUY_PE 24250.0 conf 70%
[2026-07-20 14:42:51] [strategy] 🔔[MEDIUM] NIFTY: BUY PE 24250.0 signal generated (confidence 70%)
[2026-07-20 14:42:54] [risk] REJECTED — ✓ autopilot not halted (consecutive losses) · ✓ market open · ✓ no open position on NIFTY · ✓ concurrent positions 1/10 · ✓ trades 2/100 · ✓ confidence 70≥70 · ✓ valid price points · ✓ risk-reward 2.0 ≥ 1:2 · ✓ strike 24250.0 not OTM (ATM 24250.0) · ✗ regime is choppy — avoid directional buys · ✗ timeframe confluence for PE (no-alignment) · ✓ no fresh news-risk block · ✓ daily loss limit (risking ₹3555, day P&L ₹0) · ✓ fresh NIFTY data (8s old)
[2026-07-20 14:42:54] [risk] 🔔[LOW] NIFTY: Signal REJECTED (70% conf): ✗ regime is choppy — avoid directional buys; ✗ timeframe confluence for PE (no-alignment)
[2026-07-20 14:44:03] [risk] REJECTED manual order — ✓ autopilot not halted (consecutive losses) · ✓ market open · ✓ no open position on NIFTY · ✓ concurrent positions 1/10 · ✓ trades 2/100 · ✓ confidence 75≥70 · ✓ valid price points · ✗ risk-reward 1.0 ≥ 1:2 · ✓ strike 24250.0 not OTM (ATM 24250.0) · ✗ regime is choppy — avoid directional buys · ✗ timeframe confluence for PE (no-alignment) · ✓ no fresh news-risk block · ✓ daily loss limit (risking ₹3188, day P&L ₹0) · ✓ fresh NIFTY data (3s old)
[2026-07-20 14:45:39] [strategy] NIFTY: BUY_CE|BUY_PE 24250.0 conf 70%
[2026-07-20 14:45:39] [strategy] 🔔[MEDIUM] NIFTY: BUY CE|BUY PE 24250.0 signal generated (confidence 70%)
[2026-07-20 14:45:39] [risk] REJECTED — ✓ autopilot not halted (consecutive losses) · ✓ market open · ✓ no open position on NIFTY · ✓ concurrent positions 1/10 · ✓ trades 2/100 · ✓ confidence 70≥70 · ✓ valid price points · ✗ risk-reward 0.6 ≥ 1:2 · ✗ regime is choppy — avoid directional buys · ✓ no fresh news-risk block · ✓ daily loss limit (risking ₹7500, day P&L ₹0) · ✓ fresh NIFTY data (0s old)
[2026-07-20 14:45:39] [risk] 🔔[LOW] NIFTY: Signal REJECTED (70% conf): ✗ risk-reward 0.6 ≥ 1:2; ✗ regime is choppy — avoid directional buys
[2026-07-20 14:46:58] [price_action] NIFTY: vwap_pullback -> BUY_CE (pullback to anchor 24216, resumed up)
[2026-07-20 14:46:59] [risk] REJECTED — ✓ autopilot not halted (consecutive losses) · ✓ market open · ✓ no open position on NIFTY · ✓ concurrent positions 1/10 · ✓ trades 2/100 · ✓ confidence 74≥70 · ✓ valid price points · ✓ risk-reward 2.0 ≥ 1:2 · ✓ strike 24250.0 not OTM (ATM 24250.0) · ✗ regime is choppy — avoid directional buys · ✗ timeframe confluence for CE (no-alignment) · ✓ no fresh news-risk block · ✓ daily loss limit (risking ₹2625, day P&L ₹0) · ✓ fresh NIFTY data (18s old)
[2026-07-20 14:46:59] [risk] 🔔[LOW] NIFTY: Signal REJECTED (74% conf): ✗ regime is choppy — avoid directional buys; ✗ timeframe confluence for CE (no-alignment)
[2026-07-20 15:07:59] [price_action] NIFTY: orb -> BUY_CE (broke OR high 24230 (range 51))
[2026-07-20 15:08:00] [risk] REJECTED — ✓ autopilot not halted (consecutive losses) · ✓ market open · ✓ no open position on NIFTY · ✓ concurrent positions 1/10 · ✓ trades 2/100 · ✓ confidence 74≥70 · ✓ valid price points · ✓ risk-reward 2.0 ≥ 1:2 · ✓ strike 24250.0 not OTM (ATM 24250.0) · ✓ regime 'trending-up' allows ['BUY_CE'] · ✗ timeframe confluence for CE (no-alignment) · ✓ no fresh news-risk block · ✓ daily loss limit (risking ₹2565, day P&L ₹0) · ✓ fresh NIFTY data (17s old)
[2026-07-20 15:08:00] [risk] 🔔[LOW] NIFTY: Signal REJECTED (74% conf): ✗ timeframe confluence for CE (no-alignment)
[2026-07-20 15:23:59] [price_action] NIFTY: vwap_pullback -> BUY_CE (pullback to anchor 24213, resumed up)
[2026-07-20 15:24:01] [risk] REJECTED — ✓ autopilot not halted (consecutive losses) · ✓ market open · ✓ no open position on NIFTY · ✓ concurrent positions 1/10 · ✓ trades 2/100 · ✓ confidence 74≥70 · ✓ valid price points · ✓ risk-reward 2.0 ≥ 1:2 · ✓ strike 24250.0 not OTM (ATM 24250.0) · ✓ regime 'trending-up' allows ['BUY_CE'] · ✗ timeframe confluence for CE (no-alignment) · ✓ no fresh news-risk block · ✓ daily loss limit (risking ₹2715, day P&L ₹0) · ✓ fresh NIFTY data (15s old)
[2026-07-20 15:24:01] [risk] 🔔[LOW] NIFTY: Signal REJECTED (74% conf): ✗ timeframe confluence for CE (no-alignment)
[2026-07-20 15:31:00] [execution] 📄 SPREAD CLOSED bull_put_spread NIFTY — market closing — squaring off spread · gross ₹270 - fees ₹320 = net ₹-50
[2026-07-20 15:31:00] [execution] 🔔[HIGH] NIFTY: Spread closed — market closing — squaring off spread — net ₹-50
[2026-07-20 15:31:00] [execution] 📄 SPREAD CLOSED bull_put_spread SENSEX — market closing — squaring off spread · gross ₹60 - fees ₹320 = net ₹-260
[2026-07-20 15:31:00] [execution] 🔔[HIGH] SENSEX: Spread closed — market closing — squaring off spread — net ₹-260
[2026-07-20 15:38:19] [learning] journal: 18 trades, P&L ₹-6932
[2026-07-20 16:31:03] [backtest] backtest NIFTY: 'iv'
[2026-07-20 16:31:03] [backtest] backtest BANKNIFTY: 'iv'
[2026-07-20 16:31:03] [backtest] backtest FINNIFTY: 'iv'
[2026-07-20 16:31:16] [backtest] ⚠ 'iv'
[2026-07-20 16:45:26] [news] 🔔[HIGH] : News risk event: Indian stock indices (Sensex and Nifty) experienced significant declines in the recent news headlines.
[2026-07-20 18:16:18] [news] 🔔[HIGH] : News risk event: Indian indices (Nifty and Sensex) experienced significant declines across various news headlines.
[2026-07-20 18:30:13] [market_data] SENSEX: Dhan says 401 Unauthorized — your access token has expired; generate a new one at web.dhan.co and update DHAN_ACCESS_TOKEN.
[2026-07-20 18:30:16] [market_data] NIFTY: Dhan says 401 Unauthorized — your access token has expired; generate a new one at web.dhan.co and update DHAN_ACCESS_TOKEN.
[2026-07-20 20:55:03] [market_data] SENSEX: Dhan says 401 Unauthorized — your access token has expired; generate a new one at web.dhan.co and update DHAN_ACCESS_TOKEN.
[2026-07-20 20:55:15] [market_data] NIFTY: Dhan says 401 Unauthorized — your access token has expired; generate a new one at web.dhan.co and update DHAN_ACCESS_TOKEN.
[2026-07-20 20:57:40] [news] 🔔[HIGH] : News risk event: Most headlines indicate declines in Indian indices with some exceptions
[2026-07-20 20:58:43] [orchestrator] restored 18 historical trades (3 today, ₹-2010 realized today)
[2026-07-20 20:58:46] [orchestrator] all 12 agents started on NIFTY+BANKNIFTY+FINNIFTY+SENSEX (PAPER)
[2026-07-20 20:58:46] [market_data] NIFTY: Dhan says 401 Unauthorized — your access token has expired; generate a new one at web.dhan.co and update DHAN_ACCESS_TOKEN.
[2026-07-20 20:58:49] [market_data] BANKNIFTY: Dhan says 401 Unauthorized — your access token has expired; generate a new one at web.dhan.co and update DHAN_ACCESS_TOKEN.
[2026-07-20 20:58:52] [news] 🔔[HIGH] : News risk event: Most headlines indicate declines or mixed performance of Indian indices.
[2026-07-20 20:58:56] [market_data] FINNIFTY: Dhan says 401 Unauthorized — your access token has expired; generate a new one at web.dhan.co and update DHAN_ACCESS_TOKEN.
[2026-07-20 20:59:07] [learning] journal: 18 trades, P&L ₹-6932
[2026-07-20 20:59:08] [market_data] SENSEX: Dhan says 401 Unauthorized — your access token has expired; generate a new one at web.dhan.co and update DHAN_ACCESS_TOKEN.
[2026-07-20 20:59:26] [backtest] NIFTY bear_call_spread v2 kept but NOT enabled — net ₹-513 / 1t
[2026-07-20 20:59:27] [backtest] BANKNIFTY bull_put_spread v2 kept but NOT enabled — net ₹478 / 1t
[2026-07-20 20:59:27] [backtest] BANKNIFTY bear_call_spread: candidate (₹-103) didn't clear the 15% improvement bar over ₹-103 — not kept
[2026-07-20 20:59:27] [backtest] FINNIFTY bear_call_spread: candidate (₹-883) didn't clear the 15% improvement bar over ₹-883 — not kept
[2026-07-20 20:59:27] [backtest] NIFTY orb: net ₹-66555 over 250d at 1.46 t/d — tightening but already at filter bound — no further tuning possible
[2026-07-20 20:59:27] [backtest] NIFTY vwap_pullback: net ₹-34345 over 250d at 1.92 t/d — tightening but already at filter bound — no further tuning possible
[2026-07-20 20:59:27] [backtest] NIFTY ema_mtf: v1 already profitable (₹21895/163t) — leaving parameters as-is
[2026-07-20 20:59:27] [backtest] BANKNIFTY orb: v1 already profitable (₹9755/353t) — leaving parameters as-is
[2026-07-20 20:59:27] [backtest] BANKNIFTY vwap_pullback: v1 already profitable (₹9410/523t) — leaving parameters as-is
[2026-07-20 20:59:27] [backtest] BANKNIFTY ema_mtf: v1 already profitable (₹14796/153t) — leaving parameters as-is
[2026-07-20 20:59:27] [backtest] FINNIFTY orb: v1 already profitable (₹72885/331t) — leaving parameters as-is
[2026-07-20 20:59:27] [backtest] FINNIFTY vwap_pullback: v1 already profitable (₹1311/535t) — leaving parameters as-is
[2026-07-20 20:59:27] [backtest] FINNIFTY ema_mtf: net ₹-2572 over 250d at 0.66 t/d — tightening but already at filter bound — no further tuning possible
[2026-07-20 20:59:27] [backtest] SENSEX orb: v1 already profitable (₹259/340t) — leaving parameters as-is
[2026-07-20 20:59:27] [backtest] SENSEX vwap_pullback: v1 already profitable (₹22564/486t) — leaving parameters as-is
[2026-07-20 20:59:27] [backtest] SENSEX ema_mtf: v1 already profitable (₹398/167t) — leaving parameters as-is
[2026-07-20 20:59:27] [backtest] backtest complete: NIFTY, BANKNIFTY, FINNIFTY, SENSEX
[2026-07-20 21:45:53] [orchestrator] restored 18 historical trades (3 today, ₹-2010 realized today)
[2026-07-20 21:45:55] [orchestrator] all 12 agents started on NIFTY+BANKNIFTY+FINNIFTY+SENSEX (PAPER)
[2026-07-20 21:46:20] [news] 🔔[HIGH] : News risk event: Indian indices fell significantly due to geopolitical tensions and weak global cues.
[2026-07-20 21:46:38] [learning] journal: 18 trades, P&L ₹-6932
[2026-07-20 22:32:44] [backtest] NIFTY bear_call_spread v3 kept but NOT enabled — net ₹0 / 0t
[2026-07-20 22:32:45] [backtest] BANKNIFTY bull_put_spread v3 kept but NOT enabled — net ₹478 / 1t
[2026-07-20 22:32:45] [backtest] BANKNIFTY bear_call_spread: candidate (₹-103) didn't clear the 15% improvement bar over ₹-103 — not kept
[2026-07-20 22:32:45] [backtest] FINNIFTY bear_call_spread: candidate (₹-883) didn't clear the 15% improvement bar over ₹-883 — not kept
[2026-07-20 22:32:45] [backtest] NIFTY orb: net ₹-66555 over 250d at 1.46 t/d — tightening but already at filter bound — no further tuning possible
[2026-07-20 22:32:45] [backtest] NIFTY vwap_pullback: net ₹-34345 over 250d at 1.92 t/d — tightening but already at filter bound — no further tuning possible
[2026-07-20 22:32:45] [backtest] NIFTY ema_mtf: v1 already profitable (₹21895/163t) — leaving parameters as-is
[2026-07-20 22:32:45] [backtest] BANKNIFTY orb: v1 already profitable (₹9755/353t) — leaving parameters as-is
[2026-07-20 22:32:45] [backtest] BANKNIFTY vwap_pullback: v1 already profitable (₹9410/523t) — leaving parameters as-is
[2026-07-20 22:32:45] [backtest] BANKNIFTY ema_mtf: v1 already profitable (₹14796/153t) — leaving parameters as-is
[2026-07-20 22:32:45] [backtest] FINNIFTY orb: v1 already profitable (₹72885/331t) — leaving parameters as-is
[2026-07-20 22:32:45] [backtest] FINNIFTY vwap_pullback: v1 already profitable (₹1311/535t) — leaving parameters as-is
[2026-07-20 22:32:45] [backtest] FINNIFTY ema_mtf: net ₹-2572 over 250d at 0.66 t/d — tightening but already at filter bound — no further tuning possible
[2026-07-20 22:32:46] [backtest] SENSEX orb: v1 already profitable (₹259/340t) — leaving parameters as-is
[2026-07-20 22:32:46] [backtest] SENSEX vwap_pullback: v1 already profitable (₹22564/486t) — leaving parameters as-is
[2026-07-20 22:32:46] [backtest] SENSEX ema_mtf: v1 already profitable (₹398/167t) — leaving parameters as-is
[2026-07-20 22:32:46] [backtest] backtest complete: NIFTY, BANKNIFTY, FINNIFTY, SENSEX
[2026-07-21 01:02:38] [market_data] NIFTY: ("Connection broken: ConnectionResetError(54, 'Connection reset by peer')", ConnectionResetError(54, 'Connection reset by peer'))
[2026-07-21 07:01:02] [market_data] SENSEX: ('Connection aborted.', ConnectionResetError(54, 'Connection reset by peer'))
[2026-07-21 07:43:30] [market_data] SENSEX: 502 Server Error: Bad Gateway for url: https://api.dhan.co/v2/optionchain
[2026-07-21 07:43:39] [market_data] NIFTY: 502 Server Error: Bad Gateway for url: https://api.dhan.co/v2/optionchain/expirylist
[2026-07-21 07:43:46] [market_data] BANKNIFTY: 502 Server Error: Bad Gateway for url: https://api.dhan.co/v2/optionchain/expirylist
[2026-07-21 07:43:52] [market_data] FINNIFTY: 502 Server Error: Bad Gateway for url: https://api.dhan.co/v2/optionchain
[2026-07-21 08:05:49] [market_data] NIFTY: 500 Server Error: Internal Server Error for url: https://api.dhan.co/v2/optionchain
[2026-07-21 08:08:16] [volatility] 🔔[HIGH] NIFTY: IV jumped 57% in ~15m (now 23.4%) alongside a spot move of +0.0 — possible news/event-driven volatility spike. Widen stops / reduce size.
[2026-07-21 08:45:07] [market_data] BANKNIFTY: 500 Server Error: Internal Server Error for url: https://api.dhan.co/v2/optionchain
[2026-07-21 08:45:10] [market_data] SENSEX: 500 Server Error: Internal Server Error for url: https://api.dhan.co/v2/optionchain
[2026-07-21 08:45:14] [market_data] FINNIFTY: 500 Server Error: Internal Server Error for url: https://api.dhan.co/v2/optionchain
[2026-07-21 08:45:20] [market_data] NIFTY: 500 Server Error: Internal Server Error for url: https://api.dhan.co/v2/optionchain
[2026-07-21 09:30:03] [orchestrator] restored 18 historical trades (0 today, ₹0 realized today)
[2026-07-21 09:30:05] [orchestrator] all 12 agents started on NIFTY+BANKNIFTY+FINNIFTY+SENSEX (PAPER)
[2026-07-21 09:30:36] [news] 🔔[HIGH] : News risk event: Indian indices show mixed performance with both bullish and bearish news headlines
[2026-07-21 09:31:05] [execution] SENSEX spread sizing: risk budget allows 0 lot(s), margin (₹80,000/lot) allows 1, capped at 10 — using 1
[2026-07-21 09:31:05] [execution] 📄 PAPER SPREAD bull_put_spread SENSEX: SELL 77500 PE @ ₹286.6 · BUY 77300 PE @ ₹215.0 · credit ₹71.6 x 20
[2026-07-21 09:31:05] [execution] 🔔[MEDIUM] SENSEX: Spread opened: bull_put_spread credit ₹71.6
[2026-07-21 09:31:10] [strategy] NIFTY: BUY_CE 24250.0 conf 70%
[2026-07-21 09:31:10] [strategy] 🔔[MEDIUM] NIFTY: BUY CE 24250.0 signal generated (confidence 70%)
[2026-07-21 09:31:15] [risk] REJECTED — ✓ autopilot not halted (consecutive losses) · ✓ market open · ✓ no open position on NIFTY · ✓ concurrent positions 0/10 · ✓ trades 0/100 · ✓ confidence 70≥70 · ✓ valid price points · ✓ risk-reward 2.1 ≥ 1:2 · ✓ strike 24250.0 not OTM (ATM 24250.0) · ✓ regime 'trending-up' allows ['BUY_CE'] · ✗ timeframe confluence for CE (no-alignment) · ✗ news risk active (<5m old) · ✓ daily loss limit (risking ₹1301, day P&L ₹0) · ✓ fresh NIFTY data (3s old)
[2026-07-21 09:31:15] [risk] 🔔[LOW] NIFTY: Signal REJECTED (70% conf): ✗ timeframe confluence for CE (no-alignment); ✗ news risk active (<5m old)
[2026-07-21 09:31:52] [regime] NIFTY: skipped (Kotak REST has no candle endpoint here — regime agent needs Dhan; select Dhan or run without regime)
[2026-07-21 09:31:53] [regime] BANKNIFTY: skipped (Kotak REST has no candle endpoint here — regime agent needs Dhan; select Dhan or run without regime)
[2026-07-21 09:31:54] [regime] FINNIFTY: skipped (Kotak REST has no candle endpoint here — regime agent needs Dhan; select Dhan or run without regime)
[2026-07-21 09:31:55] [regime] SENSEX: skipped (Kotak REST has no candle endpoint here — regime agent needs Dhan; select Dhan or run without regime)
[2026-07-21 09:33:17] [strategy] NIFTY: BUY_PE 24250.0 conf 70%
[2026-07-21 09:33:17] [strategy] 🔔[MEDIUM] NIFTY: BUY PE 24250.0 signal generated (confidence 70%)
[2026-07-21 09:33:20] [risk] REJECTED — ✓ autopilot not halted (consecutive losses) · ✓ market open · ✓ no open position on NIFTY · ✓ concurrent positions 0/10 · ✓ trades 0/100 · ✓ confidence 70≥70 · ✓ valid price points · ✗ risk-reward 0.6 ≥ 1:2 · ✓ strike 24250.0 not OTM (ATM 24250.0) · ✗ regime 'trending-up' allows ['BUY_CE'] · ✗ timeframe confluence for PE (no-alignment) · ✗ news risk active (<5m old) · ✓ daily loss limit (risking ₹383, day P&L ₹0) · ✓ fresh NIFTY data (4s old)
[2026-07-21 09:33:20] [risk] 🔔[LOW] NIFTY: Signal REJECTED (70% conf): ✗ risk-reward 0.6 ≥ 1:2; ✗ regime 'trending-up' allows ['BUY_CE']; ✗ timeframe confluence for PE (no-alignment); ✗ news risk active (<5m old)
[2026-07-21 09:36:14] [strategy] NIFTY: BUY_PE 24100.0 conf 70%
[2026-07-21 09:36:14] [strategy] 🔔[MEDIUM] NIFTY: BUY PE 24100.0 signal generated (confidence 70%)
[2026-07-21 09:36:15] [execution] BANKNIFTY spread sizing: risk budget allows 0 lot(s), margin (₹80,000/lot) allows 1, capped at 10 — using 1
[2026-07-21 09:36:15] [execution] 📄 PAPER SPREAD bull_put_spread BANKNIFTY: SELL 57500 PE @ ₹260.55 · BUY 57300 PE @ ₹210.25 · credit ₹50.3 x 30
[2026-07-21 09:36:15] [execution] 🔔[MEDIUM] BANKNIFTY: Spread opened: bull_put_spread credit ₹50.3
[2026-07-21 09:36:15] [risk] REJECTED — ✓ autopilot not halted (consecutive losses) · ✓ market open · ✓ no open position on NIFTY · ✓ concurrent positions 0/10 · ✓ trades 0/100 · ✓ confidence 70≥70 · ✓ valid price points · ✗ risk-reward 1.1 ≥ 1:2 · ✗ strike 24100.0 not OTM (ATM 24200.0) · ✗ regime 'trending-up' allows ['BUY_CE'] · ✗ timeframe confluence for PE (no-alignment) · ✓ no fresh news-risk block · ✗ daily loss limit (risking ₹18555, day P&L ₹0) · ✓ fresh NIFTY data (2s old)
[2026-07-21 09:36:15] [risk] 🔔[LOW] NIFTY: Signal REJECTED (70% conf): ✗ risk-reward 1.1 ≥ 1:2; ✗ strike 24100.0 not OTM (ATM 24200.0); ✗ regime 'trending-up' allows ['BUY_CE']; ✗ timeframe confluence for PE (no-alignment); ✗ daily loss limit (risking ₹18555, day P&L ₹0)
[2026-07-21 09:39:09] [strategy] hard-reject reason present; 15-min backoff
[2026-07-21 09:39:39] [market_data] SENSEX: The read operation timed out
[2026-07-21 10:06:18] [orchestrator] restored 18 historical trades (0 today, ₹0 realized today)
[2026-07-21 10:06:20] [orchestrator] all 12 agents started on NIFTY+BANKNIFTY+FINNIFTY+SENSEX (PAPER)
[2026-07-21 10:06:22] [regime] NIFTY: skipped (Kotak REST has no candle endpoint here — regime agent needs Dhan; select Dhan or run without regime)
[2026-07-21 10:06:23] [regime] BANKNIFTY: skipped (Kotak REST has no candle endpoint here — regime agent needs Dhan; select Dhan or run without regime)
[2026-07-21 10:06:24] [regime] FINNIFTY: skipped (Kotak REST has no candle endpoint here — regime agent needs Dhan; select Dhan or run without regime)
[2026-07-21 10:06:25] [regime] SENSEX: skipped (Kotak REST has no candle endpoint here — regime agent needs Dhan; select Dhan or run without regime)
[2026-07-21 10:06:51] [news] 🔔[HIGH] : News risk event: Indian stock indices (Nifty and Sensex) experienced significant declines in the reported news.
[2026-07-21 10:07:20] [strategy] NIFTY: BUY_PE 24100.0 conf 69%
[2026-07-21 10:07:20] [strategy] 🔔[MEDIUM] NIFTY: BUY PE 24100.0 signal generated (confidence 69%)
[2026-07-21 10:07:25] [risk] REJECTED — ✓ autopilot not halted (consecutive losses) · ✓ market open · ✓ no open position on NIFTY · ✓ concurrent positions 0/10 · ✓ trades 0/100 · ✗ confidence 69≥70 · ✓ valid price points · ✗ risk-reward 1.0 ≥ 1:2 · ✗ strike 24100.0 not OTM (ATM 24200.0) · ✓ regime data pending for NIFTY (not blocking) · ✗ news risk active (<5m old) · ✗ daily loss limit (risking ₹18225, day P&L ₹0) · ✓ fresh NIFTY data (3s old)
[2026-07-21 10:07:25] [risk] 🔔[LOW] NIFTY: Signal REJECTED (69% conf): ✗ confidence 69≥70; ✗ risk-reward 1.0 ≥ 1:2; ✗ strike 24100.0 not OTM (ATM 24200.0); ✗ news risk active (<5m old); ✗ daily loss limit (risking ₹18225, day P&L ₹0)
[2026-07-21 10:08:21] [price_action] NIFTY: vwap_pullback -> BUY_CE (pullback to anchor 24219, resumed up)
[2026-07-21 10:08:26] [risk] REJECTED — ✓ autopilot not halted (consecutive losses) · ✓ market open · ✓ no open position on NIFTY · ✓ concurrent positions 0/10 · ✓ trades 0/100 · ✓ confidence 74≥70 · ✓ valid price points · ✓ risk-reward 2.0 ≥ 1:2 · ✓ strike 24250.0 not OTM (ATM 24250.0) · ✓ regime 'trending-up' allows ['BUY_CE'] · ✗ timeframe confluence for CE (no-alignment) · ✗ news risk active (<5m old) · ✓ daily loss limit (risking ₹1065, day P&L ₹0) · ✓ fresh NIFTY data (1s old)
[2026-07-21 10:08:26] [risk] 🔔[LOW] NIFTY: Signal REJECTED (74% conf): ✗ timeframe confluence for CE (no-alignment); ✗ news risk active (<5m old)
[2026-07-21 10:09:37] [strategy] NIFTY: BUY_PE 24250.0 conf 80%
[2026-07-21 10:09:37] [strategy] 🔔[MEDIUM] NIFTY: BUY PE 24250.0 signal generated (confidence 80%)
[2026-07-21 10:09:41] [risk] REJECTED — ✓ autopilot not halted (consecutive losses) · ✓ market open · ✓ no open position on NIFTY · ✓ concurrent positions 0/10 · ✓ trades 0/100 · ✓ confidence 80≥70 · ✓ valid price points · ✓ risk-reward 2.0 ≥ 1:2 · ✓ strike 24250.0 not OTM (ATM 24250.0) · ✗ regime 'trending-up' allows ['BUY_CE'] · ✗ timeframe confluence for PE (no-alignment) · ✗ news risk active (<5m old) · ✓ daily loss limit (risking ₹2276, day P&L ₹0) · ✓ fresh NIFTY data (0s old)
[2026-07-21 10:09:41] [risk] 🔔[LOW] NIFTY: Signal REJECTED (80% conf): ✗ regime 'trending-up' allows ['BUY_CE']; ✗ timeframe confluence for PE (no-alignment); ✗ news risk active (<5m old)
[2026-07-21 10:12:21] [price_action] SENSEX: vwap_pullback -> BUY_PE (pullback to anchor 77653, resumed down)
[2026-07-21 10:12:26] [risk] REJECTED — ✓ autopilot not halted (consecutive losses) · ✓ market open · ✓ no open position on SENSEX · ✓ concurrent positions 0/10 · ✓ trades 0/100 · ✓ confidence 74≥70 · ✓ valid price points · ✓ risk-reward 2.0 ≥ 1:2 · ✓ strike 77600.0 not OTM (ATM 77600.0) · ✓ regime 'gap-and-fade' allows ['BUY_CE', 'BUY_PE'] · ✗ timeframe confluence for PE (no-alignment) · ✓ no fresh news-risk block · ✓ daily loss limit (risking ₹3438, day P&L ₹0) · ✓ fresh SENSEX data (17s old)
[2026-07-21 10:12:26] [risk] 🔔[LOW] SENSEX: Signal REJECTED (74% conf): ✗ timeframe confluence for PE (no-alignment)
[2026-07-21 10:12:35] [strategy] NIFTY: BUY_CE 24100.0 conf 70%
[2026-07-21 10:12:35] [strategy] 🔔[MEDIUM] NIFTY: BUY CE 24100.0 signal generated (confidence 70%)
[2026-07-21 10:12:36] [risk] REJECTED — ✓ autopilot not halted (consecutive losses) · ✓ market open · ✓ no open position on NIFTY · ✓ concurrent positions 0/10 · ✓ trades 0/100 · ✓ confidence 70≥70 · ✓ valid price points · ✗ risk-reward 1.0 ≥ 1:2 · ✓ strike 24100.0 not OTM (ATM 24200.0) · ✓ regime 'trending-up' allows ['BUY_CE'] · ✗ timeframe confluence for CE (no-alignment) · ✓ no fresh news-risk block · ✗ daily loss limit (risking ₹10267, day P&L ₹0) · ✓ fresh NIFTY data (5s old)
[2026-07-21 10:12:36] [risk] 🔔[LOW] NIFTY: Signal REJECTED (70% conf): ✗ risk-reward 1.0 ≥ 1:2; ✗ timeframe confluence for CE (no-alignment); ✗ daily loss limit (risking ₹10267, day P&L ₹0)
[2026-07-21 10:15:25] [strategy] hard-reject reason present; 15-min backoff
[2026-07-21 10:17:23] [execution] FINNIFTY spread sizing: risk budget allows 0 lot(s), margin (₹80,000/lot) allows 1, capped at 10 — using 1
[2026-07-21 10:17:23] [execution] 📄 PAPER SPREAD bear_call_spread FINNIFTY: SELL 27000 CE @ ₹86.1 · BUY 27050 CE @ ₹75.75 · credit ₹10.35 x 65
[2026-07-21 10:17:23] [execution] 🔔[MEDIUM] FINNIFTY: Spread opened: bear_call_spread credit ₹10.35
[2026-07-21 10:26:27] [execution] BANKNIFTY spread sizing: risk budget allows 0 lot(s), margin (₹80,000/lot) allows 1, capped at 10 — using 1
[2026-07-21 10:26:27] [execution] 📄 PAPER SPREAD bull_put_spread BANKNIFTY: SELL 57000 PE @ ₹156.25 · BUY 56900 PE @ ₹136.25 · credit ₹20.0 x 30
[2026-07-21 10:26:27] [execution] 🔔[MEDIUM] BANKNIFTY: Spread opened: bull_put_spread credit ₹20.0
[2026-07-21 10:30:31] [strategy] hard-reject reason present; 15-min backoff
[2026-07-21 10:31:30] [volatility] 🔔[HIGH] NIFTY: IV jumped 71% in ~15m (now 32.3%) alongside a spot move of -12.3 — possible news/event-driven volatility spike. Widen stops / reduce size.
[2026-07-21 10:45:42] [strategy] hard-reject reason present; 15-min backoff
[2026-07-21 10:59:16] [risk] REJECTED manual order — ✓ autopilot not halted (consecutive losses) · ✓ market open · ✓ no open position on SENSEX · ✓ concurrent positions 0/10 · ✓ trades 0/100 · ✓ confidence 95≥70 · ✓ valid price points · ✓ risk-reward 2.0 ≥ 1:2 · ✓ strike 77500.0 not OTM (ATM 77500.0) · ✓ regime 'gap-and-fade' allows ['BUY_CE', 'BUY_PE'] · ✗ timeframe confluence for PE (no-alignment) · ✓ no fresh news-risk block · ✓ daily loss limit (risking ₹4252, day P&L ₹0) · ✓ fresh SENSEX data (3s old)
[2026-07-21 11:01:22] [strategy] SENSEX: BUY_CE 77500.0 conf 80%
[2026-07-21 11:01:22] [strategy] 🔔[MEDIUM] SENSEX: BUY CE 77500.0 signal generated (confidence 80%)
[2026-07-21 11:01:23] [risk] REJECTED — ✓ autopilot not halted (consecutive losses) · ✓ market open · ✓ no open position on SENSEX · ✓ concurrent positions 0/10 · ✓ trades 0/100 · ✓ confidence 80≥70 · ✓ valid price points · ✗ risk-reward 0.9 ≥ 1:2 · ✓ strike 77500.0 not OTM (ATM 77500.0) · ✓ regime 'gap-and-fade' allows ['BUY_CE', 'BUY_PE'] · ✗ timeframe confluence for CE (no-alignment) · ✓ no fresh news-risk block · ✓ daily loss limit (risking ₹5278, day P&L ₹0) · ✓ fresh SENSEX data (4s old)
[2026-07-21 11:01:23] [risk] 🔔[LOW] SENSEX: Signal REJECTED (80% conf): ✗ risk-reward 0.9 ≥ 1:2; ✗ timeframe confluence for CE (no-alignment)
[2026-07-21 11:04:25] [strategy] SENSEX: BUY_CE 77500.0 conf 80%
[2026-07-21 11:04:25] [strategy] 🔔[MEDIUM] SENSEX: BUY CE 77500.0 signal generated (confidence 80%)
[2026-07-21 11:04:28] [risk] REJECTED — ✓ autopilot not halted (consecutive losses) · ✓ market open · ✓ no open position on SENSEX · ✓ concurrent positions 0/10 · ✓ trades 0/100 · ✓ confidence 80≥70 · ✓ valid price points · ✗ risk-reward 0.6 ≥ 1:2 · ✓ strike 77500.0 not OTM (ATM 77500.0) · ✓ regime 'gap-and-fade' allows ['BUY_CE', 'BUY_PE'] · ✗ timeframe confluence for CE (no-alignment) · ✓ no fresh news-risk block · ✓ daily loss limit (risking ₹3746, day P&L ₹0) · ✓ fresh SENSEX data (6s old)
[2026-07-21 11:04:28] [risk] 🔔[LOW] SENSEX: Signal REJECTED (80% conf): ✗ risk-reward 0.6 ≥ 1:2; ✗ timeframe confluence for CE (no-alignment)
[2026-07-21 11:08:34] [strategy] SENSEX: BUY_CE|BUY_PE 77500.0 conf 80%
[2026-07-21 11:08:34] [strategy] 🔔[MEDIUM] SENSEX: BUY CE|BUY PE 77500.0 signal generated (confidence 80%)
[2026-07-21 11:08:38] [risk] REJECTED — ✓ autopilot not halted (consecutive losses) · ✓ market open · ✓ no open position on SENSEX · ✓ concurrent positions 0/10 · ✓ trades 0/100 · ✓ confidence 80≥70 · ✓ valid price points · ✗ risk-reward 1.3 ≥ 1:2 · ✗ regime 'gap-and-fade' allows ['BUY_CE', 'BUY_PE'] · ✓ no fresh news-risk block · ✓ daily loss limit (risking ₹3778, day P&L ₹0) · ✓ fresh SENSEX data (1s old)
[2026-07-21 11:08:38] [risk] 🔔[LOW] SENSEX: Signal REJECTED (80% conf): ✗ risk-reward 1.3 ≥ 1:2; ✗ regime 'gap-and-fade' allows ['BUY_CE', 'BUY_PE']
[2026-07-21 11:10:50] [strategy] SENSEX: BUY_CE 77500.0 conf 60%
[2026-07-21 11:10:50] [strategy] 🔔[MEDIUM] SENSEX: BUY CE 77500.0 signal generated (confidence 60%)
[2026-07-21 11:10:53] [risk] REJECTED — ✓ autopilot not halted (consecutive losses) · ✓ market open · ✓ no open position on SENSEX · ✓ concurrent positions 0/10 · ✓ trades 0/100 · ✗ confidence 60≥70 · ✓ valid price points · ✗ risk-reward -1.9 ≥ 1:2 · ✓ strike 77500.0 not OTM (ATM 77500.0) · ✓ regime 'gap-and-fade' allows ['BUY_CE', 'BUY_PE'] · ✗ timeframe confluence for CE (no-alignment) · ✓ no fresh news-risk block · ✓ daily loss limit (risking ₹1900, day P&L ₹0) · ✓ fresh SENSEX data (4s old)
[2026-07-21 11:10:53] [risk] 🔔[LOW] SENSEX: Signal REJECTED (60% conf): ✗ confidence 60≥70; ✗ risk-reward -1.9 ≥ 1:2; ✗ timeframe confluence for CE (no-alignment)
[2026-07-21 11:12:50] [strategy] SENSEX: BUY_CE 77500.0 conf 70%
[2026-07-21 11:12:50] [strategy] 🔔[MEDIUM] SENSEX: BUY CE 77500.0 signal generated (confidence 70%)
[2026-07-21 11:12:54] [risk] REJECTED — ✓ autopilot not halted (consecutive losses) · ✓ market open · ✓ no open position on SENSEX · ✓ concurrent positions 0/10 · ✓ trades 0/100 · ✓ confidence 70≥70 · ✓ valid price points · ✗ risk-reward 1.3 ≥ 1:2 · ✓ strike 77500.0 not OTM (ATM 77500.0) · ✓ regime 'gap-and-fade' allows ['BUY_CE', 'BUY_PE'] · ✗ timeframe confluence for CE (no-alignment) · ✓ no fresh news-risk block · ✓ daily loss limit (risking ₹3812, day P&L ₹0) · ✓ fresh SENSEX data (5s old)
[2026-07-21 11:12:54] [risk] 🔔[LOW] SENSEX: Signal REJECTED (70% conf): ✗ risk-reward 1.3 ≥ 1:2; ✗ timeframe confluence for CE (no-alignment)
[2026-07-21 11:15:20] [strategy] SENSEX: BUY_CE 77500.0 conf 75%
[2026-07-21 11:15:20] [strategy] 🔔[MEDIUM] SENSEX: BUY CE 77500.0 signal generated (confidence 75%)
[2026-07-21 11:15:24] [risk] REJECTED — ✓ autopilot not halted (consecutive losses) · ✓ market open · ✓ no open position on SENSEX · ✓ concurrent positions 0/10 · ✓ trades 0/100 · ✓ confidence 75≥70 · ✓ valid price points · ✗ risk-reward 0.9 ≥ 1:2 · ✓ strike 77500.0 not OTM (ATM 77500.0) · ✓ regime 'gap-and-fade' allows ['BUY_CE', 'BUY_PE'] · ✗ timeframe confluence for CE (no-alignment) · ✓ no fresh news-risk block · ✓ daily loss limit (risking ₹3262, day P&L ₹0) · ✓ fresh SENSEX data (4s old)
[2026-07-21 11:15:24] [risk] 🔔[LOW] SENSEX: Signal REJECTED (75% conf): ✗ risk-reward 0.9 ≥ 1:2; ✗ timeframe confluence for CE (no-alignment)
[2026-07-21 11:18:31] [strategy] NIFTY: BUY_PE 24100.0 conf 80%
[2026-07-21 11:18:31] [strategy] 🔔[MEDIUM] NIFTY: BUY PE 24100.0 signal generated (confidence 80%)
[2026-07-21 11:18:34] [risk] REJECTED — ✓ autopilot not halted (consecutive losses) · ✓ market open · ✓ no open position on NIFTY · ✓ concurrent positions 0/10 · ✓ trades 0/100 · ✓ confidence 80≥70 · ✓ valid price points · ✗ risk-reward 1.0 ≥ 1:2 · ✗ strike 24100.0 not OTM (ATM 24200.0) · ✓ regime 'gap-and-fade' allows ['BUY_CE', 'BUY_PE'] · ✗ timeframe confluence for PE (no-alignment) · ✓ no fresh news-risk block · ✓ daily loss limit (risking ₹4778, day P&L ₹0) · ✓ fresh NIFTY data (4s old)
[2026-07-21 11:18:34] [risk] 🔔[LOW] NIFTY: Signal REJECTED (80% conf): ✗ risk-reward 1.0 ≥ 1:2; ✗ strike 24100.0 not OTM (ATM 24200.0); ✗ timeframe confluence for PE (no-alignment)
[2026-07-21 11:20:37] [price_action] FINNIFTY: vwap_pullback -> BUY_CE (pullback to anchor 26533, resumed up)
[2026-07-21 11:20:39] [risk] REJECTED — ✓ autopilot not halted (consecutive losses) · ✓ market open · ✓ no open position on FINNIFTY · ✓ concurrent positions 0/10 · ✓ trades 0/100 · ✓ confidence 74≥70 · ✓ valid price points · ✓ risk-reward 2.0 ≥ 1:2 · ✓ strike 26550.0 not OTM (ATM 26550.0) · ✗ regime is choppy — avoid directional buys · ✗ timeframe confluence for CE (no-alignment) · ✓ no fresh news-risk block · ✓ daily loss limit (risking ₹8788, day P&L ₹0) · ✓ fresh FINNIFTY data (9s old)
[2026-07-21 11:20:39] [risk] 🔔[LOW] FINNIFTY: Signal REJECTED (74% conf): ✗ regime is choppy — avoid directional buys; ✗ timeframe confluence for CE (no-alignment)
[2026-07-21 11:20:56] [strategy] NIFTY: BUY_PE 24100.0 conf 80%
[2026-07-21 11:20:56] [strategy] 🔔[MEDIUM] NIFTY: BUY PE 24100.0 signal generated (confidence 80%)
[2026-07-21 11:20:59] [risk] REJECTED — ✓ autopilot not halted (consecutive losses) · ✓ market open · ✓ no open position on NIFTY · ✓ concurrent positions 0/10 · ✓ trades 0/100 · ✓ confidence 80≥70 · ✓ valid price points · ✓ risk-reward 4.7 ≥ 1:2 · ✗ strike 24100.0 not OTM (ATM 24200.0) · ✓ regime 'gap-and-fade' allows ['BUY_CE', 'BUY_PE'] · ✗ timeframe confluence for PE (no-alignment) · ✓ no fresh news-risk block · ✓ daily loss limit (risking ₹2348, day P&L ₹0) · ✓ fresh NIFTY data (0s old)
[2026-07-21 11:20:59] [risk] 🔔[LOW] NIFTY: Signal REJECTED (80% conf): ✗ strike 24100.0 not OTM (ATM 24200.0); ✗ timeframe confluence for PE (no-alignment)
[2026-07-21 11:22:56] [strategy] NIFTY: BUY_PE 24100.0 conf 70%
[2026-07-21 11:22:56] [strategy] 🔔[MEDIUM] NIFTY: BUY PE 24100.0 signal generated (confidence 70%)
[2026-07-21 11:22:59] [risk] REJECTED — ✓ autopilot not halted (consecutive losses) · ✓ market open · ✓ no open position on NIFTY · ✓ concurrent positions 0/10 · ✓ trades 0/100 · ✓ confidence 70≥70 · ✓ valid price points · ✓ risk-reward 2.6 ≥ 1:2 · ✗ strike 24100.0 not OTM (ATM 24200.0) · ✓ regime 'gap-and-fade' allows ['BUY_CE', 'BUY_PE'] · ✗ timeframe confluence for PE (no-alignment) · ✓ no fresh news-risk block · ✓ daily loss limit (risking ₹3795, day P&L ₹0) · ✓ fresh NIFTY data (1s old)
[2026-07-21 11:22:59] [risk] 🔔[LOW] NIFTY: Signal REJECTED (70% conf): ✗ strike 24100.0 not OTM (ATM 24200.0); ✗ timeframe confluence for PE (no-alignment)
[2026-07-21 11:24:56] [strategy] NIFTY: BUY_PE 24150.0 conf 80%
[2026-07-21 11:24:56] [strategy] 🔔[MEDIUM] NIFTY: BUY PE 24150.0 signal generated (confidence 80%)
[2026-07-21 11:24:59] [risk] REJECTED — ✓ autopilot not halted (consecutive losses) · ✓ market open · ✓ no open position on NIFTY · ✓ concurrent positions 0/10 · ✓ trades 0/100 · ✓ confidence 80≥70 · ✓ valid price points · ✓ risk-reward 2.0 ≥ 1:2 · ✗ strike 24150.0 not OTM (ATM 24200.0) · ✓ regime 'gap-and-fade' allows ['BUY_CE', 'BUY_PE'] · ✗ timeframe confluence for PE (no-alignment) · ✓ no fresh news-risk block · ✓ daily loss limit (risking ₹229, day P&L ₹0) · ✓ fresh NIFTY data (1s old)
[2026-07-21 11:24:59] [risk] 🔔[LOW] NIFTY: Signal REJECTED (80% conf): ✗ strike 24150.0 not OTM (ATM 24200.0); ✗ timeframe confluence for PE (no-alignment)
[2026-07-21 11:27:13] [strategy] NIFTY: BUY_PE 24100.0 conf 90%
[2026-07-21 11:27:13] [strategy] 🔔[MEDIUM] NIFTY: BUY PE 24100.0 signal generated (confidence 90%)
[2026-07-21 11:27:14] [risk] REJECTED — ✓ autopilot not halted (consecutive losses) · ✓ market open · ✓ no open position on NIFTY · ✓ concurrent positions 0/10 · ✓ trades 0/100 · ✓ confidence 90≥70 · ✓ valid price points · ✓ risk-reward 2.3 ≥ 1:2 · ✗ strike 24100.0 not OTM (ATM 24200.0) · ✓ regime 'gap-and-fade' allows ['BUY_CE', 'BUY_PE'] · ✗ timeframe confluence for PE (no-alignment) · ✓ no fresh news-risk block · ✓ daily loss limit (risking ₹5708, day P&L ₹0) · ✓ fresh NIFTY data (4s old)
[2026-07-21 11:27:14] [risk] 🔔[LOW] NIFTY: Signal REJECTED (90% conf): ✗ strike 24100.0 not OTM (ATM 24200.0); ✗ timeframe confluence for PE (no-alignment)
[2026-07-21 11:30:07] [strategy] NIFTY: BUY_PE 24150.0 conf 80%
[2026-07-21 11:30:07] [strategy] 🔔[MEDIUM] NIFTY: BUY PE 24150.0 signal generated (confidence 80%)
[2026-07-21 11:30:10] [risk] REJECTED — ✓ autopilot not halted (consecutive losses) · ✓ market open · ✓ no open position on NIFTY · ✓ concurrent positions 0/10 · ✓ trades 0/100 · ✓ confidence 80≥70 · ✓ valid price points · ✗ risk-reward 1.2 ≥ 1:2 · ✓ strike 24150.0 not OTM (ATM 24150.0) · ✓ regime 'gap-and-fade' allows ['BUY_CE', 'BUY_PE'] · ✗ timeframe confluence for PE (no-alignment) · ✓ no fresh news-risk block · ✓ daily loss limit (risking ₹2752, day P&L ₹0) · ✓ fresh NIFTY data (2s old)
[2026-07-21 11:30:10] [risk] 🔔[LOW] NIFTY: Signal REJECTED (80% conf): ✗ risk-reward 1.2 ≥ 1:2; ✗ timeframe confluence for PE (no-alignment)
[2026-07-21 11:33:09] [strategy] NIFTY: BUY_PE 24100.0 conf 70%
[2026-07-21 11:33:09] [strategy] 🔔[MEDIUM] NIFTY: BUY PE 24100.0 signal generated (confidence 70%)
[2026-07-21 11:33:10] [risk] REJECTED — ✓ autopilot not halted (consecutive losses) · ✓ market open · ✓ no open position on NIFTY · ✓ concurrent positions 0/10 · ✓ trades 0/100 · ✓ confidence 70≥70 · ✓ valid price points · ✗ risk-reward -0.4 ≥ 1:2 · ✗ strike 24100.0 not OTM (ATM 24200.0) · ✓ regime 'gap-and-fade' allows ['BUY_CE', 'BUY_PE'] · ✗ timeframe confluence for PE (no-alignment) · ✓ no fresh news-risk block · ✓ daily loss limit (risking ₹8610, day P&L ₹0) · ✓ fresh NIFTY data (3s old)
[2026-07-21 11:33:10] [risk] 🔔[LOW] NIFTY: Signal REJECTED (70% conf): ✗ risk-reward -0.4 ≥ 1:2; ✗ strike 24100.0 not OTM (ATM 24200.0); ✗ timeframe confluence for PE (no-alignment)
[2026-07-21 11:36:43] [strategy] NIFTY: BUY_CE 24100.0 conf 70%
[2026-07-21 11:36:43] [strategy] 🔔[MEDIUM] NIFTY: BUY CE 24100.0 signal generated (confidence 70%)
[2026-07-21 11:36:45] [risk] REJECTED — ✓ autopilot not halted (consecutive losses) · ✓ market open · ✓ no open position on NIFTY · ✓ concurrent positions 0/10 · ✓ trades 0/100 · ✓ confidence 70≥70 · ✓ valid price points · ✗ risk-reward 1.0 ≥ 1:2 · ✓ strike 24100.0 not OTM (ATM 24200.0) · ✓ regime 'gap-and-fade' allows ['BUY_CE', 'BUY_PE'] · ✗ timeframe confluence for CE (no-alignment) · ✓ no fresh news-risk block · ✓ daily loss limit (risking ₹9810, day P&L ₹0) · ✓ fresh NIFTY data (4s old)
[2026-07-21 11:36:45] [risk] 🔔[LOW] NIFTY: Signal REJECTED (70% conf): ✗ risk-reward 1.0 ≥ 1:2; ✗ timeframe confluence for CE (no-alignment)
[2026-07-21 11:39:09] [strategy] NIFTY: BUY_PE 24150.0 conf 80%
[2026-07-21 11:39:09] [strategy] 🔔[MEDIUM] NIFTY: BUY PE 24150.0 signal generated (confidence 80%)
[2026-07-21 11:39:10] [risk] REJECTED — ✓ autopilot not halted (consecutive losses) · ✓ market open · ✓ no open position on NIFTY · ✓ concurrent positions 0/10 · ✓ trades 0/100 · ✓ confidence 80≥70 · ✓ valid price points · ✓ risk-reward 2.0 ≥ 1:2 · ✓ strike 24150.0 not OTM (ATM 24150.0) · ✓ regime 'gap-and-fade' allows ['BUY_CE', 'BUY_PE'] · ✗ timeframe confluence for PE (no-alignment) · ✓ no fresh news-risk block · ✓ daily loss limit (risking ₹229, day P&L ₹0) · ✓ fresh NIFTY data (4s old)
[2026-07-21 11:39:10] [risk] 🔔[LOW] NIFTY: Signal REJECTED (80% conf): ✗ timeframe confluence for PE (no-alignment)
[2026-07-21 11:42:12] [strategy] NIFTY: BUY_PE 24150.0 conf 70%
[2026-07-21 11:42:12] [strategy] 🔔[MEDIUM] NIFTY: BUY PE 24150.0 signal generated (confidence 70%)
[2026-07-21 11:42:15] [risk] REJECTED — ✓ autopilot not halted (consecutive losses) · ✓ market open · ✓ no open position on NIFTY · ✓ concurrent positions 0/10 · ✓ trades 0/100 · ✓ confidence 70≥70 · ✓ valid price points · ✗ risk-reward 1.1 ≥ 1:2 · ✓ strike 24150.0 not OTM (ATM 24150.0) · ✓ regime 'gap-and-fade' allows ['BUY_CE', 'BUY_PE'] · ✗ timeframe confluence for PE (no-alignment) · ✓ no fresh news-risk block · ✓ daily loss limit (risking ₹1275, day P&L ₹0) · ✓ fresh NIFTY data (4s old)
[2026-07-21 11:42:15] [risk] 🔔[LOW] NIFTY: Signal REJECTED (70% conf): ✗ risk-reward 1.1 ≥ 1:2; ✗ timeframe confluence for PE (no-alignment)
[2026-07-21 11:45:16] [strategy] NIFTY: BUY_PE 24150.0 conf 70%
[2026-07-21 11:45:16] [strategy] 🔔[MEDIUM] NIFTY: BUY PE 24150.0 signal generated (confidence 70%)
[2026-07-21 11:45:20] [risk] REJECTED — ✓ autopilot not halted (consecutive losses) · ✓ market open · ✓ no open position on NIFTY · ✓ concurrent positions 0/10 · ✓ trades 0/100 · ✓ confidence 70≥70 · ✓ valid price points · ✓ risk-reward 2.3 ≥ 1:2 · ✓ strike 24150.0 not OTM (ATM 24150.0) · ✓ regime 'gap-and-fade' allows ['BUY_CE', 'BUY_PE'] · ✗ timeframe confluence for PE (no-alignment) · ✓ no fresh news-risk block · ✓ daily loss limit (risking ₹2482, day P&L ₹0) · ✓ fresh NIFTY data (1s old)
[2026-07-21 11:45:20] [risk] 🔔[LOW] NIFTY: Signal REJECTED (70% conf): ✗ timeframe confluence for PE (no-alignment)
[2026-07-21 11:48:13] [strategy] NIFTY: BUY_PE 24150.0 conf 70%
[2026-07-21 11:48:13] [strategy] 🔔[MEDIUM] NIFTY: BUY PE 24150.0 signal generated (confidence 70%)
[2026-07-21 11:48:16] [risk] REJECTED — ✓ autopilot not halted (consecutive losses) · ✓ market open · ✓ no open position on NIFTY · ✓ concurrent positions 0/10 · ✓ trades 0/100 · ✓ confidence 70≥70 · ✓ valid price points · ✗ risk-reward 0.6 ≥ 1:2 · ✓ strike 24150.0 not OTM (ATM 24150.0) · ✓ regime 'gap-and-fade' allows ['BUY_CE', 'BUY_PE'] · ✗ timeframe confluence for PE (no-alignment) · ✓ no fresh news-risk block · ✓ daily loss limit (risking ₹1230, day P&L ₹0) · ✓ fresh NIFTY data (3s old)
[2026-07-21 11:48:16] [risk] 🔔[LOW] NIFTY: Signal REJECTED (70% conf): ✗ risk-reward 0.6 ≥ 1:2; ✗ timeframe confluence for PE (no-alignment)
[2026-07-21 11:51:16] [strategy] NIFTY: BUY_PE 24150.0 conf 70%
[2026-07-21 11:51:16] [strategy] 🔔[MEDIUM] NIFTY: BUY PE 24150.0 signal generated (confidence 70%)
[2026-07-21 11:51:21] [risk] REJECTED — ✓ autopilot not halted (consecutive losses) · ✓ market open · ✓ no open position on NIFTY · ✓ concurrent positions 0/10 · ✓ trades 0/100 · ✓ confidence 70≥70 · ✓ valid price points · ✗ risk-reward 1.6 ≥ 1:2 · ✓ strike 24150.0 not OTM (ATM 24150.0) · ✓ regime 'gap-and-fade' allows ['BUY_CE', 'BUY_PE'] · ✗ timeframe confluence for PE (no-alignment) · ✓ no fresh news-risk block · ✓ daily loss limit (risking ₹1635, day P&L ₹0) · ✓ fresh NIFTY data (3s old)
[2026-07-21 11:51:21] [risk] 🔔[LOW] NIFTY: Signal REJECTED (70% conf): ✗ risk-reward 1.6 ≥ 1:2; ✗ timeframe confluence for PE (no-alignment)
[2026-07-21 11:54:19] [strategy] NIFTY: BUY_CE 24150.0 conf 80%
[2026-07-21 11:54:19] [strategy] 🔔[MEDIUM] NIFTY: BUY CE 24150.0 signal generated (confidence 80%)
[2026-07-21 11:54:21] [risk] REJECTED — ✓ autopilot not halted (consecutive losses) · ✓ market open · ✓ no open position on NIFTY · ✓ concurrent positions 0/10 · ✓ trades 0/100 · ✓ confidence 80≥70 · ✓ valid price points · ✗ risk-reward 0.9 ≥ 1:2 · ✓ strike 24150.0 not OTM (ATM 24150.0) · ✓ regime 'gap-and-fade' allows ['BUY_CE', 'BUY_PE'] · ✗ timeframe confluence for CE (no-alignment) · ✓ no fresh news-risk block · ✓ daily loss limit (risking ₹1238, day P&L ₹0) · ✓ fresh NIFTY data (6s old)
[2026-07-21 11:54:21] [risk] 🔔[LOW] NIFTY: Signal REJECTED (80% conf): ✗ risk-reward 0.9 ≥ 1:2; ✗ timeframe confluence for CE (no-alignment)
[2026-07-21 11:54:52] [risk] REJECTED manual order — ✓ autopilot not halted (consecutive losses) · ✓ market open · ✓ no open position on NIFTY · ✓ concurrent positions 0/10 · ✓ trades 0/100 · ✓ confidence 80≥70 · ✓ valid price points · ✗ risk-reward 0.9 ≥ 1:2 · ✓ strike 24150.0 not OTM (ATM 24150.0) · ✓ regime 'gap-and-fade' allows ['BUY_CE', 'BUY_PE'] · ✗ timeframe confluence for CE (no-alignment) · ✓ no fresh news-risk block · ✓ daily loss limit (risking ₹1238, day P&L ₹0) · ✓ fresh NIFTY data (4s old)
[2026-07-21 11:55:03] [risk] REJECTED manual order — ✓ autopilot not halted (consecutive losses) · ✓ market open · ✓ no open position on NIFTY · ✓ concurrent positions 0/10 · ✓ trades 0/100 · ✓ confidence 80≥70 · ✓ valid price points · ✗ risk-reward 0.9 ≥ 1:2 · ✓ strike 24150.0 not OTM (ATM 24150.0) · ✓ regime 'gap-and-fade' allows ['BUY_CE', 'BUY_PE'] · ✗ timeframe confluence for CE (no-alignment) · ✓ no fresh news-risk block · ✓ daily loss limit (risking ₹1238, day P&L ₹0) · ✓ fresh NIFTY data (2s old)
[2026-07-21 11:55:09] [risk] REJECTED manual order — ✓ autopilot not halted (consecutive losses) · ✓ market open · ✓ no open position on SENSEX · ✓ concurrent positions 0/10 · ✓ trades 0/100 · ✓ confidence 80≥70 · ✓ valid price points · ✗ risk-reward 0.9 ≥ 1:2 · ✓ strike 24150.0 not OTM (ATM 77400.0) · ✗ regime is choppy — avoid directional buys · ✗ timeframe confluence for CE (no-alignment) · ✓ no fresh news-risk block · ✓ daily loss limit (risking ₹330, day P&L ₹0) · ✓ fresh SENSEX data (1s old)
[2026-07-21 11:55:34] [risk] REJECTED manual order — ✓ autopilot not halted (consecutive losses) · ✓ market open · ✓ no open position on SENSEX · ✓ concurrent positions 0/10 · ✓ trades 0/100 · ✗ confidence 60≥70 · ✓ valid price points · ✗ risk-reward 0.7 ≥ 1:2 · ✓ strike 77400.0 not OTM (ATM 77400.0) · ✗ regime is choppy — avoid directional buys · ✗ timeframe confluence for CE (no-alignment) · ✓ no fresh news-risk block · ✓ daily loss limit (risking ₹3312, day P&L ₹0) · ✓ fresh SENSEX data (2s old)
[2026-07-21 11:57:16] [strategy] SENSEX: BUY_CE 77400.0 conf 80%
[2026-07-21 11:57:16] [strategy] 🔔[MEDIUM] SENSEX: BUY CE 77400.0 signal generated (confidence 80%)
[2026-07-21 11:57:16] [risk] REJECTED — ✓ autopilot not halted (consecutive losses) · ✓ market open · ✓ no open position on SENSEX · ✓ concurrent positions 0/10 · ✓ trades 0/100 · ✓ confidence 80≥70 · ✓ valid price points · ✗ risk-reward 1.0 ≥ 1:2 · ✓ strike 77400.0 not OTM (ATM 77400.0) · ✗ regime is choppy — avoid directional buys · ✗ timeframe confluence for CE (no-alignment) · ✓ no fresh news-risk block · ✓ daily loss limit (risking ₹4920, day P&L ₹0) · ✓ fresh SENSEX data (3s old)
[2026-07-21 11:57:16] [risk] 🔔[LOW] SENSEX: Signal REJECTED (80% conf): ✗ risk-reward 1.0 ≥ 1:2; ✗ regime is choppy — avoid directional buys; ✗ timeframe confluence for CE (no-alignment)
[2026-07-21 12:00:21] [strategy] SENSEX: BUY_CE 77500.0 conf 80%
[2026-07-21 12:00:21] [strategy] 🔔[MEDIUM] SENSEX: BUY CE 77500.0 signal generated (confidence 80%)
[2026-07-21 12:00:22] [risk] REJECTED — ✓ autopilot not halted (consecutive losses) · ✓ market open · ✓ no open position on SENSEX · ✓ concurrent positions 0/10 · ✓ trades 0/100 · ✓ confidence 80≥70 · ✓ valid price points · ✗ risk-reward -1.9 ≥ 1:2 · ✓ strike 77500.0 not OTM (ATM 77500.0) · ✗ regime is choppy — avoid directional buys · ✗ timeframe confluence for CE (no-alignment) · ✓ no fresh news-risk block · ✓ daily loss limit (risking ₹1882, day P&L ₹0) · ✓ fresh SENSEX data (6s old)
[2026-07-21 12:00:22] [risk] 🔔[LOW] SENSEX: Signal REJECTED (80% conf): ✗ risk-reward -1.9 ≥ 1:2; ✗ regime is choppy — avoid directional buys; ✗ timeframe confluence for CE (no-alignment)
[2026-07-21 12:03:25] [strategy] SENSEX: BUY_CE 77500.0 conf 90%
[2026-07-21 12:03:25] [strategy] 🔔[MEDIUM] SENSEX: BUY CE 77500.0 signal generated (confidence 90%)
[2026-07-21 12:03:27] [risk] REJECTED — ✓ autopilot not halted (consecutive losses) · ✓ market open · ✓ no open position on SENSEX · ✓ concurrent positions 0/10 · ✓ trades 0/100 · ✓ confidence 90≥70 · ✓ valid price points · ✓ risk-reward 2.8 ≥ 1:2 · ✓ strike 77500.0 not OTM (ATM 77500.0) · ✗ regime is choppy — avoid directional buys · ✗ timeframe confluence for CE (no-alignment) · ✓ no fresh news-risk block · ✓ daily loss limit (risking ₹1896, day P&L ₹0) · ✓ fresh SENSEX data (3s old)
[2026-07-21 12:03:27] [risk] 🔔[LOW] SENSEX: Signal REJECTED (90% conf): ✗ regime is choppy — avoid directional buys; ✗ timeframe confluence for CE (no-alignment)
[2026-07-21 12:06:15] [strategy] SENSEX: BUY_CE 77500.0 conf 90%
[2026-07-21 12:06:15] [strategy] 🔔[MEDIUM] SENSEX: BUY CE 77500.0 signal generated (confidence 90%)
[2026-07-21 12:06:17] [risk] REJECTED — ✓ autopilot not halted (consecutive losses) · ✓ market open · ✓ no open position on SENSEX · ✓ concurrent positions 0/10 · ✓ trades 0/100 · ✓ confidence 90≥70 · ✓ valid price points · ✓ risk-reward 2.8 ≥ 1:2 · ✓ strike 77500.0 not OTM (ATM 77500.0) · ✓ regime 'gap-and-fade' allows ['BUY_CE', 'BUY_PE'] · ✗ timeframe confluence for CE (no-alignment) · ✓ no fresh news-risk block · ✓ daily loss limit (risking ₹1896, day P&L ₹0) · ✓ fresh SENSEX data (3s old)
[2026-07-21 12:06:17] [risk] 🔔[LOW] SENSEX: Signal REJECTED (90% conf): ✗ timeframe confluence for CE (no-alignment)
[2026-07-21 12:08:24] [strategy] SENSEX: BUY_CE 77500.0 conf 60%
[2026-07-21 12:08:24] [strategy] 🔔[MEDIUM] SENSEX: BUY CE 77500.0 signal generated (confidence 60%)
[2026-07-21 12:08:27] [risk] REJECTED — ✓ autopilot not halted (consecutive losses) · ✓ market open · ✓ no open position on SENSEX · ✓ concurrent positions 0/10 · ✓ trades 0/100 · ✗ confidence 60≥70 · ✓ valid price points · ✗ risk-reward -1.4 ≥ 1:2 · ✓ strike 77500.0 not OTM (ATM 77500.0) · ✗ regime is choppy — avoid directional buys · ✗ timeframe confluence for CE (no-alignment) · ✓ no fresh news-risk block · ✓ daily loss limit (risking ₹3620, day P&L ₹0) · ✓ fresh SENSEX data (1s old)
[2026-07-21 12:08:27] [risk] 🔔[LOW] SENSEX: Signal REJECTED (60% conf): ✗ confidence 60≥70; ✗ risk-reward -1.4 ≥ 1:2; ✗ regime is choppy — avoid directional buys; ✗ timeframe confluence for CE (no-alignment)
[2026-07-21 12:11:19] [strategy] SENSEX: BUY_CE 77500.0 conf 60%
[2026-07-21 12:11:19] [strategy] 🔔[MEDIUM] SENSEX: BUY CE 77500.0 signal generated (confidence 60%)
[2026-07-21 12:11:23] [risk] REJECTED — ✓ autopilot not halted (consecutive losses) · ✓ market open · ✓ no open position on SENSEX · ✓ concurrent positions 0/10 · ✓ trades 0/100 · ✗ confidence 60≥70 · ✓ valid price points · ✗ risk-reward -1.9 ≥ 1:2 · ✓ strike 77500.0 not OTM (ATM 77500.0) · ✗ regime is choppy — avoid directional buys · ✗ timeframe confluence for CE (no-alignment) · ✓ no fresh news-risk block · ✓ daily loss limit (risking ₹1914, day P&L ₹0) · ✓ fresh SENSEX data (1s old)
[2026-07-21 12:11:23] [risk] 🔔[LOW] SENSEX: Signal REJECTED (60% conf): ✗ confidence 60≥70; ✗ risk-reward -1.9 ≥ 1:2; ✗ regime is choppy — avoid directional buys; ✗ timeframe confluence for CE (no-alignment)
[2026-07-21 12:13:20] [strategy] SENSEX: BUY_CE 77500.0 conf 60%
[2026-07-21 12:13:20] [strategy] 🔔[MEDIUM] SENSEX: BUY CE 77500.0 signal generated (confidence 60%)
[2026-07-21 12:13:23] [risk] REJECTED — ✓ autopilot not halted (consecutive losses) · ✓ market open · ✓ no open position on SENSEX · ✓ concurrent positions 0/10 · ✓ trades 0/100 · ✗ confidence 60≥70 · ✓ valid price points · ✗ risk-reward -1.9 ≥ 1:2 · ✓ strike 77500.0 not OTM (ATM 77500.0) · ✗ regime is choppy — avoid directional buys · ✗ timeframe confluence for CE (no-alignment) · ✓ no fresh news-risk block · ✓ daily loss limit (risking ₹1914, day P&L ₹0) · ✓ fresh SENSEX data (1s old)
[2026-07-21 12:13:23] [risk] 🔔[LOW] SENSEX: Signal REJECTED (60% conf): ✗ confidence 60≥70; ✗ risk-reward -1.9 ≥ 1:2; ✗ regime is choppy — avoid directional buys; ✗ timeframe confluence for CE (no-alignment)
[2026-07-21 12:13:39] [price_action] BANKNIFTY: vwap_pullback -> BUY_PE (pullback to anchor 57918, resumed down)
[2026-07-21 12:13:39] [price_action] FINNIFTY: vwap_pullback -> BUY_CE (pullback to anchor 26550, resumed up)
[2026-07-21 12:13:43] [risk] REJECTED — ✓ autopilot not halted (consecutive losses) · ✓ market open · ✓ no open position on BANKNIFTY · ✓ concurrent positions 0/10 · ✓ trades 0/100 · ✓ confidence 74≥70 · ✓ valid price points · ✓ risk-reward 2.0 ≥ 1:2 · ✓ strike 57900.0 not OTM (ATM 57900.0) · ✗ regime is choppy — avoid directional buys · ✗ timeframe confluence for PE (no-alignment) · ✓ no fresh news-risk block · ✓ daily loss limit (risking ₹6444, day P&L ₹0) · ✓ fresh BANKNIFTY data (12s old)
[2026-07-21 12:13:43] [risk] 🔔[LOW] BANKNIFTY: Signal REJECTED (74% conf): ✗ regime is choppy — avoid directional buys; ✗ timeframe confluence for PE (no-alignment)
[2026-07-21 12:13:48] [risk] REJECTED — ✓ autopilot not halted (consecutive losses) · ✓ market open · ✓ no open position on FINNIFTY · ✓ concurrent positions 0/10 · ✓ trades 0/100 · ✓ confidence 74≥70 · ✓ valid price points · ✓ risk-reward 2.0 ≥ 1:2 · ✓ strike 26550.0 not OTM (ATM 26550.0) · ✗ regime is choppy — avoid directional buys · ✗ timeframe confluence for CE (no-alignment) · ✓ no fresh news-risk block · ✓ daily loss limit (risking ₹8645, day P&L ₹0) · ✓ fresh FINNIFTY data (10s old)
[2026-07-21 12:13:48] [risk] 🔔[LOW] FINNIFTY: Signal REJECTED (74% conf): ✗ regime is choppy — avoid directional buys; ✗ timeframe confluence for CE (no-alignment)
[2026-07-21 12:15:30] [strategy] SENSEX: BUY_PE 77400 conf 80%
[2026-07-21 12:15:30] [strategy] 🔔[MEDIUM] SENSEX: BUY PE 77400 signal generated (confidence 80%)
[2026-07-21 12:15:33] [risk] REJECTED — ✓ autopilot not halted (consecutive losses) · ✓ market open · ✓ no open position on SENSEX · ✓ concurrent positions 0/10 · ✓ trades 0/100 · ✓ confidence 80≥70 · ✓ valid price points · ✓ risk-reward 2.2 ≥ 1:2 · ✓ strike 77400 not OTM (ATM 77400.0) · ✗ regime is choppy — avoid directional buys · ✗ timeframe confluence for PE (no-alignment) · ✓ no fresh news-risk block · ✓ daily loss limit (risking ₹1916, day P&L ₹0) · ✓ fresh SENSEX data (5s old)
[2026-07-21 12:15:33] [risk] 🔔[LOW] SENSEX: Signal REJECTED (80% conf): ✗ regime is choppy — avoid directional buys; ✗ timeframe confluence for PE (no-alignment)
[2026-07-21 12:18:27] [strategy] SENSEX: BUY_CE 77400.0 conf 75%
[2026-07-21 12:18:27] [strategy] 🔔[MEDIUM] SENSEX: BUY CE 77400.0 signal generated (confidence 75%)
[2026-07-21 12:18:28] [risk] REJECTED — ✓ autopilot not halted (consecutive losses) · ✓ market open · ✓ no open position on SENSEX · ✓ concurrent positions 0/10 · ✓ trades 0/100 · ✓ confidence 75≥70 · ✓ valid price points · ✗ risk-reward 1.1 ≥ 1:2 · ✓ strike 77400.0 not OTM (ATM 77400.0) · ✓ regime 'gap-and-fade' allows ['BUY_CE', 'BUY_PE'] · ✗ timeframe confluence for CE (no-alignment) · ✓ no fresh news-risk block · ✓ daily loss limit (risking ₹4736, day P&L ₹0) · ✓ fresh SENSEX data (4s old)
[2026-07-21 12:18:28] [risk] 🔔[LOW] SENSEX: Signal REJECTED (75% conf): ✗ risk-reward 1.1 ≥ 1:2; ✗ timeframe confluence for CE (no-alignment)
[2026-07-21 12:21:31] [strategy] SENSEX: BUY_PE 77500.0 conf 80%
[2026-07-21 12:21:31] [strategy] 🔔[MEDIUM] SENSEX: BUY PE 77500.0 signal generated (confidence 80%)
[2026-07-21 12:21:33] [risk] REJECTED — ✓ autopilot not halted (consecutive losses) · ✓ market open · ✓ no open position on SENSEX · ✓ concurrent positions 0/10 · ✓ trades 0/100 · ✓ confidence 80≥70 · ✓ valid price points · ✗ risk-reward 0.8 ≥ 1:2 · ✓ strike 77500.0 not OTM (ATM 77500.0) · ✓ regime 'gap-and-fade' allows ['BUY_CE', 'BUY_PE'] · ✗ timeframe confluence for PE (no-alignment) · ✓ no fresh news-risk block · ✓ daily loss limit (risking ₹3594, day P&L ₹0) · ✓ fresh SENSEX data (1s old)
[2026-07-21 12:21:33] [risk] 🔔[LOW] SENSEX: Signal REJECTED (80% conf): ✗ risk-reward 0.8 ≥ 1:2; ✗ timeframe confluence for PE (no-alignment)
[2026-07-21 12:24:42] [strategy] SENSEX: BUY_PE 77500.0 conf 60%
[2026-07-21 12:24:42] [strategy] 🔔[MEDIUM] SENSEX: BUY PE 77500.0 signal generated (confidence 60%)
[2026-07-21 12:24:43] [risk] REJECTED — ✓ autopilot not halted (consecutive losses) · ✓ market open · ✓ no open position on SENSEX · ✓ concurrent positions 0/10 · ✓ trades 0/100 · ✗ confidence 60≥70 · ✓ valid price points · ✓ risk-reward 2.4 ≥ 1:2 · ✓ strike 77500.0 not OTM (ATM 77500.0) · ✓ regime 'gap-and-fade' allows ['BUY_CE', 'BUY_PE'] · ✗ timeframe confluence for PE (no-alignment) · ✓ no fresh news-risk block · ✓ daily loss limit (risking ₹1736, day P&L ₹0) · ✓ fresh SENSEX data (3s old)
[2026-07-21 12:24:43] [risk] 🔔[LOW] SENSEX: Signal REJECTED (60% conf): ✗ confidence 60≥70; ✗ timeframe confluence for PE (no-alignment)
[2026-07-21 12:27:23] [strategy] SENSEX: BUY_CE|BUY_PE 77500.0 conf 70%
[2026-07-21 12:27:23] [strategy] 🔔[MEDIUM] SENSEX: BUY CE|BUY PE 77500.0 signal generated (confidence 70%)
[2026-07-21 12:27:23] [risk] REJECTED — ✓ autopilot not halted (consecutive losses) · ✓ market open · ✓ no open position on SENSEX · ✓ concurrent positions 0/10 · ✓ trades 0/100 · ✓ confidence 70≥70 · ✓ valid price points · ✓ risk-reward 3.3 ≥ 1:2 · ✗ regime 'gap-and-fade' allows ['BUY_CE', 'BUY_PE'] · ✓ no fresh news-risk block · ✓ daily loss limit (risking ₹1932, day P&L ₹0) · ✓ fresh SENSEX data (5s old)
[2026-07-21 12:27:23] [risk] 🔔[LOW] SENSEX: Signal REJECTED (70% conf): ✗ regime 'gap-and-fade' allows ['BUY_CE', 'BUY_PE']
[2026-07-21 12:29:46] [strategy] SENSEX: BUY_PE 77400.0 conf 90%
[2026-07-21 12:29:46] [strategy] 🔔[MEDIUM] SENSEX: BUY PE 77400.0 signal generated (confidence 90%)
[2026-07-21 12:29:49] [risk] REJECTED — ✓ autopilot not halted (consecutive losses) · ✓ market open · ✓ no open position on SENSEX · ✓ concurrent positions 0/10 · ✓ trades 0/100 · ✓ confidence 90≥70 · ✓ valid price points · ✗ risk-reward 1.0 ≥ 1:2 · ✓ strike 77400.0 not OTM (ATM 77400.0) · ✗ regime is choppy — avoid directional buys · ✗ timeframe confluence for PE (no-alignment) · ✓ no fresh news-risk block · ✓ daily loss limit (risking ₹1794, day P&L ₹0) · ✓ fresh SENSEX data (6s old)
[2026-07-21 12:29:49] [risk] 🔔[LOW] SENSEX: Signal REJECTED (90% conf): ✗ risk-reward 1.0 ≥ 1:2; ✗ regime is choppy — avoid directional buys; ✗ timeframe confluence for PE (no-alignment)
[2026-07-21 12:32:51] [strategy] SENSEX: BUY_PE 77500.0 conf 70%
[2026-07-21 12:32:51] [strategy] 🔔[MEDIUM] SENSEX: BUY PE 77500.0 signal generated (confidence 70%)
[2026-07-21 12:32:54] [risk] REJECTED — ✓ autopilot not halted (consecutive losses) · ✓ market open · ✓ no open position on SENSEX · ✓ concurrent positions 0/10 · ✓ trades 0/100 · ✓ confidence 70≥70 · ✓ valid price points · ✗ risk-reward 0.8 ≥ 1:2 · ✓ strike 77500.0 not OTM (ATM 77500.0) · ✗ regime is choppy — avoid directional buys · ✗ timeframe confluence for PE (no-alignment) · ✓ no fresh news-risk block · ✓ daily loss limit (risking ₹3594, day P&L ₹0) · ✓ fresh SENSEX data (2s old)
[2026-07-21 12:32:54] [risk] 🔔[LOW] SENSEX: Signal REJECTED (70% conf): ✗ risk-reward 0.8 ≥ 1:2; ✗ regime is choppy — avoid directional buys; ✗ timeframe confluence for PE (no-alignment)
[2026-07-21 12:35:44] [strategy] SENSEX: BUY_CE 77500.0 conf 60%
[2026-07-21 12:35:44] [strategy] 🔔[MEDIUM] SENSEX: BUY CE 77500.0 signal generated (confidence 60%)
[2026-07-21 12:35:49] [risk] REJECTED — ✓ autopilot not halted (consecutive losses) · ✓ market open · ✓ no open position on SENSEX · ✓ concurrent positions 0/10 · ✓ trades 0/100 · ✗ confidence 60≥70 · ✓ valid price points · ✓ risk-reward 2.3 ≥ 1:2 · ✓ strike 77500.0 not OTM (ATM 77500.0) · ✗ regime is choppy — avoid directional buys · ✗ timeframe confluence for CE (no-alignment) · ✓ no fresh news-risk block · ✓ daily loss limit (risking ₹1936, day P&L ₹0) · ✓ fresh SENSEX data (2s old)
[2026-07-21 12:35:49] [risk] 🔔[LOW] SENSEX: Signal REJECTED (60% conf): ✗ confidence 60≥70; ✗ regime is choppy — avoid directional buys; ✗ timeframe confluence for CE (no-alignment)
[2026-07-21 12:38:51] [strategy] SENSEX: BUY_PE 77500.0 conf 60%
[2026-07-21 12:38:51] [strategy] 🔔[MEDIUM] SENSEX: BUY PE 77500.0 signal generated (confidence 60%)
[2026-07-21 12:38:54] [risk] REJECTED — ✓ autopilot not halted (consecutive losses) · ✓ market open · ✓ no open position on SENSEX · ✓ concurrent positions 0/10 · ✓ trades 0/100 · ✗ confidence 60≥70 · ✓ valid price points · ✗ risk-reward 0.6 ≥ 1:2 · ✓ strike 77500.0 not OTM (ATM 77500.0) · ✓ regime 'gap-and-fade' allows ['BUY_CE', 'BUY_PE'] · ✗ timeframe confluence for PE (no-alignment) · ✓ no fresh news-risk block · ✓ daily loss limit (risking ₹3498, day P&L ₹0) · ✓ fresh SENSEX data (5s old)
[2026-07-21 12:38:54] [risk] 🔔[LOW] SENSEX: Signal REJECTED (60% conf): ✗ confidence 60≥70; ✗ risk-reward 0.6 ≥ 1:2; ✗ timeframe confluence for PE (no-alignment)
[2026-07-21 12:42:08] [strategy] SENSEX: BUY_CE 77500.0 conf 70%
[2026-07-21 12:42:08] [strategy] 🔔[MEDIUM] SENSEX: BUY CE 77500.0 signal generated (confidence 70%)
[2026-07-21 12:42:10] [risk] REJECTED — ✓ autopilot not halted (consecutive losses) · ✓ market open · ✓ no open position on SENSEX · ✓ concurrent positions 0/10 · ✓ trades 0/100 · ✓ confidence 70≥70 · ✓ valid price points · ✓ risk-reward 2.8 ≥ 1:2 · ✓ strike 77500.0 not OTM (ATM 77500.0) · ✓ regime 'gap-and-fade' allows ['BUY_CE', 'BUY_PE'] · ✗ timeframe confluence for CE (no-alignment) · ✓ no fresh news-risk block · ✓ daily loss limit (risking ₹2068, day P&L ₹0) · ✓ fresh SENSEX data (4s old)
[2026-07-21 12:42:10] [risk] 🔔[LOW] SENSEX: Signal REJECTED (70% conf): ✗ timeframe confluence for CE (no-alignment)
[2026-07-21 12:44:40] [price_action] NIFTY: orb -> BUY_PE (broke OR low 24178 (range 48))
[2026-07-21 12:44:45] [risk] REJECTED — ✓ autopilot not halted (consecutive losses) · ✓ market open · ✓ no open position on NIFTY · ✓ concurrent positions 0/10 · ✓ trades 0/100 · ✓ confidence 74≥70 · ✓ valid price points · ✓ risk-reward 2.0 ≥ 1:2 · ✓ strike 24150.0 not OTM (ATM 24150.0) · ✗ regime is choppy — avoid directional buys · ✗ timeframe confluence for PE (no-alignment) · ✓ no fresh news-risk block · ✓ daily loss limit (risking ₹788, day P&L ₹0) · ✓ fresh NIFTY data (17s old)
[2026-07-21 12:44:45] [risk] 🔔[LOW] NIFTY: Signal REJECTED (74% conf): ✗ regime is choppy — avoid directional buys; ✗ timeframe confluence for PE (no-alignment)
[2026-07-21 12:44:54] [strategy] SENSEX: BUY_CE 77400.0 conf 70%
[2026-07-21 12:44:54] [strategy] 🔔[MEDIUM] SENSEX: BUY CE 77400.0 signal generated (confidence 70%)
[2026-07-21 12:44:55] [risk] REJECTED — ✓ autopilot not halted (consecutive losses) · ✓ market open · ✓ no open position on SENSEX · ✓ concurrent positions 0/10 · ✓ trades 0/100 · ✓ confidence 70≥70 · ✓ valid price points · ✓ risk-reward 2.4 ≥ 1:2 · ✓ strike 77400.0 not OTM (ATM 77400.0) · ✗ regime is choppy — avoid directional buys · ✗ timeframe confluence for CE (no-alignment) · ✓ no fresh news-risk block · ✓ daily loss limit (risking ₹2014, day P&L ₹0) · ✓ fresh SENSEX data (5s old)
[2026-07-21 12:44:55] [risk] 🔔[LOW] SENSEX: Signal REJECTED (70% conf): ✗ regime is choppy — avoid directional buys; ✗ timeframe confluence for CE (no-alignment)
[2026-07-21 12:47:58] [strategy] SENSEX: BUY_CE 77400.0 conf 70%
[2026-07-21 12:47:58] [strategy] 🔔[MEDIUM] SENSEX: BUY CE 77400.0 signal generated (confidence 70%)
[2026-07-21 12:48:00] [risk] REJECTED — ✓ autopilot not halted (consecutive losses) · ✓ market open · ✓ no open position on SENSEX · ✓ concurrent positions 0/10 · ✓ trades 0/100 · ✓ confidence 70≥70 · ✓ valid price points · ✗ risk-reward 0.6 ≥ 1:2 · ✓ strike 77400.0 not OTM (ATM 77400.0) · ✗ regime is choppy — avoid directional buys · ✗ timeframe confluence for CE (no-alignment) · ✓ no fresh news-risk block · ✓ daily loss limit (risking ₹3802, day P&L ₹0) · ✓ fresh SENSEX data (2s old)
[2026-07-21 12:48:00] [risk] 🔔[LOW] SENSEX: Signal REJECTED (70% conf): ✗ risk-reward 0.6 ≥ 1:2; ✗ regime is choppy — avoid directional buys; ✗ timeframe confluence for CE (no-alignment)
[2026-07-21 12:50:33] [strategy] SENSEX: BUY_CE 77400.0 conf 70%
[2026-07-21 12:50:33] [strategy] 🔔[MEDIUM] SENSEX: BUY CE 77400.0 signal generated (confidence 70%)
[2026-07-21 12:50:35] [risk] REJECTED — ✓ autopilot not halted (consecutive losses) · ✓ market open · ✓ no open position on SENSEX · ✓ concurrent positions 0/10 · ✓ trades 0/100 · ✓ confidence 70≥70 · ✓ valid price points · ✗ risk-reward 0.6 ≥ 1:2 · ✓ strike 77400.0 not OTM (ATM 77400.0) · ✓ regime 'gap-and-fade' allows ['BUY_CE', 'BUY_PE'] · ✗ timeframe confluence for CE (no-alignment) · ✓ no fresh news-risk block · ✓ daily loss limit (risking ₹3802, day P&L ₹0) · ✓ fresh SENSEX data (6s old)
[2026-07-21 12:50:35] [risk] 🔔[LOW] SENSEX: Signal REJECTED (70% conf): ✗ risk-reward 0.6 ≥ 1:2; ✗ timeframe confluence for CE (no-alignment)
[2026-07-21 12:52:33] [strategy] SENSEX: BUY_PE 77400 conf 90%
[2026-07-21 12:52:33] [strategy] 🔔[MEDIUM] SENSEX: BUY PE 77400 signal generated (confidence 90%)
[2026-07-21 12:52:36] [risk] REJECTED — ✓ autopilot not halted (consecutive losses) · ✓ market open · ✓ no open position on SENSEX · ✓ concurrent positions 0/10 · ✓ trades 0/100 · ✓ confidence 90≥70 · ✓ valid price points · ✗ risk-reward 0.8 ≥ 1:2 · ✓ strike 77400 not OTM (ATM 77400.0) · ✓ regime 'gap-and-fade' allows ['BUY_CE', 'BUY_PE'] · ✗ timeframe confluence for PE (no-alignment) · ✓ no fresh news-risk block · ✓ daily loss limit (risking ₹1774, day P&L ₹0) · ✓ fresh SENSEX data (0s old)
[2026-07-21 12:52:36] [risk] 🔔[LOW] SENSEX: Signal REJECTED (90% conf): ✗ risk-reward 0.8 ≥ 1:2; ✗ timeframe confluence for PE (no-alignment)
[2026-07-21 12:55:01] [strategy] SENSEX: BUY_PE 77400 conf 80%
[2026-07-21 12:55:01] [strategy] 🔔[MEDIUM] SENSEX: BUY PE 77400 signal generated (confidence 80%)
[2026-07-21 12:55:06] [risk] REJECTED — ✓ autopilot not halted (consecutive losses) · ✓ market open · ✓ no open position on SENSEX · ✓ concurrent positions 0/10 · ✓ trades 0/100 · ✓ confidence 80≥70 · ✓ valid price points · ✗ risk-reward 1.1 ≥ 1:2 · ✓ strike 77400 not OTM (ATM 77400.0) · ✓ regime 'gap-and-fade' allows ['BUY_CE', 'BUY_PE'] · ✗ timeframe confluence for PE (no-alignment) · ✓ no fresh news-risk block · ✓ daily loss limit (risking ₹2910, day P&L ₹0) · ✓ fresh SENSEX data (6s old)
[2026-07-21 12:55:06] [risk] 🔔[LOW] SENSEX: Signal REJECTED (80% conf): ✗ risk-reward 1.1 ≥ 1:2; ✗ timeframe confluence for PE (no-alignment)
[2026-07-21 12:57:36] [strategy] SENSEX: BUY_PE 77400 conf 80%
[2026-07-21 12:57:36] [strategy] 🔔[MEDIUM] SENSEX: BUY PE 77400 signal generated (confidence 80%)
[2026-07-21 12:57:41] [price_action] BANKNIFTY: vwap_pullback -> BUY_PE (pullback to anchor 57948, resumed down)
[2026-07-21 12:57:41] [risk] REJECTED — ✓ autopilot not halted (consecutive losses) · ✓ market open · ✓ no open position on SENSEX · ✓ concurrent positions 0/10 · ✓ trades 0/100 · ✓ confidence 80≥70 · ✓ valid price points · ✗ risk-reward 1.1 ≥ 1:2 · ✓ strike 77400 not OTM (ATM 77400.0) · ✓ regime 'gap-and-fade' allows ['BUY_CE', 'BUY_PE'] · ✗ timeframe confluence for PE (no-alignment) · ✓ no fresh news-risk block · ✓ daily loss limit (risking ₹2910, day P&L ₹0) · ✓ fresh SENSEX data (3s old)
[2026-07-21 12:57:41] [risk] 🔔[LOW] SENSEX: Signal REJECTED (80% conf): ✗ risk-reward 1.1 ≥ 1:2; ✗ timeframe confluence for PE (no-alignment)
[2026-07-21 12:57:46] [risk] REJECTED — ✓ autopilot not halted (consecutive losses) · ✓ market open · ✓ no open position on BANKNIFTY · ✓ concurrent positions 0/10 · ✓ trades 0/100 · ✓ confidence 74≥70 · ✓ valid price points · ✓ risk-reward 2.0 ≥ 1:2 · ✓ strike 57900.0 not OTM (ATM 57900.0) · ✓ regime 'mixed' allows ['BUY_CE', 'BUY_PE'] · ✗ timeframe confluence for PE (no-alignment) · ✓ no fresh news-risk block · ✓ daily loss limit (risking ₹6600, day P&L ₹0) · ✓ fresh BANKNIFTY data (18s old)
[2026-07-21 12:57:46] [risk] 🔔[LOW] BANKNIFTY: Signal REJECTED (74% conf): ✗ timeframe confluence for PE (no-alignment)
[2026-07-21 13:00:06] [strategy] SENSEX: BUY_PE 77400.0 conf 70%
[2026-07-21 13:00:06] [strategy] 🔔[MEDIUM] SENSEX: BUY PE 77400.0 signal generated (confidence 70%)
[2026-07-21 13:00:06] [risk] REJECTED — ✓ autopilot not halted (consecutive losses) · ✓ market open · ✓ no open position on SENSEX · ✓ concurrent positions 0/10 · ✓ trades 0/100 · ✓ confidence 70≥70 · ✓ valid price points · ✗ risk-reward 1.0 ≥ 1:2 · ✓ strike 77400.0 not OTM (ATM 77400.0) · ✓ regime 'gap-and-fade' allows ['BUY_CE', 'BUY_PE'] · ✗ timeframe confluence for PE (no-alignment) · ✓ no fresh news-risk block · ✓ daily loss limit (risking ₹3046, day P&L ₹0) · ✓ fresh SENSEX data (4s old)
[2026-07-21 13:00:06] [risk] 🔔[LOW] SENSEX: Signal REJECTED (70% conf): ✗ risk-reward 1.0 ≥ 1:2; ✗ timeframe confluence for PE (no-alignment)
[2026-07-21 13:02:36] [strategy] SENSEX: BUY_CE 77400.0 conf 70%
[2026-07-21 13:02:36] [strategy] 🔔[MEDIUM] SENSEX: BUY CE 77400.0 signal generated (confidence 70%)
[2026-07-21 13:02:37] [risk] REJECTED — ✓ autopilot not halted (consecutive losses) · ✓ market open · ✓ no open position on SENSEX · ✓ concurrent positions 0/10 · ✓ trades 0/100 · ✓ confidence 70≥70 · ✓ valid price points · ✗ risk-reward -1.9 ≥ 1:2 · ✓ strike 77400.0 not OTM (ATM 77400.0) · ✓ regime 'gap-and-fade' allows ['BUY_CE', 'BUY_PE'] · ✗ timeframe confluence for CE (no-alignment) · ✓ no fresh news-risk block · ✓ daily loss limit (risking ₹1866, day P&L ₹0) · ✓ fresh SENSEX data (3s old)
[2026-07-21 13:02:37] [risk] 🔔[LOW] SENSEX: Signal REJECTED (70% conf): ✗ risk-reward -1.9 ≥ 1:2; ✗ timeframe confluence for CE (no-alignment)
[2026-07-21 13:04:36] [strategy] SENSEX: BUY_PE 77400.0 conf 60%
[2026-07-21 13:04:36] [strategy] 🔔[MEDIUM] SENSEX: BUY PE 77400.0 signal generated (confidence 60%)
[2026-07-21 13:04:37] [risk] REJECTED — ✓ autopilot not halted (consecutive losses) · ✓ market open · ✓ no open position on SENSEX · ✓ concurrent positions 0/10 · ✓ trades 0/100 · ✗ confidence 60≥70 · ✓ valid price points · ✓ risk-reward 2.2 ≥ 1:2 · ✓ strike 77400.0 not OTM (ATM 77300.0) · ✓ regime 'gap-and-fade' allows ['BUY_CE', 'BUY_PE'] · ✗ timeframe confluence for PE (no-alignment) · ✓ no fresh news-risk block · ✓ daily loss limit (risking ₹1830, day P&L ₹0) · ✓ fresh SENSEX data (3s old)
[2026-07-21 13:04:37] [risk] 🔔[LOW] SENSEX: Signal REJECTED (60% conf): ✗ confidence 60≥70; ✗ timeframe confluence for PE (no-alignment)
[2026-07-21 13:06:42] [strategy] SENSEX: BUY_PE 77400.0 conf 60%
[2026-07-21 13:06:42] [strategy] 🔔[MEDIUM] SENSEX: BUY PE 77400.0 signal generated (confidence 60%)
[2026-07-21 13:06:42] [risk] REJECTED — ✓ autopilot not halted (consecutive losses) · ✓ market open · ✓ no open position on SENSEX · ✓ concurrent positions 0/10 · ✓ trades 0/100 · ✗ confidence 60≥70 · ✓ valid price points · ✓ risk-reward 2.2 ≥ 1:2 · ✓ strike 77400.0 not OTM (ATM 77400.0) · ✓ regime 'gap-and-fade' allows ['BUY_CE', 'BUY_PE'] · ✗ timeframe confluence for PE (no-alignment) · ✓ no fresh news-risk block · ✓ daily loss limit (risking ₹1830, day P&L ₹0) · ✓ fresh SENSEX data (3s old)
[2026-07-21 13:06:42] [risk] 🔔[LOW] SENSEX: Signal REJECTED (60% conf): ✗ confidence 60≥70; ✗ timeframe confluence for PE (no-alignment)
[2026-07-21 13:09:11] [strategy] SENSEX: BUY_PE 77400.0 conf 80%
[2026-07-21 13:09:11] [strategy] 🔔[MEDIUM] SENSEX: BUY PE 77400.0 signal generated (confidence 80%)
[2026-07-21 13:09:12] [risk] REJECTED — ✓ autopilot not halted (consecutive losses) · ✓ market open · ✓ no open position on SENSEX · ✓ concurrent positions 0/10 · ✓ trades 0/100 · ✓ confidence 80≥70 · ✓ valid price points · ✗ risk-reward 1.0 ≥ 1:2 · ✓ strike 77400.0 not OTM (ATM 77400.0) · ✓ regime 'gap-and-fade' allows ['BUY_CE', 'BUY_PE'] · ✗ timeframe confluence for PE (no-alignment) · ✓ no fresh news-risk block · ✓ daily loss limit (risking ₹1966, day P&L ₹0) · ✓ fresh SENSEX data (1s old)
[2026-07-21 13:09:12] [risk] 🔔[LOW] SENSEX: Signal REJECTED (80% conf): ✗ risk-reward 1.0 ≥ 1:2; ✗ timeframe confluence for PE (no-alignment)
[2026-07-21 13:12:12] [strategy] SENSEX: BUY_CE 77400.0 conf 70%
[2026-07-21 13:12:12] [strategy] 🔔[MEDIUM] SENSEX: BUY CE 77400.0 signal generated (confidence 70%)
[2026-07-21 13:12:13] [risk] REJECTED — ✓ autopilot not halted (consecutive losses) · ✓ market open · ✓ no open position on SENSEX · ✓ concurrent positions 0/10 · ✓ trades 0/100 · ✓ confidence 70≥70 · ✓ valid price points · ✗ risk-reward -1.9 ≥ 1:2 · ✓ strike 77400.0 not OTM (ATM 77400.0) · ✓ regime 'gap-and-fade' allows ['BUY_CE', 'BUY_PE'] · ✗ timeframe confluence for CE (no-alignment) · ✓ no fresh news-risk block · ✓ daily loss limit (risking ₹1890, day P&L ₹0) · ✓ fresh SENSEX data (5s old)
[2026-07-21 13:12:13] [risk] 🔔[LOW] SENSEX: Signal REJECTED (70% conf): ✗ risk-reward -1.9 ≥ 1:2; ✗ timeframe confluence for CE (no-alignment)
[2026-07-21 13:13:42] [price_action] FINNIFTY: vwap_pullback -> BUY_PE (pullback to anchor 26565, resumed down)
[2026-07-21 13:13:43] [risk] REJECTED — ✓ autopilot not halted (consecutive losses) · ✓ market open · ✓ no open position on FINNIFTY · ✓ concurrent positions 0/10 · ✓ trades 0/100 · ✓ confidence 74≥70 · ✓ valid price points · ✓ risk-reward 2.0 ≥ 1:2 · ✓ strike 26550.0 not OTM (ATM 26550.0) · ✓ regime 'mixed' allows ['BUY_CE', 'BUY_PE'] · ✗ timeframe confluence for PE (no-alignment) · ✓ no fresh news-risk block · ✓ daily loss limit (risking ₹6662, day P&L ₹0) · ✓ fresh FINNIFTY data (10s old)
[2026-07-21 13:13:43] [risk] 🔔[LOW] FINNIFTY: Signal REJECTED (74% conf): ✗ timeframe confluence for PE (no-alignment)
[2026-07-21 13:14:43] [strategy] SENSEX: BUY_CE|WAIT 77400.0 conf 60%
[2026-07-21 13:14:43] [strategy] 🔔[MEDIUM] SENSEX: BUY CE|WAIT 77400.0 signal generated (confidence 60%)
[2026-07-21 13:14:43] [risk] REJECTED — ✓ autopilot not halted (consecutive losses) · ✓ market open · ✓ no open position on SENSEX · ✓ concurrent positions 0/10 · ✓ trades 0/100 · ✗ confidence 60≥70 · ✓ valid price points · ✗ risk-reward -1.9 ≥ 1:2 · ✗ regime 'gap-and-fade' allows ['BUY_CE', 'BUY_PE'] · ✓ no fresh news-risk block · ✓ daily loss limit (risking ₹1862, day P&L ₹0) · ✓ fresh SENSEX data (4s old)
[2026-07-21 13:14:43] [risk] 🔔[LOW] SENSEX: Signal REJECTED (60% conf): ✗ confidence 60≥70; ✗ risk-reward -1.9 ≥ 1:2; ✗ regime 'gap-and-fade' allows ['BUY_CE', 'BUY_PE']
[2026-07-21 13:17:11] [strategy] SENSEX: BUY_CE 77400.0 conf 75%
[2026-07-21 13:17:11] [strategy] 🔔[MEDIUM] SENSEX: BUY CE 77400.0 signal generated (confidence 75%)
[2026-07-21 13:17:13] [risk] REJECTED — ✓ autopilot not halted (consecutive losses) · ✓ market open · ✓ no open position on SENSEX · ✓ concurrent positions 0/10 · ✓ trades 0/100 · ✓ confidence 75≥70 · ✓ valid price points · ✗ risk-reward 1.1 ≥ 1:2 · ✓ strike 77400.0 not OTM (ATM 77400.0) · ✓ regime 'gap-and-fade' allows ['BUY_CE', 'BUY_PE'] · ✗ timeframe confluence for CE (no-alignment) · ✓ no fresh news-risk block · ✓ daily loss limit (risking ₹2752, day P&L ₹0) · ✓ fresh SENSEX data (4s old)
[2026-07-21 13:17:13] [risk] 🔔[LOW] SENSEX: Signal REJECTED (75% conf): ✗ risk-reward 1.1 ≥ 1:2; ✗ timeframe confluence for CE (no-alignment)
[2026-07-21 13:19:47] [strategy] SENSEX: BUY_CE 77400.0 conf 70%
[2026-07-21 13:19:47] [strategy] 🔔[MEDIUM] SENSEX: BUY CE 77400.0 signal generated (confidence 70%)
[2026-07-21 13:19:48] [risk] REJECTED — ✓ autopilot not halted (consecutive losses) · ✓ market open · ✓ no open position on SENSEX · ✓ concurrent positions 0/10 · ✓ trades 0/100 · ✓ confidence 70≥70 · ✓ valid price points · ✗ risk-reward -1.9 ≥ 1:2 · ✓ strike 77400.0 not OTM (ATM 77400.0) · ✓ regime 'gap-and-fade' allows ['BUY_CE', 'BUY_PE'] · ✗ timeframe confluence for CE (no-alignment) · ✓ no fresh news-risk block · ✓ daily loss limit (risking ₹1878, day P&L ₹0) · ✓ fresh SENSEX data (2s old)
[2026-07-21 13:19:48] [risk] 🔔[LOW] SENSEX: Signal REJECTED (70% conf): ✗ risk-reward -1.9 ≥ 1:2; ✗ timeframe confluence for CE (no-alignment)
[2026-07-21 13:22:17] [strategy] SENSEX: BUY_CE 77400.0 conf 60%
[2026-07-21 13:22:17] [strategy] 🔔[MEDIUM] SENSEX: BUY CE 77400.0 signal generated (confidence 60%)
[2026-07-21 13:22:19] [risk] REJECTED — ✓ autopilot not halted (consecutive losses) · ✓ market open · ✓ no open position on SENSEX · ✓ concurrent positions 0/10 · ✓ trades 0/100 · ✗ confidence 60≥70 · ✓ valid price points · ✗ risk-reward -1.9 ≥ 1:2 · ✓ strike 77400.0 not OTM (ATM 77400.0) · ✓ regime 'gap-and-fade' allows ['BUY_CE', 'BUY_PE'] · ✗ timeframe confluence for CE (no-alignment) · ✓ no fresh news-risk block · ✓ daily loss limit (risking ₹1888, day P&L ₹0) · ✓ fresh SENSEX data (1s old)
[2026-07-21 13:22:19] [risk] 🔔[LOW] SENSEX: Signal REJECTED (60% conf): ✗ confidence 60≥70; ✗ risk-reward -1.9 ≥ 1:2; ✗ timeframe confluence for CE (no-alignment)
[2026-07-21 13:25:09] [strategy] SENSEX: BUY_CE 77400.0 conf 80%
[2026-07-21 13:25:09] [strategy] 🔔[MEDIUM] SENSEX: BUY CE 77400.0 signal generated (confidence 80%)
[2026-07-21 13:25:14] [risk] REJECTED — ✓ autopilot not halted (consecutive losses) · ✓ market open · ✓ no open position on SENSEX · ✓ concurrent positions 0/10 · ✓ trades 0/100 · ✓ confidence 80≥70 · ✓ valid price points · ✗ risk-reward 0.9 ≥ 1:2 · ✓ strike 77400.0 not OTM (ATM 77400.0) · ✓ regime 'gap-and-fade' allows ['BUY_CE', 'BUY_PE'] · ✗ timeframe confluence for CE (no-alignment) · ✓ no fresh news-risk block · ✓ daily loss limit (risking ₹5260, day P&L ₹0) · ✓ fresh SENSEX data (5s old)
[2026-07-21 13:25:14] [risk] 🔔[LOW] SENSEX: Signal REJECTED (80% conf): ✗ risk-reward 0.9 ≥ 1:2; ✗ timeframe confluence for CE (no-alignment)
[2026-07-21 13:28:16] [strategy] SENSEX: BUY_CE 77400.0 conf 80%
[2026-07-21 13:28:16] [strategy] 🔔[MEDIUM] SENSEX: BUY CE 77400.0 signal generated (confidence 80%)
[2026-07-21 13:28:19] [risk] REJECTED — ✓ autopilot not halted (consecutive losses) · ✓ market open · ✓ no open position on SENSEX · ✓ concurrent positions 0/10 · ✓ trades 0/100 · ✓ confidence 80≥70 · ✓ valid price points · ✗ risk-reward -1.4 ≥ 1:2 · ✓ strike 77400.0 not OTM (ATM 77400.0) · ✓ regime 'gap-and-fade' allows ['BUY_CE', 'BUY_PE'] · ✗ timeframe confluence for CE (no-alignment) · ✓ no fresh news-risk block · ✓ daily loss limit (risking ₹3834, day P&L ₹0) · ✓ fresh SENSEX data (1s old)
[2026-07-21 13:28:19] [risk] 🔔[LOW] SENSEX: Signal REJECTED (80% conf): ✗ risk-reward -1.4 ≥ 1:2; ✗ timeframe confluence for CE (no-alignment)
[2026-07-21 13:31:21] [strategy] SENSEX: BUY_CE 77400.0 conf 80%
[2026-07-21 13:31:21] [strategy] 🔔[MEDIUM] SENSEX: BUY CE 77400.0 signal generated (confidence 80%)
[2026-07-21 13:31:24] [risk] REJECTED — ✓ autopilot not halted (consecutive losses) · ✓ market open · ✓ no open position on SENSEX · ✓ concurrent positions 0/10 · ✓ trades 0/100 · ✓ confidence 80≥70 · ✓ valid price points · ✗ risk-reward 0.6 ≥ 1:2 · ✓ strike 77400.0 not OTM (ATM 77400.0) · ✓ regime 'gap-and-fade' allows ['BUY_CE', 'BUY_PE'] · ✗ timeframe confluence for CE (no-alignment) · ✓ no fresh news-risk block · ✓ daily loss limit (risking ₹3838, day P&L ₹0) · ✓ fresh SENSEX data (4s old)
[2026-07-21 13:31:24] [risk] 🔔[LOW] SENSEX: Signal REJECTED (80% conf): ✗ risk-reward 0.6 ≥ 1:2; ✗ timeframe confluence for CE (no-alignment)
[2026-07-21 13:34:13] [strategy] SENSEX: BUY_CE 77400.0 conf 70%
[2026-07-21 13:34:13] [strategy] 🔔[MEDIUM] SENSEX: BUY CE 77400.0 signal generated (confidence 70%)
[2026-07-21 13:34:15] [risk] REJECTED — ✓ autopilot not halted (consecutive losses) · ✓ market open · ✓ no open position on SENSEX · ✓ concurrent positions 0/10 · ✓ trades 0/100 · ✓ confidence 70≥70 · ✓ valid price points · ✗ risk-reward 0.7 ≥ 1:2 · ✓ strike 77400.0 not OTM (ATM 77400.0) · ✓ regime 'gap-and-fade' allows ['BUY_CE', 'BUY_PE'] · ✗ timeframe confluence for CE (no-alignment) · ✓ no fresh news-risk block · ✓ daily loss limit (risking ₹6226, day P&L ₹0) · ✓ fresh SENSEX data (5s old)
[2026-07-21 13:34:15] [risk] 🔔[LOW] SENSEX: Signal REJECTED (70% conf): ✗ risk-reward 0.7 ≥ 1:2; ✗ timeframe confluence for CE (no-alignment)
[2026-07-21 13:37:14] [strategy] SENSEX: BUY_CE|BUY_PE 77500.0 conf 70%
[2026-07-21 13:37:14] [strategy] 🔔[MEDIUM] SENSEX: BUY CE|BUY PE 77500.0 signal generated (confidence 70%)
[2026-07-21 13:37:15] [risk] REJECTED — ✓ autopilot not halted (consecutive losses) · ✓ market open · ✓ no open position on SENSEX · ✓ concurrent positions 0/10 · ✓ trades 0/100 · ✓ confidence 70≥70 · ✓ valid price points · ✗ risk-reward 1.4 ≥ 1:2 · ✗ regime 'gap-and-fade' allows ['BUY_CE', 'BUY_PE'] · ✓ no fresh news-risk block · ✓ daily loss limit (risking ₹5056, day P&L ₹0) · ✓ fresh SENSEX data (2s old)
[2026-07-21 13:37:15] [risk] 🔔[LOW] SENSEX: Signal REJECTED (70% conf): ✗ risk-reward 1.4 ≥ 1:2; ✗ regime 'gap-and-fade' allows ['BUY_CE', 'BUY_PE']
[2026-07-21 13:40:18] [strategy] SENSEX: BUY_CE 77500.0 conf 70%
[2026-07-21 13:40:18] [strategy] 🔔[MEDIUM] SENSEX: BUY CE 77500.0 signal generated (confidence 70%)
[2026-07-21 13:40:20] [risk] REJECTED — ✓ autopilot not halted (consecutive losses) · ✓ market open · ✓ no open position on SENSEX · ✓ concurrent positions 0/10 · ✓ trades 0/100 · ✓ confidence 70≥70 · ✓ valid price points · ✗ risk-reward 0.6 ≥ 1:2 · ✓ strike 77500.0 not OTM (ATM 77500.0) · ✓ regime 'gap-and-fade' allows ['BUY_CE', 'BUY_PE'] · ✗ timeframe confluence for CE (no-alignment) · ✓ no fresh news-risk block · ✓ daily loss limit (risking ₹3486, day P&L ₹0) · ✓ fresh SENSEX data (1s old)
[2026-07-21 13:40:20] [risk] 🔔[LOW] SENSEX: Signal REJECTED (70% conf): ✗ risk-reward 0.6 ≥ 1:2; ✗ timeframe confluence for CE (no-alignment)
[2026-07-21 13:43:20] [strategy] SENSEX: BUY_PE 77500 conf 70%
[2026-07-21 13:43:20] [strategy] 🔔[MEDIUM] SENSEX: BUY PE 77500 signal generated (confidence 70%)
[2026-07-21 13:43:21] [risk] REJECTED — ✓ autopilot not halted (consecutive losses) · ✓ market open · ✓ no open position on SENSEX · ✓ concurrent positions 0/10 · ✓ trades 0/100 · ✓ confidence 70≥70 · ✓ valid price points · ✗ risk-reward 1.0 ≥ 1:2 · ✓ strike 77500 not OTM (ATM 77500.0) · ✓ regime 'gap-and-fade' allows ['BUY_CE', 'BUY_PE'] · ✗ timeframe confluence for PE (no-alignment) · ✓ no fresh news-risk block · ✓ daily loss limit (risking ₹611, day P&L ₹0) · ✓ fresh SENSEX data (2s old)
[2026-07-21 13:43:21] [risk] 🔔[LOW] SENSEX: Signal REJECTED (70% conf): ✗ risk-reward 1.0 ≥ 1:2; ✗ timeframe confluence for PE (no-alignment)
[2026-07-21 13:46:25] [strategy] SENSEX: BUY_CE|BUY_PE 77500.0 conf 65%
[2026-07-21 13:46:25] [strategy] 🔔[MEDIUM] SENSEX: BUY CE|BUY PE 77500.0 signal generated (confidence 65%)
[2026-07-21 13:46:26] [risk] REJECTED — ✓ autopilot not halted (consecutive losses) · ✓ market open · ✓ no open position on SENSEX · ✓ concurrent positions 0/10 · ✓ trades 0/100 · ✗ confidence 65≥70 · ✓ valid price points · ✗ risk-reward -1.9 ≥ 1:2 · ✗ regime 'gap-and-fade' allows ['BUY_CE', 'BUY_PE'] · ✓ no fresh news-risk block · ✓ daily loss limit (risking ₹1896, day P&L ₹0) · ✓ fresh SENSEX data (5s old)
[2026-07-21 13:46:26] [risk] 🔔[LOW] SENSEX: Signal REJECTED (65% conf): ✗ confidence 65≥70; ✗ risk-reward -1.9 ≥ 1:2; ✗ regime 'gap-and-fade' allows ['BUY_CE', 'BUY_PE']
[2026-07-21 13:46:43] [price_action] SENSEX: vwap_pullback -> BUY_PE (pullback to anchor 77552, resumed down)
[2026-07-21 13:46:46] [risk] REJECTED — ✓ autopilot not halted (consecutive losses) · ✓ market open · ✓ no open position on SENSEX · ✓ concurrent positions 0/10 · ✓ trades 0/100 · ✓ confidence 74≥70 · ✓ valid price points · ✓ risk-reward 2.0 ≥ 1:2 · ✓ strike 77500.0 not OTM (ATM 77500.0) · ✓ regime 'gap-and-fade' allows ['BUY_CE', 'BUY_PE'] · ✗ timeframe confluence for PE (no-alignment) · ✓ no fresh news-risk block · ✓ daily loss limit (risking ₹3432, day P&L ₹0) · ✓ fresh SENSEX data (6s old)
[2026-07-21 13:46:46] [risk] 🔔[LOW] SENSEX: Signal REJECTED (74% conf): ✗ timeframe confluence for PE (no-alignment)
[2026-07-21 13:49:23] [strategy] SENSEX: BUY_CE 77500.0 conf 90%
[2026-07-21 13:49:23] [strategy] 🔔[MEDIUM] SENSEX: BUY CE 77500.0 signal generated (confidence 90%)
[2026-07-21 13:49:26] [risk] REJECTED — ✓ autopilot not halted (consecutive losses) · ✓ market open · ✓ no open position on SENSEX · ✓ concurrent positions 0/10 · ✓ trades 0/100 · ✓ confidence 90≥70 · ✓ valid price points · ✗ risk-reward 1.0 ≥ 1:2 · ✓ strike 77500.0 not OTM (ATM 77500.0) · ✓ regime 'gap-and-fade' allows ['BUY_CE', 'BUY_PE'] · ✗ timeframe confluence for CE (no-alignment) · ✓ no fresh news-risk block · ✓ daily loss limit (risking ₹1950, day P&L ₹0) · ✓ fresh SENSEX data (2s old)
[2026-07-21 13:49:26] [risk] 🔔[LOW] SENSEX: Signal REJECTED (90% conf): ✗ risk-reward 1.0 ≥ 1:2; ✗ timeframe confluence for CE (no-alignment)
[2026-07-21 13:52:24] [strategy] SENSEX: BUY_CE 77400.0 conf 70%
[2026-07-21 13:52:24] [strategy] 🔔[MEDIUM] SENSEX: BUY CE 77400.0 signal generated (confidence 70%)
[2026-07-21 13:52:26] [risk] REJECTED — ✓ autopilot not halted (consecutive losses) · ✓ market open · ✓ no open position on SENSEX · ✓ concurrent positions 0/10 · ✓ trades 0/100 · ✓ confidence 70≥70 · ✓ valid price points · ✗ risk-reward 0.9 ≥ 1:2 · ✓ strike 77400.0 not OTM (ATM 77400.0) · ✓ regime 'gap-and-fade' allows ['BUY_CE', 'BUY_PE'] · ✗ timeframe confluence for CE (no-alignment) · ✓ no fresh news-risk block · ✓ daily loss limit (risking ₹2972, day P&L ₹0) · ✓ fresh SENSEX data (6s old)
[2026-07-21 13:52:26] [risk] 🔔[LOW] SENSEX: Signal REJECTED (70% conf): ✗ risk-reward 0.9 ≥ 1:2; ✗ timeframe confluence for CE (no-alignment)
[2026-07-21 13:54:59] [strategy] NIFTY: BUY_PE 24100.0 conf 90%
[2026-07-21 13:54:59] [strategy] 🔔[MEDIUM] NIFTY: BUY PE 24100.0 signal generated (confidence 90%)
[2026-07-21 13:55:02] [risk] REJECTED — ✓ autopilot not halted (consecutive losses) · ✓ market open · ✓ no open position on NIFTY · ✓ concurrent positions 0/10 · ✓ trades 0/100 · ✓ confidence 90≥70 · ✓ valid price points · ✗ risk-reward 1.7 ≥ 1:2 · ✗ strike 24100.0 not OTM (ATM 24200.0) · ✓ regime 'mixed' allows ['BUY_CE', 'BUY_PE'] · ✗ timeframe confluence for PE (mixed-bull) · ✓ no fresh news-risk block · ✓ daily loss limit (risking ₹7717, day P&L ₹0) · ✓ fresh NIFTY data (4s old)
[2026-07-21 13:55:02] [risk] 🔔[LOW] NIFTY: Signal REJECTED (90% conf): ✗ risk-reward 1.7 ≥ 1:2; ✗ strike 24100.0 not OTM (ATM 24200.0); ✗ timeframe confluence for PE (mixed-bull)
[2026-07-21 13:57:14] [strategy] NIFTY: BUY_PE 24150.0 conf 70%
[2026-07-21 13:57:14] [strategy] 🔔[MEDIUM] NIFTY: BUY PE 24150.0 signal generated (confidence 70%)
[2026-07-21 13:57:17] [risk] REJECTED — ✓ autopilot not halted (consecutive losses) · ✓ market open · ✓ no open position on NIFTY · ✓ concurrent positions 0/10 · ✓ trades 0/100 · ✓ confidence 70≥70 · ✓ valid price points · ✗ risk-reward 1.5 ≥ 1:2 · ✓ strike 24150.0 not OTM (ATM 24150.0) · ✓ regime 'mixed' allows ['BUY_CE', 'BUY_PE'] · ✗ timeframe confluence for PE (mixed-bull) · ✓ no fresh news-risk block · ✓ daily loss limit (risking ₹296, day P&L ₹0) · ✓ fresh NIFTY data (1s old)
[2026-07-21 13:57:17] [risk] 🔔[LOW] NIFTY: Signal REJECTED (70% conf): ✗ risk-reward 1.5 ≥ 1:2; ✗ timeframe confluence for PE (mixed-bull)
[2026-07-21 14:00:25] [strategy] NIFTY: BUY_CE 24150.0 conf 80%
[2026-07-21 14:00:25] [strategy] 🔔[MEDIUM] NIFTY: BUY CE 24150.0 signal generated (confidence 80%)
[2026-07-21 14:00:27] [risk] REJECTED — ✓ autopilot not halted (consecutive losses) · ✓ market open · ✓ no open position on NIFTY · ✓ concurrent positions 0/10 · ✓ trades 0/100 · ✓ confidence 80≥70 · ✓ valid price points · ✗ risk-reward 0.8 ≥ 1:2 · ✓ strike 24150.0 not OTM (ATM 24150.0) · ✓ regime 'mixed' allows ['BUY_CE', 'BUY_PE'] · ✓ timeframe confluence for CE (mixed-bull) · ✓ no fresh news-risk block · ✓ daily loss limit (risking ₹5550, day P&L ₹0) · ✓ fresh NIFTY data (2s old)
[2026-07-21 14:00:27] [risk] 🔔[LOW] NIFTY: Signal REJECTED (80% conf): ✗ risk-reward 0.8 ≥ 1:2
[2026-07-21 14:03:19] [strategy] NIFTY: BUY_PE 24150.0 conf 60%
[2026-07-21 14:03:19] [strategy] 🔔[MEDIUM] NIFTY: BUY PE 24150.0 signal generated (confidence 60%)
[2026-07-21 14:03:22] [risk] REJECTED — ✓ autopilot not halted (consecutive losses) · ✓ market open · ✓ no open position on NIFTY · ✓ concurrent positions 0/10 · ✓ trades 0/100 · ✗ confidence 60≥70 · ✓ valid price points · ✗ risk-reward 1.3 ≥ 1:2 · ✓ strike 24150.0 not OTM (ATM 24150.0) · ✓ regime 'gap-and-fade' allows ['BUY_CE', 'BUY_PE'] · ✗ timeframe confluence for PE (mixed-bull) · ✓ no fresh news-risk block · ✓ daily loss limit (risking ₹4927, day P&L ₹0) · ✓ fresh NIFTY data (1s old)
[2026-07-21 14:03:22] [risk] 🔔[LOW] NIFTY: Signal REJECTED (60% conf): ✗ confidence 60≥70; ✗ risk-reward 1.3 ≥ 1:2; ✗ timeframe confluence for PE (mixed-bull)
[2026-07-21 14:06:20] [strategy] NIFTY: BUY_PE 24100.0 conf 70%
[2026-07-21 14:06:20] [strategy] 🔔[MEDIUM] NIFTY: BUY PE 24100.0 signal generated (confidence 70%)
[2026-07-21 14:06:22] [risk] REJECTED — ✓ autopilot not halted (consecutive losses) · ✓ market open · ✓ no open position on NIFTY · ✓ concurrent positions 0/10 · ✓ trades 0/100 · ✓ confidence 70≥70 · ✓ valid price points · ✗ risk-reward 0.8 ≥ 1:2 · ✗ strike 24100.0 not OTM (ATM 24200.0) · ✓ regime 'gap-and-fade' allows ['BUY_CE', 'BUY_PE'] · ✗ timeframe confluence for PE (mixed-bull) · ✓ no fresh news-risk block · ✓ daily loss limit (risking ₹6720, day P&L ₹0) · ✓ fresh NIFTY data (5s old)
[2026-07-21 14:06:22] [risk] 🔔[LOW] NIFTY: Signal REJECTED (70% conf): ✗ risk-reward 0.8 ≥ 1:2; ✗ strike 24100.0 not OTM (ATM 24200.0); ✗ timeframe confluence for PE (mixed-bull)
[2026-07-21 14:09:30] [strategy] NIFTY: BUY_PE 24150.0 conf 70%
[2026-07-21 14:09:30] [strategy] 🔔[MEDIUM] NIFTY: BUY PE 24150.0 signal generated (confidence 70%)
[2026-07-21 14:09:33] [risk] REJECTED — ✓ autopilot not halted (consecutive losses) · ✓ market open · ✓ no open position on NIFTY · ✓ concurrent positions 0/10 · ✓ trades 0/100 · ✓ confidence 70≥70 · ✓ valid price points · ✗ risk-reward 1.9 ≥ 1:2 · ✓ strike 24150.0 not OTM (ATM 24150.0) · ✓ regime 'gap-and-fade' allows ['BUY_CE', 'BUY_PE'] · ✗ timeframe confluence for PE (mixed-bull) · ✓ no fresh news-risk block · ✓ daily loss limit (risking ₹165, day P&L ₹0) · ✓ fresh NIFTY data (0s old)
[2026-07-21 14:09:33] [risk] 🔔[LOW] NIFTY: Signal REJECTED (70% conf): ✗ risk-reward 1.9 ≥ 1:2; ✗ timeframe confluence for PE (mixed-bull)
[2026-07-21 14:09:44] [price_action] NIFTY: vwap_pullback -> BUY_PE (pullback to anchor 24196, resumed down)
[2026-07-21 14:09:44] [price_action] BANKNIFTY: vwap_pullback -> BUY_PE (pullback to anchor 57937, resumed down)
[2026-07-21 14:09:48] [risk] REJECTED — ✓ autopilot not halted (consecutive losses) · ✓ market open · ✓ no open position on NIFTY · ✓ concurrent positions 0/10 · ✓ trades 0/100 · ✓ confidence 74≥70 · ✓ valid price points · ✓ risk-reward 2.0 ≥ 1:2 · ✓ strike 24150.0 not OTM (ATM 24150.0) · ✓ regime 'gap-and-fade' allows ['BUY_CE', 'BUY_PE'] · ✗ timeframe confluence for PE (mixed-bull) · ✓ no fresh news-risk block · ✓ daily loss limit (risking ₹428, day P&L ₹0) · ✓ fresh NIFTY data (3s old)
[2026-07-21 14:09:48] [risk] 🔔[LOW] NIFTY: Signal REJECTED (74% conf): ✗ timeframe confluence for PE (mixed-bull)
[2026-07-21 14:09:53] [risk] REJECTED — ✓ autopilot not halted (consecutive losses) · ✓ market open · ✓ no open position on BANKNIFTY · ✓ concurrent positions 0/10 · ✓ trades 0/100 · ✓ confidence 74≥70 · ✓ valid price points · ✓ risk-reward 2.0 ≥ 1:2 · ✓ strike 57900.0 not OTM (ATM 57900.0) · ✓ regime 'mixed' allows ['BUY_CE', 'BUY_PE'] · ✗ timeframe confluence for PE (no-alignment) · ✓ no fresh news-risk block · ✓ daily loss limit (risking ₹6261, day P&L ₹0) · ✓ fresh BANKNIFTY data (17s old)
[2026-07-21 14:09:53] [risk] 🔔[LOW] BANKNIFTY: Signal REJECTED (74% conf): ✗ timeframe confluence for PE (no-alignment)
[2026-07-21 14:12:23] [strategy] NIFTY: BUY_PE 24150.0 conf 70%
[2026-07-21 14:12:23] [strategy] 🔔[MEDIUM] NIFTY: BUY PE 24150.0 signal generated (confidence 70%)
[2026-07-21 14:12:28] [risk] REJECTED — ✓ autopilot not halted (consecutive losses) · ✓ market open · ✓ no open position on NIFTY · ✓ concurrent positions 0/10 · ✓ trades 0/100 · ✓ confidence 70≥70 · ✓ valid price points · ✗ risk-reward 1.5 ≥ 1:2 · ✓ strike 24150.0 not OTM (ATM 24150.0) · ✓ regime 'mixed' allows ['BUY_CE', 'BUY_PE'] · ✗ timeframe confluence for PE (no-alignment) · ✓ no fresh news-risk block · ✓ daily loss limit (risking ₹2891, day P&L ₹0) · ✓ fresh NIFTY data (6s old)
[2026-07-21 14:12:28] [risk] 🔔[LOW] NIFTY: Signal REJECTED (70% conf): ✗ risk-reward 1.5 ≥ 1:2; ✗ timeframe confluence for PE (no-alignment)
[2026-07-21 14:15:32] [strategy] NIFTY: BUY_PE 24150.0 conf 70%
[2026-07-21 14:15:32] [strategy] 🔔[MEDIUM] NIFTY: BUY PE 24150.0 signal generated (confidence 70%)
[2026-07-21 14:15:33] [risk] REJECTED — ✓ autopilot not halted (consecutive losses) · ✓ market open · ✓ no open position on NIFTY · ✓ concurrent positions 0/10 · ✓ trades 0/100 · ✓ confidence 70≥70 · ✓ valid price points · ✗ risk-reward 1.2 ≥ 1:2 · ✓ strike 24150.0 not OTM (ATM 24150.0) · ✓ regime 'mixed' allows ['BUY_CE', 'BUY_PE'] · ✗ timeframe confluence for PE (no-alignment) · ✓ no fresh news-risk block · ✓ daily loss limit (risking ₹1170, day P&L ₹0) · ✓ fresh NIFTY data (2s old)
[2026-07-21 14:15:33] [risk] 🔔[LOW] NIFTY: Signal REJECTED (70% conf): ✗ risk-reward 1.2 ≥ 1:2; ✗ timeframe confluence for PE (no-alignment)
[2026-07-21 14:19:02] [strategy] NIFTY: BUY_PE 24150.0 conf 80%
[2026-07-21 14:19:02] [strategy] 🔔[MEDIUM] NIFTY: BUY PE 24150.0 signal generated (confidence 80%)
[2026-07-21 14:19:04] [risk] REJECTED — ✓ autopilot not halted (consecutive losses) · ✓ market open · ✓ no open position on NIFTY · ✓ concurrent positions 0/10 · ✓ trades 0/100 · ✓ confidence 80≥70 · ✓ valid price points · ✓ risk-reward 2.0 ≥ 1:2 · ✓ strike 24150.0 not OTM (ATM 24150.0) · ✓ regime 'mixed' allows ['BUY_CE', 'BUY_PE'] · ✗ timeframe confluence for PE (no-alignment) · ✓ no fresh news-risk block · ✓ daily loss limit (risking ₹645, day P&L ₹0) · ✓ fresh NIFTY data (4s old)
[2026-07-21 14:19:04] [risk] 🔔[LOW] NIFTY: Signal REJECTED (80% conf): ✗ timeframe confluence for PE (no-alignment)
[2026-07-21 14:20:09] [volatility] 🔔[HIGH] NIFTY: IV jumped 22% in ~15m (now 21.8%) alongside a spot move of -0.6 — possible news/event-driven volatility spike. Widen stops / reduce size.
[2026-07-21 14:21:29] [strategy] NIFTY: BUY_CE|BUY_PE 24150.0 conf 70%
[2026-07-21 14:21:29] [strategy] 🔔[MEDIUM] NIFTY: BUY CE|BUY PE 24150.0 signal generated (confidence 70%)
[2026-07-21 14:21:29] [risk] REJECTED — ✓ autopilot not halted (consecutive losses) · ✓ market open · ✓ no open position on NIFTY · ✓ concurrent positions 0/10 · ✓ trades 0/100 · ✓ confidence 70≥70 · ✓ valid price points · ✓ risk-reward 5.3 ≥ 1:2 · ✗ regime 'gap-and-fade' allows ['BUY_CE', 'BUY_PE'] · ✓ no fresh news-risk block · ✓ daily loss limit (risking ₹1918, day P&L ₹0) · ✓ fresh NIFTY data (5s old)
[2026-07-21 14:21:29] [risk] 🔔[LOW] NIFTY: Signal REJECTED (70% conf): ✗ regime 'gap-and-fade' allows ['BUY_CE', 'BUY_PE']
[2026-07-21 14:24:37] [strategy] NIFTY: BUY_PE 24100.0 conf 80%
[2026-07-21 14:24:37] [strategy] 🔔[MEDIUM] NIFTY: BUY PE 24100.0 signal generated (confidence 80%)
[2026-07-21 14:24:39] [risk] REJECTED — ✓ autopilot not halted (consecutive losses) · ✓ market open · ✓ no open position on NIFTY · ✓ concurrent positions 0/10 · ✓ trades 0/100 · ✓ confidence 80≥70 · ✓ valid price points · ✓ risk-reward 2.7 ≥ 1:2 · ✗ strike 24100.0 not OTM (ATM 24200.0) · ✓ regime 'gap-and-fade' allows ['BUY_CE', 'BUY_PE'] · ✗ timeframe confluence for PE (no-alignment) · ✓ no fresh news-risk block · ✓ daily loss limit (risking ₹4050, day P&L ₹0) · ✓ fresh NIFTY data (6s old)
[2026-07-21 14:24:39] [risk] 🔔[LOW] NIFTY: Signal REJECTED (80% conf): ✗ strike 24100.0 not OTM (ATM 24200.0); ✗ timeframe confluence for PE (no-alignment)
[2026-07-21 14:27:43] [strategy] NIFTY: BUY_CE|BUY_PE 24150.0 conf 70%
[2026-07-21 14:27:43] [strategy] 🔔[MEDIUM] NIFTY: BUY CE|BUY PE 24150.0 signal generated (confidence 70%)
[2026-07-21 14:27:45] [risk] REJECTED — ✓ autopilot not halted (consecutive losses) · ✓ market open · ✓ no open position on NIFTY · ✓ concurrent positions 0/10 · ✓ trades 0/100 · ✓ confidence 70≥70 · ✓ valid price points · ✓ risk-reward 3.0 ≥ 1:2 · ✗ regime 'gap-and-fade' allows ['BUY_CE', 'BUY_PE'] · ✓ no fresh news-risk block · ✓ daily loss limit (risking ₹2115, day P&L ₹0) · ✓ fresh NIFTY data (0s old)
[2026-07-21 14:27:45] [risk] 🔔[LOW] NIFTY: Signal REJECTED (70% conf): ✗ regime 'gap-and-fade' allows ['BUY_CE', 'BUY_PE']
[2026-07-21 14:30:18] [strategy] NIFTY: BUY_PE 24150.0 conf 70%
[2026-07-21 14:30:18] [strategy] 🔔[MEDIUM] NIFTY: BUY PE 24150.0 signal generated (confidence 70%)
[2026-07-21 14:30:20] [risk] REJECTED — ✓ autopilot not halted (consecutive losses) · ✓ market open · ✓ no open position on NIFTY · ✓ concurrent positions 0/10 · ✓ trades 0/100 · ✓ confidence 70≥70 · ✓ valid price points · ✓ risk-reward 4.5 ≥ 1:2 · ✓ strike 24150.0 not OTM (ATM 24150.0) · ✓ regime 'gap-and-fade' allows ['BUY_CE', 'BUY_PE'] · ✗ timeframe confluence for PE (no-alignment) · ✓ no fresh news-risk block · ✓ daily loss limit (risking ₹1927, day P&L ₹0) · ✓ fresh NIFTY data (5s old)
[2026-07-21 14:30:20] [risk] 🔔[LOW] NIFTY: Signal REJECTED (70% conf): ✗ timeframe confluence for PE (no-alignment)
[2026-07-21 14:31:26] [risk] REJECTED manual order — ✓ autopilot not halted (consecutive losses) · ✓ market open · ✓ no open position on SENSEX · ✓ concurrent positions 0/10 · ✓ trades 0/100 · ✗ confidence 60≥70 · ✓ valid price points · ✗ risk-reward -1.9 ≥ 1:2 · ✓ strike 77400.0 not OTM (ATM 77400.0) · ✓ regime 'gap-and-fade' allows ['BUY_CE', 'BUY_PE'] · ✗ timeframe confluence for CE (no-alignment) · ✓ no fresh news-risk block · ✓ daily loss limit (risking ₹1982, day P&L ₹0) · ✓ fresh SENSEX data (2s old)
[2026-07-21 14:32:18] [strategy] NIFTY: BUY_PE 24150.0 conf 75%
[2026-07-21 14:32:18] [strategy] 🔔[MEDIUM] NIFTY: BUY PE 24150.0 signal generated (confidence 75%)
[2026-07-21 14:32:20] [risk] REJECTED — ✓ autopilot not halted (consecutive losses) · ✓ market open · ✓ no open position on NIFTY · ✓ concurrent positions 0/10 · ✓ trades 0/100 · ✓ confidence 75≥70 · ✓ valid price points · ✗ risk-reward 1.9 ≥ 1:2 · ✓ strike 24150.0 not OTM (ATM 24150.0) · ✓ regime 'gap-and-fade' allows ['BUY_CE', 'BUY_PE'] · ✗ timeframe confluence for PE (no-alignment) · ✓ no fresh news-risk block · ✓ daily loss limit (risking ₹330, day P&L ₹0) · ✓ fresh NIFTY data (5s old)
[2026-07-21 14:32:20] [risk] 🔔[LOW] NIFTY: Signal REJECTED (75% conf): ✗ risk-reward 1.9 ≥ 1:2; ✗ timeframe confluence for PE (no-alignment)
[2026-07-21 14:34:24] [strategy] NIFTY: BUY_PE 24150.0 conf 70%
[2026-07-21 14:34:24] [strategy] 🔔[MEDIUM] NIFTY: BUY PE 24150.0 signal generated (confidence 70%)
[2026-07-21 14:34:25] [risk] REJECTED — ✓ autopilot not halted (consecutive losses) · ✓ market open · ✓ no open position on NIFTY · ✓ concurrent positions 0/10 · ✓ trades 0/100 · ✓ confidence 70≥70 · ✓ valid price points · ✗ risk-reward 1.5 ≥ 1:2 · ✓ strike 24150.0 not OTM (ATM 24150.0) · ✓ regime 'gap-and-fade' allows ['BUY_CE', 'BUY_PE'] · ✗ timeframe confluence for PE (no-alignment) · ✓ no fresh news-risk block · ✓ daily loss limit (risking ₹1343, day P&L ₹0) · ✓ fresh NIFTY data (5s old)
[2026-07-21 14:34:25] [risk] 🔔[LOW] NIFTY: Signal REJECTED (70% conf): ✗ risk-reward 1.5 ≥ 1:2; ✗ timeframe confluence for PE (no-alignment)
[2026-07-21 14:37:26] [strategy] NIFTY: BUY_PE 24150.0 conf 70%
[2026-07-21 14:37:26] [strategy] 🔔[MEDIUM] NIFTY: BUY PE 24150.0 signal generated (confidence 70%)
[2026-07-21 14:37:30] [risk] REJECTED — ✓ autopilot not halted (consecutive losses) · ✓ market open · ✓ no open position on NIFTY · ✓ concurrent positions 0/10 · ✓ trades 0/100 · ✓ confidence 70≥70 · ✓ valid price points · ✗ risk-reward 1.0 ≥ 1:2 · ✓ strike 24150.0 not OTM (ATM 24150.0) · ✓ regime 'gap-and-fade' allows ['BUY_CE', 'BUY_PE'] · ✗ timeframe confluence for PE (no-alignment) · ✓ no fresh news-risk block · ✓ daily loss limit (risking ₹103, day P&L ₹0) · ✓ fresh NIFTY data (1s old)
[2026-07-21 14:37:30] [risk] 🔔[LOW] NIFTY: Signal REJECTED (70% conf): ✗ risk-reward 1.0 ≥ 1:2; ✗ timeframe confluence for PE (no-alignment)
[2026-07-21 14:38:34] [risk] REJECTED manual order — ✓ autopilot not halted (consecutive losses) · ✓ market open · ✓ no open position on NIFTY · ✓ concurrent positions 0/10 · ✓ trades 0/100 · ✓ confidence 70≥70 · ✓ valid price points · ✓ risk-reward 3.3 ≥ 1:2 · ✓ strike 24150.0 not OTM (ATM 24150.0) · ✓ regime 'gap-and-fade' allows ['BUY_CE', 'BUY_PE'] · ✗ timeframe confluence for PE (no-alignment) · ✓ no fresh news-risk block · ✓ daily loss limit (risking ₹143, day P&L ₹0) · ✓ fresh NIFTY data (3s old)
[2026-07-21 14:40:31] [strategy] NIFTY: BUY_PE 24150.0 conf 80%
[2026-07-21 14:40:31] [strategy] 🔔[MEDIUM] NIFTY: BUY PE 24150.0 signal generated (confidence 80%)
[2026-07-21 14:40:35] [risk] REJECTED — ✓ autopilot not halted (consecutive losses) · ✓ market open · ✓ no open position on NIFTY · ✓ concurrent positions 0/10 · ✓ trades 0/100 · ✓ confidence 80≥70 · ✓ valid price points · ✗ risk-reward 0.7 ≥ 1:2 · ✓ strike 24150.0 not OTM (ATM 24150.0) · ✓ regime 'gap-and-fade' allows ['BUY_CE', 'BUY_PE'] · ✗ timeframe confluence for PE (no-alignment) · ✓ no fresh news-risk block · ✓ daily loss limit (risking ₹1178, day P&L ₹0) · ✓ fresh NIFTY data (8s old)
[2026-07-21 14:40:35] [risk] 🔔[LOW] NIFTY: Signal REJECTED (80% conf): ✗ risk-reward 0.7 ≥ 1:2; ✗ timeframe confluence for PE (no-alignment)
[2026-07-21 14:43:21] [strategy] FINNIFTY: BUY_CE 26500.0 conf 70%
[2026-07-21 14:43:21] [strategy] 🔔[MEDIUM] FINNIFTY: BUY CE 26500.0 signal generated (confidence 70%)
[2026-07-21 14:43:25] [risk] REJECTED — ✓ autopilot not halted (consecutive losses) · ✓ market open · ✓ no open position on FINNIFTY · ✓ concurrent positions 0/10 · ✓ trades 0/100 · ✓ confidence 70≥70 · ✓ valid price points · ✗ risk-reward 1.0 ≥ 1:2 · ✓ strike 26500.0 not OTM (ATM 26550.0) · ✗ regime 'trending-down' allows ['BUY_PE'] · ✗ timeframe confluence for CE (no-alignment) · ✓ no fresh news-risk block · ✓ daily loss limit (risking ₹9613, day P&L ₹0) · ✓ fresh FINNIFTY data (5s old)
[2026-07-21 14:43:25] [risk] 🔔[LOW] FINNIFTY: Signal REJECTED (70% conf): ✗ risk-reward 1.0 ≥ 1:2; ✗ regime 'trending-down' allows ['BUY_PE']; ✗ timeframe confluence for CE (no-alignment)
[2026-07-21 14:46:41] [market_data] FINNIFTY: HTTPSConnectionPool(host='api.dhan.co', port=443): Read timed out. (read timeout=15)
[2026-07-21 14:46:42] [strategy] FINNIFTY: BUY_CE 26500.0 conf 70%
[2026-07-21 14:46:42] [strategy] 🔔[MEDIUM] FINNIFTY: BUY CE 26500.0 signal generated (confidence 70%)
[2026-07-21 14:46:44] [market_data] BANKNIFTY: HTTPSConnectionPool(host='api.dhan.co', port=443): Max retries exceeded with url: /v2/optionchain (Caused by NameResolutionError("HTTPSConnection(host='api.dhan.co', port=443): Failed to resolve 'api.dhan.co' ([Errno 8] nodename nor servname provided, or not known)"))
[2026-07-21 14:46:46] [risk] REJECTED — ✓ autopilot not halted (consecutive losses) · ✓ market open · ✓ no open position on FINNIFTY · ✓ concurrent positions 0/10 · ✓ trades 0/100 · ✓ confidence 70≥70 · ✓ valid price points · ✗ risk-reward 1.0 ≥ 1:2 · ✓ strike 26500.0 not OTM (ATM 26550.0) · ✗ regime 'trending-down' allows ['BUY_PE'] · ✗ timeframe confluence for CE (no-alignment) · ✓ no fresh news-risk block · ✓ daily loss limit (risking ₹9613, day P&L ₹0) · ✗ fresh FINNIFTY data (93s old)
[2026-07-21 14:46:46] [risk] 🔔[LOW] FINNIFTY: Signal REJECTED (70% conf): ✗ risk-reward 1.0 ≥ 1:2; ✗ regime 'trending-down' allows ['BUY_PE']; ✗ timeframe confluence for CE (no-alignment); ✗ fresh FINNIFTY data (93s old)
[2026-07-21 14:46:48] [regime] NIFTY: skipped (HTTPSConnectionPool(host='api.dhan.co', port=443): Max retries exceeded with url: /v2/charts/intraday (Caused by NameResolutionError("HTTPSConnection(host='api.dhan.co', port=443): Failed to resolve 'api.dhan.co' ([Errno 8] nodename nor servname provided, or not known)")))
[2026-07-21 14:46:49] [regime] BANKNIFTY: skipped (HTTPSConnectionPool(host='api.dhan.co', port=443): Max retries exceeded with url: /v2/charts/intraday (Caused by NameResolutionError("HTTPSConnection(host='api.dhan.co', port=443): Failed to resolve 'api.dhan.co' ([Errno 8] nodename nor servname provided, or not known)")))
[2026-07-21 14:46:50] [market_data] SENSEX: HTTPSConnectionPool(host='api.dhan.co', port=443): Max retries exceeded with url: /v2/optionchain (Caused by NameResolutionError("HTTPSConnection(host='api.dhan.co', port=443): Failed to resolve 'api.dhan.co' ([Errno 8] nodename nor servname provided, or not known)"))
[2026-07-21 14:46:50] [regime] FINNIFTY: skipped (HTTPSConnectionPool(host='api.dhan.co', port=443): Max retries exceeded with url: /v2/charts/intraday (Caused by NameResolutionError("HTTPSConnection(host='api.dhan.co', port=443): Failed to resolve 'api.dhan.co' ([Errno 8] nodename nor servname provided, or not known)")))
[2026-07-21 14:46:51] [regime] SENSEX: skipped (HTTPSConnectionPool(host='api.dhan.co', port=443): Max retries exceeded with url: /v2/charts/intraday (Caused by NameResolutionError("HTTPSConnection(host='api.dhan.co', port=443): Failed to resolve 'api.dhan.co' ([Errno 8] nodename nor servname provided, or not known)")))
[2026-07-21 14:46:56] [market_data] NIFTY: HTTPSConnectionPool(host='api.dhan.co', port=443): Max retries exceeded with url: /v2/optionchain (Caused by NameResolutionError("HTTPSConnection(host='api.dhan.co', port=443): Failed to resolve 'api.dhan.co' ([Errno 8] nodename nor servname provided, or not known)"))
[2026-07-21 14:50:39] [strategy] FINNIFTY: BUY_CE 26500.0 conf 70%
[2026-07-21 14:50:39] [strategy] 🔔[MEDIUM] FINNIFTY: BUY CE 26500.0 signal generated (confidence 70%)
[2026-07-21 14:50:43] [risk] REJECTED — ✓ autopilot not halted (consecutive losses) · ✓ market open · ✓ no open position on FINNIFTY · ✓ concurrent positions 0/10 · ✓ trades 0/100 · ✓ confidence 70≥70 · ✓ valid price points · ✗ risk-reward 1.0 ≥ 1:2 · ✓ strike 26500.0 not OTM (ATM 26550.0) · ✗ regime 'trending-down' allows ['BUY_PE'] · ✗ timeframe confluence for CE (no-alignment) · ✓ no fresh news-risk block · ✓ daily loss limit (risking ₹9613, day P&L ₹0) · ✗ fresh FINNIFTY data (329s old)
[2026-07-21 14:50:43] [risk] 🔔[LOW] FINNIFTY: Signal REJECTED (70% conf): ✗ risk-reward 1.0 ≥ 1:2; ✗ regime 'trending-down' allows ['BUY_PE']; ✗ timeframe confluence for CE (no-alignment); ✗ fresh FINNIFTY data (329s old)
[2026-07-21 14:52:44] [strategy] FINNIFTY: BUY_CE 26500.0 conf 80%
[2026-07-21 14:52:44] [strategy] 🔔[MEDIUM] FINNIFTY: BUY CE 26500.0 signal generated (confidence 80%)
[2026-07-21 14:52:48] [risk] REJECTED — ✓ autopilot not halted (consecutive losses) · ✓ market open · ✓ no open position on FINNIFTY · ✓ concurrent positions 0/10 · ✓ trades 0/100 · ✓ confidence 80≥70 · ✓ valid price points · ✗ risk-reward 1.1 ≥ 1:2 · ✓ strike 26500.0 not OTM (ATM 26550.0) · ✗ regime 'trending-down' allows ['BUY_PE'] · ✗ timeframe confluence for CE (no-alignment) · ✓ no fresh news-risk block · ✓ daily loss limit (risking ₹9341, day P&L ₹0) · ✓ fresh FINNIFTY data (2s old)
[2026-07-21 14:52:48] [risk] 🔔[LOW] FINNIFTY: Signal REJECTED (80% conf): ✗ risk-reward 1.1 ≥ 1:2; ✗ regime 'trending-down' allows ['BUY_PE']; ✗ timeframe confluence for CE (no-alignment)
[2026-07-21 14:54:56] [strategy] FINNIFTY: BUY_CE 26500.0 conf 80%
[2026-07-21 14:54:56] [strategy] 🔔[MEDIUM] FINNIFTY: BUY CE 26500.0 signal generated (confidence 80%)
[2026-07-21 14:54:58] [risk] REJECTED — ✓ autopilot not halted (consecutive losses) · ✓ market open · ✓ no open position on FINNIFTY · ✓ concurrent positions 0/10 · ✓ trades 0/100 · ✓ confidence 80≥70 · ✓ valid price points · ✗ risk-reward 1.1 ≥ 1:2 · ✓ strike 26500.0 not OTM (ATM 26550.0) · ✗ regime 'trending-down' allows ['BUY_PE'] · ✗ timeframe confluence for CE (no-alignment) · ✓ no fresh news-risk block · ✓ daily loss limit (risking ₹9328, day P&L ₹0) · ✓ fresh FINNIFTY data (5s old)
[2026-07-21 14:54:58] [risk] 🔔[LOW] FINNIFTY: Signal REJECTED (80% conf): ✗ risk-reward 1.1 ≥ 1:2; ✗ regime 'trending-down' allows ['BUY_PE']; ✗ timeframe confluence for CE (no-alignment)
[2026-07-21 14:58:02] [strategy] FINNIFTY: BUY_CE 26500.0 conf 70%
[2026-07-21 14:58:02] [strategy] 🔔[MEDIUM] FINNIFTY: BUY CE 26500.0 signal generated (confidence 70%)
[2026-07-21 14:58:03] [risk] REJECTED — ✓ autopilot not halted (consecutive losses) · ✓ market open · ✓ no open position on FINNIFTY · ✓ concurrent positions 0/10 · ✓ trades 0/100 · ✓ confidence 70≥70 · ✓ valid price points · ✗ risk-reward 0.3 ≥ 1:2 · ✓ strike 26500.0 not OTM (ATM 26550.0) · ✗ regime 'trending-down' allows ['BUY_PE'] · ✗ timeframe confluence for CE (no-alignment) · ✓ no fresh news-risk block · ✗ daily loss limit (risking ₹14905, day P&L ₹0) · ✓ fresh FINNIFTY data (5s old)
[2026-07-21 14:58:03] [risk] 🔔[LOW] FINNIFTY: Signal REJECTED (70% conf): ✗ risk-reward 0.3 ≥ 1:2; ✗ regime 'trending-down' allows ['BUY_PE']; ✗ timeframe confluence for CE (no-alignment); ✗ daily loss limit (risking ₹14905, day P&L ₹0)
[2026-07-21 15:00:52] [strategy] hard-reject reason present; 15-min backoff
[2026-07-21 15:04:48] [price_action] SENSEX: vwap_pullback -> BUY_PE (pullback to anchor 77483, resumed down)
[2026-07-21 15:04:48] [risk] REJECTED — ✓ autopilot not halted (consecutive losses) · ✓ market open · ✓ no open position on SENSEX · ✓ concurrent positions 0/10 · ✓ trades 0/100 · ✓ confidence 74≥70 · ✓ valid price points · ✓ risk-reward 2.0 ≥ 1:2 · ✓ strike 77500.0 not OTM (ATM 77500.0) · ✓ regime 'gap-and-fade' allows ['BUY_CE', 'BUY_PE'] · ✗ timeframe confluence for PE (no-alignment) · ✓ no fresh news-risk block · ✓ daily loss limit (risking ₹3324, day P&L ₹0) · ✓ fresh SENSEX data (5s old)
[2026-07-21 15:04:48] [risk] 🔔[LOW] SENSEX: Signal REJECTED (74% conf): ✗ timeframe confluence for PE (no-alignment)
[2026-07-21 15:05:48] [price_action] NIFTY: vwap_pullback -> BUY_CE (pullback to anchor 24185, resumed up)
[2026-07-21 15:05:49] [risk] REJECTED — ✓ autopilot not halted (consecutive losses) · ✓ market open · ✓ no open position on NIFTY · ✓ concurrent positions 0/10 · ✓ trades 0/100 · ✓ confidence 74≥70 · ✓ valid price points · ✓ risk-reward 2.3 ≥ 1:2 · ✓ strike 24200.0 not OTM (ATM 24200.0) · ✓ regime 'gap-and-fade' allows ['BUY_CE', 'BUY_PE'] · ✗ timeframe confluence for CE (no-alignment) · ✓ no fresh news-risk block · ✓ daily loss limit (risking ₹45, day P&L ₹0) · ✓ fresh NIFTY data (16s old)
[2026-07-21 15:05:49] [risk] 🔔[LOW] NIFTY: Signal REJECTED (74% conf): ✗ timeframe confluence for CE (no-alignment)
[2026-07-21 15:16:24] [strategy] FINNIFTY: BUY_CE 26500 conf 70%
[2026-07-21 15:16:24] [strategy] 🔔[MEDIUM] FINNIFTY: BUY CE 26500 signal generated (confidence 70%)
[2026-07-21 15:16:29] [risk] REJECTED — ✓ autopilot not halted (consecutive losses) · ✓ market open · ✓ no open position on FINNIFTY · ✓ concurrent positions 0/10 · ✓ trades 0/100 · ✓ confidence 70≥70 · ✓ valid price points · ✗ risk-reward 1.1 ≥ 1:2 · ✓ strike 26500 not OTM (ATM 26500.0) · ✗ regime 'trending-down' allows ['BUY_PE'] · ✗ timeframe confluence for CE (no-alignment) · ✓ no fresh news-risk block · ✓ daily loss limit (risking ₹3705, day P&L ₹0) · ✓ fresh FINNIFTY data (4s old)
[2026-07-21 15:16:29] [risk] 🔔[LOW] FINNIFTY: Signal REJECTED (70% conf): ✗ risk-reward 1.1 ≥ 1:2; ✗ regime 'trending-down' allows ['BUY_PE']; ✗ timeframe confluence for CE (no-alignment)
[2026-07-21 15:19:27] [strategy] FINNIFTY: BUY_CE 26500.0 conf 70%
[2026-07-21 15:19:27] [strategy] 🔔[MEDIUM] FINNIFTY: BUY CE 26500.0 signal generated (confidence 70%)
[2026-07-21 15:19:29] [risk] REJECTED — ✓ autopilot not halted (consecutive losses) · ✓ market open · ✓ no open position on FINNIFTY · ✓ concurrent positions 0/10 · ✓ trades 0/100 · ✓ confidence 70≥70 · ✓ valid price points · ✗ risk-reward 1.4 ≥ 1:2 · ✓ strike 26500.0 not OTM (ATM 26550.0) · ✗ regime 'trending-down' allows ['BUY_PE'] · ✗ timeframe confluence for CE (no-alignment) · ✓ no fresh news-risk block · ✓ daily loss limit (risking ₹6357, day P&L ₹0) · ✓ fresh FINNIFTY data (2s old)
[2026-07-21 15:19:29] [risk] 🔔[LOW] FINNIFTY: Signal REJECTED (70% conf): ✗ risk-reward 1.4 ≥ 1:2; ✗ regime 'trending-down' allows ['BUY_PE']; ✗ timeframe confluence for CE (no-alignment)
[2026-07-21 15:22:22] [strategy] FINNIFTY: BUY_CE 26500.0 conf 70%
[2026-07-21 15:22:22] [strategy] 🔔[MEDIUM] FINNIFTY: BUY CE 26500.0 signal generated (confidence 70%)
[2026-07-21 15:22:24] [risk] REJECTED — ✓ autopilot not halted (consecutive losses) · ✓ market open · ✓ no open position on FINNIFTY · ✓ concurrent positions 0/10 · ✓ trades 0/100 · ✓ confidence 70≥70 · ✓ valid price points · ✗ risk-reward 1.4 ≥ 1:2 · ✓ strike 26500.0 not OTM (ATM 26550.0) · ✗ regime 'trending-down' allows ['BUY_PE'] · ✗ timeframe confluence for CE (no-alignment) · ✓ no fresh news-risk block · ✓ daily loss limit (risking ₹6357, day P&L ₹0) · ✓ fresh FINNIFTY data (1s old)
[2026-07-21 15:22:24] [risk] 🔔[LOW] FINNIFTY: Signal REJECTED (70% conf): ✗ risk-reward 1.4 ≥ 1:2; ✗ regime 'trending-down' allows ['BUY_PE']; ✗ timeframe confluence for CE (no-alignment)
[2026-07-21 15:24:22] [strategy] FINNIFTY: BUY_CE 26500.0 conf 70%
[2026-07-21 15:24:22] [strategy] 🔔[MEDIUM] FINNIFTY: BUY CE 26500.0 signal generated (confidence 70%)
[2026-07-21 15:24:25] [risk] REJECTED — ✓ autopilot not halted (consecutive losses) · ✓ market open · ✓ no open position on FINNIFTY · ✓ concurrent positions 0/10 · ✓ trades 0/100 · ✓ confidence 70≥70 · ✓ valid price points · ✗ risk-reward 1.4 ≥ 1:2 · ✓ strike 26500.0 not OTM (ATM 26550.0) · ✗ regime 'trending-down' allows ['BUY_PE'] · ✗ timeframe confluence for CE (no-alignment) · ✓ no fresh news-risk block · ✓ daily loss limit (risking ₹6357, day P&L ₹0) · ✓ fresh FINNIFTY data (2s old)
[2026-07-21 15:24:25] [risk] 🔔[LOW] FINNIFTY: Signal REJECTED (70% conf): ✗ risk-reward 1.4 ≥ 1:2; ✗ regime 'trending-down' allows ['BUY_PE']; ✗ timeframe confluence for CE (no-alignment)
[2026-07-21 15:27:25] [strategy] FINNIFTY: BUY_CE 26500.0 conf 70%
[2026-07-21 15:27:25] [strategy] 🔔[MEDIUM] FINNIFTY: BUY CE 26500.0 signal generated (confidence 70%)
[2026-07-21 15:27:27] [risk] REJECTED — ✓ autopilot not halted (consecutive losses) · ✓ market open · ✓ no open position on FINNIFTY · ✓ concurrent positions 0/10 · ✓ trades 0/100 · ✓ confidence 70≥70 · ✓ valid price points · ✗ risk-reward 1.4 ≥ 1:2 · ✓ strike 26500.0 not OTM (ATM 26550.0) · ✗ regime 'trending-down' allows ['BUY_PE'] · ✗ timeframe confluence for CE (no-alignment) · ✓ no fresh news-risk block · ✓ daily loss limit (risking ₹6357, day P&L ₹0) · ✓ fresh FINNIFTY data (3s old)
[2026-07-21 15:27:27] [risk] 🔔[LOW] FINNIFTY: Signal REJECTED (70% conf): ✗ risk-reward 1.4 ≥ 1:2; ✗ regime 'trending-down' allows ['BUY_PE']; ✗ timeframe confluence for CE (no-alignment)
[2026-07-21 15:29:31] [strategy] FINNIFTY: BUY_PE 26500.0 conf 70%
[2026-07-21 15:29:31] [strategy] 🔔[MEDIUM] FINNIFTY: BUY PE 26500.0 signal generated (confidence 70%)
[2026-07-21 15:29:32] [risk] REJECTED — ✓ autopilot not halted (consecutive losses) · ✓ market open · ✓ no open position on FINNIFTY · ✓ concurrent positions 0/10 · ✓ trades 0/100 · ✓ confidence 70≥70 · ✓ valid price points · ✗ risk-reward 0.8 ≥ 1:2 · ✗ strike 26500.0 not OTM (ATM 26550.0) · ✓ regime 'mixed' allows ['BUY_CE', 'BUY_PE'] · ✗ timeframe confluence for PE (no-alignment) · ✓ no fresh news-risk block · ✓ daily loss limit (risking ₹4394, day P&L ₹0) · ✓ fresh FINNIFTY data (3s old)
[2026-07-21 15:29:32] [risk] 🔔[LOW] FINNIFTY: Signal REJECTED (70% conf): ✗ risk-reward 0.8 ≥ 1:2; ✗ strike 26500.0 not OTM (ATM 26550.0); ✗ timeframe confluence for PE (no-alignment)
[2026-07-21 15:30:23] [volatility] 🔔[HIGH] NIFTY: IV jumped 20% in ~15m (now 19.4%) alongside a spot move of +9.0 — possible news/event-driven volatility spike. Widen stops / reduce size.
[2026-07-21 15:31:01] [execution] 📄 SPREAD CLOSED bear_call_spread FINNIFTY — market closing — squaring off spread · gross ₹-29 - fees ₹160 = net ₹-189
[2026-07-21 15:31:01] [execution] 🔔[HIGH] FINNIFTY: Spread closed — market closing — squaring off spread — net ₹-189
[2026-07-21 15:31:01] [execution] 📄 SPREAD CLOSED bull_put_spread BANKNIFTY — market closing — squaring off spread · gross ₹-6 - fees ₹160 = net ₹-166
[2026-07-21 15:31:01] [execution] 🔔[HIGH] BANKNIFTY: Spread closed — market closing — squaring off spread — net ₹-166
[2026-07-21 15:37:30] [learning] journal: 20 trades, P&L ₹-7287
[2026-07-21 15:40:29] [market_data] NIFTY: HTTPSConnectionPool(host='api.dhan.co', port=443): Read timed out. (read timeout=15)
[2026-07-21 15:40:32] [market_data] BANKNIFTY: HTTPSConnectionPool(host='api.dhan.co', port=443): Max retries exceeded with url: /v2/optionchain (Caused by NameResolutionError("HTTPSConnection(host='api.dhan.co', port=443): Failed to resolve 'api.dhan.co' ([Errno 8] nodename nor servname provided, or not known)"))
[2026-07-21 15:40:38] [market_data] FINNIFTY: HTTPSConnectionPool(host='api.dhan.co', port=443): Max retries exceeded with url: /v2/optionchain (Caused by NameResolutionError("HTTPSConnection(host='api.dhan.co', port=443): Failed to resolve 'api.dhan.co' ([Errno 8] nodename nor servname provided, or not known)"))
[2026-07-21 15:40:44] [market_data] SENSEX: HTTPSConnectionPool(host='api.dhan.co', port=443): Max retries exceeded with url: /v2/optionchain (Caused by NameResolutionError("HTTPSConnection(host='api.dhan.co', port=443): Failed to resolve 'api.dhan.co' ([Errno 8] nodename nor servname provided, or not known)"))
[2026-07-21 15:45:39] [backtest] NIFTY bear_call_spread v4 kept but NOT enabled — net ₹0 / 0t
[2026-07-21 15:45:40] [backtest] FINNIFTY bear_call_spread: candidate (₹-403) didn't clear the 15% improvement bar over ₹-403 — not kept
[2026-07-21 15:45:40] [backtest] NIFTY orb: net ₹-37355 over 250d at 1.46 t/d — tightening but already at filter bound — no further tuning possible
[2026-07-21 15:45:40] [backtest] NIFTY vwap_pullback: v1 already profitable (₹3975/479t) — leaving parameters as-is
[2026-07-21 15:45:40] [backtest] NIFTY ema_mtf: v1 already profitable (₹34935/163t) — leaving parameters as-is
[2026-07-21 15:45:40] [backtest] BANKNIFTY orb: v1 already profitable (₹37995/353t) — leaving parameters as-is
[2026-07-21 15:45:40] [backtest] BANKNIFTY vwap_pullback: v1 already profitable (₹51250/523t) — leaving parameters as-is
[2026-07-21 15:45:40] [backtest] BANKNIFTY ema_mtf: v1 already profitable (₹27036/153t) — leaving parameters as-is
[2026-07-21 15:45:40] [backtest] FINNIFTY orb: v1 already profitable (₹99365/331t) — leaving parameters as-is
[2026-07-21 15:45:40] [backtest] FINNIFTY vwap_pullback: v1 already profitable (₹44111/535t) — leaving parameters as-is
[2026-07-21 15:45:40] [backtest] FINNIFTY ema_mtf: v1 already profitable (₹10548/164t) — leaving parameters as-is
[2026-07-21 15:45:40] [backtest] SENSEX orb: v1 already profitable (₹27459/340t) — leaving parameters as-is
[2026-07-21 15:45:40] [backtest] SENSEX vwap_pullback: v1 already profitable (₹61444/486t) — leaving parameters as-is
[2026-07-21 15:45:40] [backtest] SENSEX ema_mtf: v1 already profitable (₹13758/167t) — leaving parameters as-is
[2026-07-21 15:45:40] [backtest] backtest complete: NIFTY, BANKNIFTY, FINNIFTY, SENSEX
[2026-07-21 16:17:03] [backtest] NIFTY bear_call_spread v5 kept but NOT enabled — net ₹0 / 0t
[2026-07-21 16:17:03] [backtest] FINNIFTY bear_call_spread: candidate (₹-403) didn't clear the 15% improvement bar over ₹-403 — not kept
[2026-07-21 16:17:03] [backtest] FINNIFTY bear_call_spread: pausing auto-tuning until 2026-07-28
[2026-07-21 16:17:03] [backtest] NIFTY orb: net ₹-37355 over 250d at 1.46 t/d — tightening but already at filter bound — no further tuning possible
[2026-07-21 16:17:03] [backtest] NIFTY vwap_pullback: v1 already profitable (₹3975/479t) — leaving parameters as-is
[2026-07-21 16:17:03] [backtest] NIFTY ema_mtf: v1 already profitable (₹34935/163t) — leaving parameters as-is
[2026-07-21 16:17:03] [backtest] BANKNIFTY orb: v1 already profitable (₹37995/353t) — leaving parameters as-is
[2026-07-21 16:17:03] [backtest] BANKNIFTY vwap_pullback: v1 already profitable (₹51250/523t) — leaving parameters as-is
[2026-07-21 16:17:03] [backtest] BANKNIFTY ema_mtf: v1 already profitable (₹27036/153t) — leaving parameters as-is
[2026-07-21 16:17:04] [backtest] FINNIFTY orb: v1 already profitable (₹99365/331t) — leaving parameters as-is
[2026-07-21 16:17:04] [backtest] FINNIFTY vwap_pullback: v1 already profitable (₹44111/535t) — leaving parameters as-is
[2026-07-21 16:17:04] [backtest] FINNIFTY ema_mtf: v1 already profitable (₹10548/164t) — leaving parameters as-is
[2026-07-21 16:17:04] [backtest] SENSEX orb: v1 already profitable (₹27459/340t) — leaving parameters as-is
[2026-07-21 16:17:04] [backtest] SENSEX vwap_pullback: v1 already profitable (₹61444/486t) — leaving parameters as-is
[2026-07-21 16:17:04] [backtest] SENSEX ema_mtf: v1 already profitable (₹13758/167t) — leaving parameters as-is
[2026-07-21 16:17:04] [backtest] backtest complete: NIFTY, BANKNIFTY, FINNIFTY, SENSEX
[2026-07-21 16:40:17] [market_data] BANKNIFTY: HTTPSConnectionPool(host='api.dhan.co', port=443): Max retries exceeded with url: /v2/optionchain (Caused by NewConnectionError("HTTPSConnection(host='api.dhan.co', port=443): Failed to establish a new connection: [Errno 51] Network is unreachable"))
[2026-07-21 16:40:20] [market_data] NIFTY: HTTPSConnectionPool(host='api.dhan.co', port=443): Max retries exceeded with url: /v2/optionchain (Caused by NameResolutionError("HTTPSConnection(host='api.dhan.co', port=443): Failed to resolve 'api.dhan.co' ([Errno 8] nodename nor servname provided, or not known)"))
[2026-07-21 16:40:23] [market_data] FINNIFTY: HTTPSConnectionPool(host='api.dhan.co', port=443): Max retries exceeded with url: /v2/optionchain (Caused by NameResolutionError("HTTPSConnection(host='api.dhan.co', port=443): Failed to resolve 'api.dhan.co' ([Errno 8] nodename nor servname provided, or not known)"))
[2026-07-21 16:40:29] [market_data] SENSEX: HTTPSConnectionPool(host='api.dhan.co', port=443): Max retries exceeded with url: /v2/optionchain (Caused by NameResolutionError("HTTPSConnection(host='api.dhan.co', port=443): Failed to resolve 'api.dhan.co' ([Errno 8] nodename nor servname provided, or not known)"))
[2026-07-21 16:42:13] [market_data] BANKNIFTY: HTTPSConnectionPool(host='api.dhan.co', port=443): Max retries exceeded with url: /v2/optionchain (Caused by ConnectTimeoutError(<HTTPSConnection(host='api.dhan.co', port=443) at 0x10d2a7750>, 'Connection to api.dhan.co timed out. (connect timeout=15)'))
[2026-07-21 16:44:43] [market_data] BANKNIFTY: HTTPSConnectionPool(host='api.dhan.co', port=443): Max retries exceeded with url: /v2/optionchain (Caused by NameResolutionError("HTTPSConnection(host='api.dhan.co', port=443): Failed to resolve 'api.dhan.co' ([Errno 8] nodename nor servname provided, or not known)"))
